Zipcode,State,Size (kW DC),Cost,Date Installed,Filters=state=CO
80439,CO,9.045,30500,10/13/2014,,
80526,CO,10.0,,09/01/2015,,
80524,CO,98.52,,06/02/2015,,
80521,CO,91.81,,06/18/2015,,
80525,CO,220.21,,06/03/2015,,
80521,CO,139.08,,04/22/2015,,
80521,CO,544.73,,03/17/2015,,
80521,CO,99.96,,11/01/2014,,
80831,CO,13.55,21000,10/08/2014,,
80127,CO,45.0,141000.0,06/18/2014,,
80005,CO,7.1,20000.0,01/28/2014,,
80401,CO,13.58,22000.0,01/01/2014,,
80523,CO,21.6,,11/01/2013,,
80523,CO,4.23,,04/01/2012,,
80523,CO,54.0,,05/01/2010,,
80523,CO,132.54,,05/01/2010,,
80523,CO,15.75,,05/01/2010,,
80523,CO,3300.0,,12/31/2010,,
80130,CO,3.43,0.0,03/24/2013,,
80401,CO,3.01,22000.0,10/13/1997,,
80209,CO,2.45,5408.0,04/23/2008,,
80401,CO,1.0,2000.0,10/13/1997,,
81005,CO,7.68,18000.0,08/01/2013,,
80401,CO,2.3,5000.0,10/01/2012,,
80301,CO,98.175,,04/03/2009,,
80210,CO,0.5,1000.0,06/02/2013,,
80130,CO,8.4,35196.0,03/03/2013,,
80443,CO,64.9,260249.0,03/02/2013,,
80443,CO,238.95,958189.5,03/01/2013,,
80498,CO,5.76,24134.4,02/28/2013,,
80443,CO,38.35,153783.5,02/27/2013,,
80211,CO,5.28,22123.2,02/26/2013,,
80443,CO,47.2,189272.0,02/25/2013,,
81526,CO,4.66,19525.4,02/24/2013,,
81505,CO,7.11,29790.9,02/23/2013,,
80012,CO,6.37,26690.3,02/22/2013,,
81507,CO,12.74,51087.4,02/21/2013,,
80223,CO,2.88,12528.0,02/20/2013,,
80018,CO,3.36,14616.0,02/20/2013,,
80204,CO,9.31,39008.9,02/15/2013,,
81507,CO,5.39,22584.1,02/14/2013,,
80223,CO,4.655,19504.45,02/11/2013,,
80121,CO,6.86,28743.4,02/06/2013,,
80127,CO,5.15,21578.5,02/05/2013,,
81504,CO,4.9,20531.0,01/31/2013,,
81504,CO,4.9,20531.0,01/31/2013,,
81507,CO,6.96,29162.4,01/31/2013,,
81504,CO,5.15,21578.5,01/28/2013,,
81507,CO,4.41,18477.9,01/22/2013,,
81503,CO,3.19,13876.5,01/22/2013,,
81507,CO,7.11,29790.9,01/18/2013,,
80128,CO,7.6,31844.0,01/17/2013,,
80130,CO,4.41,18477.9,01/17/2013,,
81507,CO,6.86,28743.4,01/15/2013,,
81501,CO,7.11,29790.9,01/14/2013,,
81507,CO,9.31,39008.9,01/10/2013,,
81503,CO,4.41,18477.9,01/10/2013,,
81504,CO,6.615,27716.85,01/07/2013,,
81507,CO,4.41,18477.9,01/07/2013,,
81520,CO,5.88,24637.2,01/03/2013,,
80127,CO,3.68,16008.0,01/03/2013,,
80540,CO,4.9,20531.0,01/03/2013,,
80123,CO,8.09,33897.1,01/03/2013,,
81503,CO,5.15,21578.5,01/01/2013,,
80126,CO,5.39,22584.1,12/27/2012,,
80228,CO,4.9,20531.0,12/20/2012,,
81504,CO,4.17,17472.3,12/19/2012,,
80123,CO,8.57,35908.3,12/18/2012,,
81501,CO,7.84,32849.6,12/14/2012,,
80020,CO,4.66,19525.4,12/11/2012,,
81520,CO,6.48,27151.2,04/10/2013,,
81504,CO,10.56,42345.6,04/05/2013,,
81521,CO,10.8,43308.0,04/03/2013,,
80017,CO,6.0,25140.0,04/01/2013,,
81504,CO,7.44,31173.6,04/01/2013,,
81507,CO,3.84,16704.0,03/28/2013,,
81507,CO,13.92,55819.2,03/28/2013,,
81504,CO,5.28,22123.2,03/19/2013,,
80007,CO,11.76,47157.6,03/15/2013,,
80211,CO,2.4,10440.0,03/14/2013,,
81504,CO,5.76,24134.4,03/12/2013,,
80227,CO,8.16,34190.4,03/08/2013,,
80120,CO,10.08,40420.8,03/06/2013,,
81504,CO,7.2,30168.0,03/05/2013,,
81507,CO,4.32,18100.8,03/01/2013,,
80122,CO,5.04,21117.6,02/28/2013,,
81507,CO,3.36,14616.0,02/28/2013,,
81520,CO,6.0,25140.0,02/27/2013,,
81507,CO,6.24,26145.6,02/21/2013,,
81505,CO,6.72,28156.8,02/20/2013,,
81506,CO,5.04,21117.6,02/20/2013,,
80212,CO,5.52,23128.8,02/15/2013,,
80224,CO,6.24,26145.6,02/14/2013,,
81418,CO,11.52,46195.2,02/11/2013,,
81504,CO,12.0,48120.0,01/31/2013,,
81504,CO,7.44,31173.6,01/31/2013,,
80223,CO,3.84,16704.0,01/28/2013,,
81504,CO,5.28,22123.2,01/22/2013,,
81503,CO,9.36,39218.4,01/18/2013,,
80124,CO,3.6,15660.0,01/17/2013,,
81504,CO,6.24,26145.6,01/17/2013,,
81507,CO,12.48,50044.8,01/15/2013,,
81504,CO,8.64,36201.6,01/15/2013,,
81503,CO,6.48,27151.2,01/14/2013,,
81401,CO,5.76,24134.4,01/10/2013,,
80013,CO,3.6,15660.0,01/10/2013,,
80129,CO,6.24,26145.6,01/07/2013,,
80127,CO,9.36,39218.4,01/03/2013,,
80205,CO,4.32,18100.8,01/03/2013,,
81520,CO,12.0,48120.0,01/01/2013,,
80130,CO,6.0,25140.0,12/21/2012,,
80124,CO,4.8,20112.0,12/20/2012,,
80016,CO,6.72,28156.8,12/20/2012,,
80111,CO,7.44,31173.6,12/19/2012,,
80126,CO,4.08,17095.2,12/14/2012,,
81505,CO,4.56,19106.4,12/11/2012,,
80226,CO,9.6,40224.0,12/07/2012,,
80212,CO,2.64,11484.0,12/07/2012,,
80031,CO,3.84,16704.0,12/05/2012,,
80130,CO,2.16,9396.0,12/05/2012,,
81507,CO,6.24,26145.6,12/04/2012,,
80124,CO,5.28,22123.2,12/03/2012,,
80602,CO,5.76,24134.4,11/29/2012,,
81503,CO,5.76,24134.4,11/28/2012,,
81507,CO,3.36,14616.0,11/26/2012,,
80010,CO,5.52,23128.8,11/26/2012,,
81507,CO,9.36,39218.4,11/16/2012,,
81503,CO,9.36,39218.4,11/14/2012,,
80026,CO,6.48,27151.2,11/13/2012,,
81520,CO,6.24,26145.6,11/09/2012,,
81521,CO,6.24,26145.6,11/09/2012,,
81503,CO,8.88,37207.2,11/08/2012,,
81505,CO,4.8,20112.0,11/07/2012,,
81521,CO,3.6,15660.0,11/01/2012,,
81504,CO,3.84,16704.0,10/31/2012,,
81507,CO,4.41,18477.9,10/30/2012,,
81526,CO,5.76,24134.4,10/30/2012,,
80016,CO,6.24,26145.6,10/30/2012,,
81504,CO,9.84,41229.6,10/26/2012,,
80031,CO,8.4,35196.0,10/25/2012,,
81505,CO,6.24,26145.6,10/21/2012,,
81507,CO,9.6,40224.0,10/18/2012,,
81503,CO,9.6,40224.0,10/17/2012,,
80128,CO,5.28,22123.2,10/17/2012,,
81505,CO,6.24,26145.6,10/16/2012,,
80126,CO,6.24,26145.6,10/12/2012,,
80209,CO,2.4,10440.0,10/12/2012,,
81526,CO,6.72,28156.8,10/12/2012,,
81521,CO,3.84,16704.0,10/10/2012,,
81526,CO,6.24,26145.6,10/09/2012,,
81521,CO,5.76,24134.4,10/09/2012,,
81505,CO,7.44,31173.6,10/09/2012,,
81503,CO,9.6,40224.0,10/03/2012,,
81521,CO,7.2,30168.0,10/03/2012,,
81505,CO,9.84,41229.6,10/03/2012,,
81505,CO,6.24,26145.6,10/02/2012,,
80126,CO,8.4,35196.0,10/01/2012,,
80129,CO,6.24,26145.6,09/26/2012,,
80466,CO,5.39,22584.1,09/25/2012,,
81521,CO,7.68,32179.2,09/24/2012,,
80403,CO,3.19,13876.5,09/21/2012,,
81506,CO,9.6,40224.0,09/21/2012,,
80126,CO,6.86,28743.4,09/20/2012,,
81507,CO,8.4,35196.0,09/19/2012,,
80130,CO,10.0,41900.0,09/19/2012,,
81507,CO,4.08,17095.2,09/18/2012,,
80212,CO,5.28,22123.2,09/18/2012,,
81526,CO,5.04,21117.6,09/17/2012,,
80122,CO,7.92,33184.8,09/13/2012,,
81507,CO,9.84,41229.6,09/12/2012,,
80126,CO,4.08,17095.2,09/12/2012,,
80122,CO,5.28,22123.2,09/12/2012,,
81526,CO,9.56,40056.4,09/11/2012,,
81621,CO,9.31,39008.9,09/10/2012,,
81507,CO,9.84,41229.6,09/05/2012,,
80122,CO,5.28,22123.2,09/04/2012,,
81526,CO,6.24,26145.6,08/29/2012,,
80128,CO,7.44,31173.6,08/27/2012,,
81526,CO,36.0,144360.0,08/23/2012,,
81526,CO,2.25,9787.5,08/23/2012,,
81520,CO,6.24,26145.6,08/23/2012,,
80023,CO,6.5,27235.0,08/22/2012,,
81504,CO,9.36,39218.4,08/20/2012,,
81507,CO,6.37,26690.3,08/17/2012,,
80108,CO,5.88,24637.2,08/17/2012,,
80237,CO,5,20950,08/17/2012,,
80129,CO,7.2,30168.0,08/14/2012,,
80440,CO,9.75,40852.5,08/08/2012,,
81507,CO,9.75,40852.5,08/02/2012,,
81507,CO,7.2,30168.0,08/01/2012,,
80129,CO,8.57,35908.3,07/25/2012,,
80207,CO,2.64,11484.0,07/25/2012,,
81521,CO,3.84,16704.0,07/24/2012,,
81504,CO,6.24,26145.6,07/23/2012,,
81504,CO,6.24,26145.6,07/20/2012,,
80222,CO,2.16,9396.0,07/20/2012,,
80120,CO,9.75,40852.5,07/18/2012,,
80120,CO,5.39,22584.1,07/18/2012,,
80003,CO,6.37,26690.3,07/16/2012,,
80031,CO,5.0,20950.0,07/13/2012,,
80122,CO,9.56,40056.4,07/10/2012,,
81521,CO,7.595,31823.05,07/06/2012,,
80228,CO,7.11,29790.9,07/06/2012,,
80017,CO,6.5,27235,07/05/2012,,
80123,CO,5.64,23631.6,07/02/2012,,
81521,CO,8.57,35908.3,06/29/2012,,
80439,CO,7.25,30377.5,06/29/2012,,
80031,CO,5.5,23045.0,06/26/2012,,
81507,CO,8.82,36955.8,06/22/2012,,
80228,CO,3.0,13050.0,06/21/2012,,
81623,CO,9.75,40852.5,06/19/2012,,
80128,CO,3.0,13050.0,06/14/2012,,
81623,CO,6.0,25140.0,06/12/2012,,
81521,CO,7.35,30796.5,06/12/2012,,
81507,CO,6.86,28743.4,06/12/2012,,
80229,CO,9.0,37710.0,06/11/2012,,
81507,CO,6.5,27235.0,06/07/2012,,
80550,CO,6.0,25140.0,06/06/2012,,
81507,CO,4.5,18855.0,06/06/2012,,
81507,CO,5.88,24637.2,06/04/2012,,
80301,CO,7.0,29330.0,06/04/2012,,
80126,CO,7.5,31425.0,06/01/2012,,
80126,CO,5.75,24092.5,06/01/2012,,
81507,CO,7.84,32849.6,05/31/2012,,
81507,CO,3.19,13876.5,05/31/2012,,
80130,CO,5.5,23045.0,05/30/2012,,
80110,CO,8.75,36662.5,05/30/2012,,
80126,CO,9.6,40224.0,05/25/2012,,
81506,CO,3.19,13876.5,05/25/2012,,
81504,CO,6.5,27235.0,05/24/2012,,
80211,CO,4.25,17807.5,05/24/2012,,
81504,CO,5.5,23045.0,05/24/2012,,
81501,CO,2.21,9613.5,05/23/2012,,
80020,CO,6.5,27235.0,05/22/2012,,
81521,CO,5.5,23045.0,05/22/2012,,
80031,CO,5.0,20950.0,05/21/2012,,
81507,CO,7.5,31425.0,05/17/2012,,
80130,CO,6.37,26690.3,05/16/2012,,
80226,CO,3.25,14137.5,05/14/2012,,
80013,CO,6.5,27235.0,05/11/2012,,
80301,CO,7.75,32472.5,05/10/2012,,
81521,CO,3.19,13876.5,05/10/2012,,
81507,CO,9.75,40852.5,05/09/2012,,
80007,CO,6.25,26187.5,05/08/2012,,
80007,CO,6.5,27235.0,05/08/2012,,
81521,CO,9.75,40852.5,05/08/2012,,
81521,CO,6.5,27235.0,05/07/2012,,
80128,CO,6.37,26690.3,05/04/2012,,
81507,CO,6.5,27235.0,05/03/2012,,
81521,CO,6.0,25140.0,04/30/2012,,
80122,CO,7.75,32472.5,04/30/2012,,
80130,CO,6.5,27235.0,04/30/2012,,
80126,CO,8.5,35615.0,04/30/2012,,
81521,CO,9.0,37710.0,04/27/2012,,
81507,CO,9.75,40852.5,04/27/2012,,
80524,CO,6.5,27235.0,04/25/2012,,
81507,CO,9.75,40852.5,04/25/2012,,
81507,CO,9.0,37710.0,04/23/2012,,
81507,CO,8.0,33520.0,04/20/2012,,
81507,CO,8.25,34567.5,04/19/2012,,
80549,CO,6.75,28282.5,04/16/2012,,
80124,CO,3.445,14985.75,04/13/2012,,
80130,CO,6.0,25140.0,04/13/2012,,
80129,CO,9.75,40852.5,04/13/2012,,
80129,CO,4.0,16760.0,04/13/2012,,
80130,CO,6.5,27235.0,04/12/2012,,
81501,CO,3.25,14137.5,04/12/2012,,
81521,CO,9.75,40852.5,04/11/2012,,
81526,CO,5.25,21997.5,04/05/2012,,
81520,CO,10.0,41900.0,03/30/2012,,
81507,CO,9.75,40852.5,03/30/2012,,
81504,CO,7.5,31425.0,03/29/2012,,
80301,CO,34.5,138345.0,03/29/2012,,
80301,CO,44.16,177081.6,03/29/2012,,
80301,CO,5.52,23128.8,03/29/2012,,
80301,CO,7.59,31802.1,03/29/2012,,
80301,CO,8.28,34693.2,03/29/2012,,
80022,CO,4.5,18855.0,03/28/2012,,
81507,CO,7.25,30377.5,03/28/2012,,
80126,CO,8.75,36662.5,03/26/2012,,
81504,CO,4.0,16760.0,03/26/2012,,
81501,CO,4.5,18855.0,03/23/2012,,
81505,CO,4.5,18855.0,03/22/2012,,
80129,CO,6.75,28282.5,03/19/2012,,
81501,CO,4.0,16760.0,03/16/2012,,
81505,CO,98.9,396589.0,03/16/2012,,
80129,CO,10.0,41900.0,03/15/2012,,
80233,CO,6.0,25140.0,03/14/2012,,
81526,CO,8.25,34567.5,03/14/2012,,
81650,CO,6.5,27235.0,03/08/2012,,
80020,CO,6.75,28282.5,03/07/2012,,
81521,CO,9.5,39805.0,03/05/2012,,
81504,CO,4.5,18855.0,03/05/2012,,
81507,CO,3.75,16312.5,03/01/2012,,
80129,CO,7.75,32472.5,02/24/2012,,
81504,CO,6.0,25140.0,02/24/2012,,
81504,CO,8.5,35615.0,02/24/2012,,
81526,CO,6.5,27235.0,02/24/2012,,
81504,CO,5.25,21997.5,02/22/2012,,
81507,CO,3.25,14137.5,02/21/2012,,
80129,CO,9.75,40852.5,02/21/2012,,
80126,CO,7.5,31425.0,02/17/2012,,
81504,CO,5.0,20950.0,02/17/2012,,
81501,CO,6.5,27235.0,02/17/2012,,
81526,CO,8.09,33897.1,02/14/2012,,
81526,CO,3.19,13876.5,02/14/2012,,
81501,CO,5.0,20950.0,02/13/2012,,
80027,CO,5.39,22584.1,02/13/2012,,
81526,CO,8.09,33897.1,02/13/2012,,
80130,CO,3.5,15225.0,02/08/2012,,
80129,CO,7.5,31425.0,02/02/2012,,
80126,CO,8.5,35615.0,01/31/2012,,
81507,CO,9.5,39805.0,01/30/2012,,
81521,CO,9.5,39805.0,01/30/2012,,
80126,CO,4.5,18855.0,01/30/2012,,
81507,CO,3.25,14137.5,01/26/2012,,
80401,CO,2.0,8700.0,01/26/2012,,
80403,CO,2.0,8700.0,01/26/2012,,
80022,CO,7.5,31425.0,01/26/2012,,
81507,CO,3.25,14137.5,01/26/2012,,
81504,CO,4.5,18855.0,01/23/2012,,
81521,CO,3.5,15225.0,01/19/2012,,
81507,CO,3.5,15225.0,01/19/2012,,
80260,CO,6.0,25140.0,01/13/2012,,
80129,CO,6.5,27235.0,01/13/2012,,
81504,CO,6.0,25140.0,01/13/2012,,
80126,CO,6.5,27235.0,01/06/2012,,
81507,CO,8.0,33520.0,01/06/2012,,
81504,CO,7.5,31425.0,01/06/2012,,
81507,CO,7.0,29330.0,01/04/2012,,
81504,CO,9.75,40852.5,01/03/2012,,
81504,CO,4.5,18855.0,12/30/2011,,
81504,CO,4.0,16760.0,12/30/2011,,
81504,CO,3.5,15225.0,12/28/2011,,
81507,CO,9.75,40852.5,12/27/2011,,
81507,CO,3.5,15225.0,12/23/2011,,
81501,CO,3.0,13050.0,12/21/2011,,
81507,CO,7.5,31425.0,12/21/2011,,
81504,CO,5.75,24092.5,12/20/2011,,
81503,CO,4.5,18855.0,12/19/2011,,
81521,CO,9.75,40852.5,12/19/2011,,
80129,CO,8.25,34567.5,12/15/2011,,
81521,CO,6.5,27235.0,12/13/2011,,
81507,CO,4.5,18855.0,12/13/2011,,
81521,CO,9.75,40852.5,12/12/2011,,
81507,CO,9.75,40852.5,12/09/2011,,
80227,CO,8.25,34567.5,12/09/2011,,
81505,CO,3.0,13050.0,11/28/2011,,
81650,CO,9.75,40852.5,11/14/2011,,
81526,CO,8.09,33897.1,11/07/2011,,
81416,CO,83.72,335717.2,10/10/2011,,
81505,CO,23.92,95919.2,09/28/2011,,
81520,CO,99.65,399596.5,08/10/2011,,
81503,CO,44.16,177081.6,04/20/2011,,
81507,CO,13.92,66676.07,01/03/2013,,
80007,CO,11.27,46058.0,01/07/2013,,
80124,CO,5.76,21336.72,11/23/2012,,
80230,CO,102.9,,08/11/2010,,
80230,CO,109.2,,02/28/2011,,
80461,CO,116.16,,07/05/2012,,
80215,CO,206.31,,01/03/2012,,
80002,CO,209.3,,06/01/2012,,
80215,CO,206.31,,06/01/2012,,
80123,CO,310.96,,03/09/2012,,
80127,CO,68.77,,03/09/2012,,
80227,CO,209.3,,03/09/2012,,
80033,CO,98.67,,03/09/2012,,
80021,CO,92.69,,03/09/2012,,
80228,CO,102.96,,03/01/2011,,
80004,CO,90.48,,03/01/2011,,
80226,CO,93.6,,03/01/2011,,
80127,CO,96.72,,03/01/2011,,
80002,CO,93.6,,03/01/2011,,
80005,CO,99.84,,03/01/2011,,
80127,CO,95.68,,03/01/2011,,
80003,CO,92.69,,03/01/2011,,
80128,CO,93.6,,03/01/2011,,
80401,CO,100.815,,03/01/2011,,
80128,CO,96.72,,03/01/2011,,
80439,CO,45.825,,03/01/2011,,
80004,CO,101.66,,03/01/2011,,
80021,CO,102.96,,03/01/2011,,
80439,CO,100.815,,03/01/2011,,
80005,CO,100.815,,03/01/2011,,
80232,CO,100.815,,03/01/2011,,
80123,CO,100.815,,03/01/2011,,
80227,CO,100.815,,03/01/2011,,
80227,CO,100.815,,03/01/2011,,
80033,CO,102.96,,03/01/2011,,
80021,CO,100.815,,03/01/2011,,
80215,CO,100.815,,03/01/2011,,
80215,CO,100.815,,03/01/2011,,
80235,CO,100.815,,03/01/2011,,
80127,CO,102.96,,03/01/2011,,
80127,CO,102.96,,03/01/2011,,
80620,CO,14.44,,03/05/2012,,
80620,CO,18.62,,03/05/2012,,
80620,CO,40.32,,03/05/2012,,
80631,CO,23.04,,03/05/2012,,
80620,CO,27.74,,03/05/2012,,
80620,CO,9.88,,03/05/2012,,
80620,CO,23.04,,03/05/2012,,
80634,CO,15.96,,03/05/2012,,
80018,CO,8.64,,02/29/2012,,
80018,CO,8.64,,02/29/2012,,
80016,CO,8.64,,03/01/2012,,
80018,CO,25.92,,02/29/2012,,
80019,CO,17.28,,03/01/2012,,
80019,CO,5.76,,02/29/2012,,
80019,CO,8.64,,03/01/2012,,
80018,CO,106.08,,03/01/2012,,
80016,CO,7.2,,02/29/2012,,
80016,CO,6.9,,02/29/2012,,
80018,CO,5.76,,02/29/2012,,
80018,CO,8.64,,02/29/2012,,
80019,CO,12.96,,03/01/2012,,
80019,CO,8.64,,03/01/2012,,
80018,CO,8.64,,02/29/2012,,
80018,CO,25.92,,03/01/2012,,
80018,CO,21.6,,02/29/2012,,
80019,CO,8.64,,02/29/2012,,
80016,CO,8.64,,02/29/2012,,
80019,CO,123.84,,02/29/2012,,
80019,CO,161.28,,03/01/2012,,
80019,CO,112.32,,03/01/2012,,
80403,CO,54.66,,12/22/2011,,
80424,CO,102.12,,08/29/2011,,
80424,CO,31.68,,12/26/2011,,
80424,CO,102.9,,08/28/2011,,
80424,CO,23.04,,12/26/2011,,
80424,CO,8.64,,11/15/2011,,
80424,CO,55.44,,11/23/2011,,
80424,CO,102.9,,08/31/2011,,
80424,CO,39.6,,11/29/2011,,
80640,CO,85.85,,11/14/2011,,
80230,CO,105.84,,06/01/2010,,
81411,CO,1124.0,,12/20/2012,,
81650,CO,858.46,,06/22/2011,,
80012,CO,101.66,,10/14/2010,,
80010,CO,101.66,,09/01/2010,,
80011,CO,101.66,,08/31/2010,,
81647,CO,8.64,,08/17/2012,,
81526,CO,1.68,,09/28/2012,,
81521,CO,5.76,,08/23/2012,,
81520,CO,4.8,,07/26/2012,,
81507,CO,5.04,,09/24/2012,,
81507,CO,9.89,,06/28/2012,,
81506,CO,7.92,,10/08/2012,,
81506,CO,7.92,,08/30/2012,,
81503,CO,3.84,,07/05/2012,,
81005,CO,10.08,,09/27/2012,,
81001,CO,3.6,,09/04/2012,,
80930,CO,5.28,,10/01/2012,,
80930,CO,4.4,,10/01/2012,,
80930,CO,4.4,,10/01/2012,,
80930,CO,3.74,,10/01/2012,,
80930,CO,2.86,,10/01/2012,,
80930,CO,2.86,,10/01/2012,,
80930,CO,2.42,,10/01/2012,,
80930,CO,2.42,,10/01/2012,,
80930,CO,2.42,,10/01/2012,,
80930,CO,2.42,,10/01/2012,,
80930,CO,2.2,,10/01/2012,,
80930,CO,1.98,,10/01/2012,,
80930,CO,9.68,,09/24/2012,,
80930,CO,7.92,,09/24/2012,,
80930,CO,7.92,,09/24/2012,,
80930,CO,5.72,,09/24/2012,,
80930,CO,5.72,,09/24/2012,,
80930,CO,5.5,,09/24/2012,,
80930,CO,4.62,,09/24/2012,,
80930,CO,4.18,,09/24/2012,,
80930,CO,3.3,,09/24/2012,,
80930,CO,3.3,,09/24/2012,,
80930,CO,3.3,,09/24/2012,,
80930,CO,2.86,,09/24/2012,,
80930,CO,2.86,,09/24/2012,,
80930,CO,2.2,,09/24/2012,,
80930,CO,9.9,,09/17/2012,,
80930,CO,7.92,,09/17/2012,,
80930,CO,4.84,,09/17/2012,,
80930,CO,3.96,,09/17/2012,,
80930,CO,3.3,,09/17/2012,,
80930,CO,7.26,,09/11/2012,,
80930,CO,7.26,,09/11/2012,,
80930,CO,6.6,,09/11/2012,,
80930,CO,5.72,,09/11/2012,,
80930,CO,5.5,,09/11/2012,,
80930,CO,5.28,,09/11/2012,,
80930,CO,5.28,,09/11/2012,,
80930,CO,4.84,,09/11/2012,,
80930,CO,3.3,,09/11/2012,,
80930,CO,3.3,,09/11/2012,,
80930,CO,3.3,,09/11/2012,,
80930,CO,2.64,,09/11/2012,,
80651,CO,7.04,,07/25/2012,,
80651,CO,6.72,,07/24/2012,,
80634,CO,9.6,,10/11/2012,,
80634,CO,4.8,,10/11/2012,,
80634,CO,7.2,,10/09/2012,,
80634,CO,9.12,,09/27/2012,,
80634,CO,6.96,,09/12/2012,,
80634,CO,6.72,,08/22/2012,,
80634,CO,4.56,,08/21/2012,,
80634,CO,7.68,,07/27/2012,,
80634,CO,7.92,,07/19/2012,,
80631,CO,4.23,,06/28/2012,,
80620,CO,5.04,,10/02/2012,,
80620,CO,5.17,,09/18/2012,,
80620,CO,5.17,,09/18/2012,,
80620,CO,5.17,,09/18/2012,,
80620,CO,5.17,,09/18/2012,,
80620,CO,5.17,,09/18/2012,,
80620,CO,5.17,,09/18/2012,,
80620,CO,5.17,,09/18/2012,,
80620,CO,5.17,,09/18/2012,,
80620,CO,5.17,,09/18/2012,,
80620,CO,5.17,,09/18/2012,,
80620,CO,5.17,,09/18/2012,,
80620,CO,5.17,,09/18/2012,,
80620,CO,5.17,,09/18/2012,,
80620,CO,5.17,,09/18/2012,,
80620,CO,5.17,,09/18/2012,,
80620,CO,5.17,,09/18/2012,,
80620,CO,5.17,,09/18/2012,,
80620,CO,5.17,,09/18/2012,,
80620,CO,5.17,,09/18/2012,,
80620,CO,5.17,,09/18/2012,,
80620,CO,5.17,,09/18/2012,,
80620,CO,5.17,,09/18/2012,,
80620,CO,5.17,,09/18/2012,,
80620,CO,5.17,,09/18/2012,,
80620,CO,5.17,,09/18/2012,,
80620,CO,5.17,,09/18/2012,,
80620,CO,5.17,,09/18/2012,,
80620,CO,5.17,,09/18/2012,,
80620,CO,5.17,,09/18/2012,,
80620,CO,5.17,,09/18/2012,,
80620,CO,5.17,,09/18/2012,,
80620,CO,5.17,,09/18/2012,,
80620,CO,5.17,,09/18/2012,,
80620,CO,5.17,,09/18/2012,,
80620,CO,5.17,,09/18/2012,,
80620,CO,5.17,,09/18/2012,,
80620,CO,5.17,,09/18/2012,,
80620,CO,5.17,,09/18/2012,,
80620,CO,5.17,,09/18/2012,,
80620,CO,5.17,,08/07/2012,,
80620,CO,5.17,,08/07/2012,,
80620,CO,5.17,,08/07/2012,,
80620,CO,5.17,,08/07/2012,,
80620,CO,5.17,,08/07/2012,,
80620,CO,5.17,,08/07/2012,,
80620,CO,5.17,,08/07/2012,,
80620,CO,5.17,,08/07/2012,,
80620,CO,5.17,,08/07/2012,,
80620,CO,5.17,,08/07/2012,,
80620,CO,5.17,,08/07/2012,,
80620,CO,5.17,,08/07/2012,,
80620,CO,5.17,,08/07/2012,,
80620,CO,5.17,,08/07/2012,,
80620,CO,5.17,,08/07/2012,,
80620,CO,5.17,,08/07/2012,,
80620,CO,7.92,,07/27/2012,,
80615,CO,9.87,,06/28/2012,,
80602,CO,9.36,,10/11/2012,,
80602,CO,11.52,,09/25/2012,,
80602,CO,6.6,,09/11/2012,,
80602,CO,6.0,,09/11/2012,,
80602,CO,4.32,,09/11/2012,,
80602,CO,9.6,,09/07/2012,,
80602,CO,9.36,,08/31/2012,,
80602,CO,8.58,,08/24/2012,,
80602,CO,4.32,,08/22/2012,,
80602,CO,3.36,,08/17/2012,,
80602,CO,4.84,,08/09/2012,,
80602,CO,5.28,,07/24/2012,,
80550,CO,9.36,,09/12/2012,,
80550,CO,5.28,,08/06/2012,,
80549,CO,6.48,,07/25/2012,,
80547,CO,4.23,,06/28/2012,,
80543,CO,5.76,,10/08/2012,,
80542,CO,7.92,,08/23/2012,,
80534,CO,5.76,,09/28/2012,,
80534,CO,5.28,,08/24/2012,,
80534,CO,6.24,,06/28/2012,,
80528,CO,3.12,,09/13/2012,,
80528,CO,3.12,,09/07/2012,,
80526,CO,5.76,,10/01/2012,,
80526,CO,9.84,,09/18/2012,,
80526,CO,3.12,,08/23/2012,,
80526,CO,3.12,,07/03/2012,,
80525,CO,6.93,,09/13/2012,,
80525,CO,3.36,,09/13/2012,,
80525,CO,4.08,,09/07/2012,,
80525,CO,4.32,,08/23/2012,,
80525,CO,12.24,,07/12/2012,,
80524,CO,9.36,,10/05/2012,,
80524,CO,5.28,,10/01/2012,,
80521,CO,3.6,,09/25/2012,,
80521,CO,3.36,,09/13/2012,,
80521,CO,3.36,,09/13/2012,,
80521,CO,1.76,,08/21/2012,,
80521,CO,3.12,,08/14/2012,,
80516,CO,9.36,,10/08/2012,,
80516,CO,5.76,,10/08/2012,,
80516,CO,5.76,,10/01/2012,,
80516,CO,4.8,,09/05/2012,,
80516,CO,4.32,,06/28/2012,,
80513,CO,9.36,,10/05/2012,,
80513,CO,6.24,,08/01/2012,,
80466,CO,5.76,,09/10/2012,,
80465,CO,5.04,,09/18/2012,,
80465,CO,2.88,,08/20/2012,,
80465,CO,2.4,,07/25/2012,,
80465,CO,6.24,,07/20/2012,,
80465,CO,5.04,,07/20/2012,,
80465,CO,6.45,,07/18/2012,,
80465,CO,6.11,,06/28/2012,,
80455,CO,4.23,,08/09/2012,,
80439,CO,2.88,,09/25/2012,,
80439,CO,9.6,,09/20/2012,,
80439,CO,6.72,,09/20/2012,,
80439,CO,3.64,,09/18/2012,,
80439,CO,7.44,,08/23/2012,,
80435,CO,9.36,,07/12/2012,,
80433,CO,7.68,,08/09/2012,,
80403,CO,7.2,,10/11/2012,,
80403,CO,2.82,,08/27/2012,,
80403,CO,3.36,,07/30/2012,,
80403,CO,9.12,,07/23/2012,,
80403,CO,9.84,,07/11/2012,,
80403,CO,5.28,,07/03/2012,,
80403,CO,6.11,,06/28/2012,,
80401,CO,5.28,,08/31/2012,,
80401,CO,5.28,,08/03/2012,,
80401,CO,2.4,,07/23/2012,,
80401,CO,4.8,,06/29/2012,,
80305,CO,5.76,,10/10/2012,,
80305,CO,3.87,,10/01/2012,,
80305,CO,2.4,,09/26/2012,,
80305,CO,3.01,,09/20/2012,,
80305,CO,5.17,,08/28/2012,,
80304,CO,6.72,,09/27/2012,,
80304,CO,9.36,,09/24/2012,,
80303,CO,6.48,,09/13/2012,,
80303,CO,3.12,,07/05/2012,,
80301,CO,6.72,,09/26/2012,,
80260,CO,5.76,,09/07/2012,,
80260,CO,4.32,,08/20/2012,,
80260,CO,5.17,,07/30/2012,,
80249,CO,9.6,,09/28/2012,,
80249,CO,7.92,,09/14/2012,,
80249,CO,2.115,,09/07/2012,,
80249,CO,5.76,,07/12/2012,,
80247,CO,3.6,,10/01/2012,,
80246,CO,4.32,,10/04/2012,,
80241,CO,6.0,,10/11/2012,,
80241,CO,3.84,,09/20/2012,,
80241,CO,5.04,,09/04/2012,,
80241,CO,4.32,,09/04/2012,,
80241,CO,7.2,,08/29/2012,,
80241,CO,10.32,,08/22/2012,,
80239,CO,9.36,,09/26/2012,,
80239,CO,3.36,,08/06/2012,,
80239,CO,5.28,,07/25/2012,,
80239,CO,4.8,,07/16/2012,,
80238,CO,7.2,,10/12/2012,,
80238,CO,6.24,,10/01/2012,,
80238,CO,9.84,,09/21/2012,,
80238,CO,7.68,,09/21/2012,,
80238,CO,8.88,,09/18/2012,,
80238,CO,5.94,,09/05/2012,,
80238,CO,5.52,,09/04/2012,,
80238,CO,3.84,,08/31/2012,,
80238,CO,7.2,,06/28/2012,,
80237,CO,5.64,,09/21/2012,,
80237,CO,5.76,,09/20/2012,,
80237,CO,6.24,,09/13/2012,,
80236,CO,7.2,,08/29/2012,,
80236,CO,9.36,,08/27/2012,,
80236,CO,9.87,,06/28/2012,,
80234,CO,6.72,,09/27/2012,,
80234,CO,6.72,,07/11/2012,,
80233,CO,5.04,,09/17/2012,,
80233,CO,7.2,,09/10/2012,,
80233,CO,3.84,,09/10/2012,,
80233,CO,4.32,,09/05/2012,,
80233,CO,9.36,,08/31/2012,,
80233,CO,3.84,,07/31/2012,,
80232,CO,3.6,,10/12/2012,,
80232,CO,5.52,,08/20/2012,,
80232,CO,4.23,,07/24/2012,,
80231,CO,4.32,,10/02/2012,,
80231,CO,3.36,,07/30/2012,,
80230,CO,3.36,,09/24/2012,,
80230,CO,9.6,,08/02/2012,,
80229,CO,5.76,,09/26/2012,,
80229,CO,4.8,,08/28/2012,,
80229,CO,8.64,,08/22/2012,,
80229,CO,6.24,,08/17/2012,,
80229,CO,4.8,,07/19/2012,,
80228,CO,2.4,,09/28/2012,,
80228,CO,6.96,,09/17/2012,,
80228,CO,6.48,,09/12/2012,,
80228,CO,5.76,,08/31/2012,,
80228,CO,7.2,,08/22/2012,,
80228,CO,6.58,,06/28/2012,,
80227,CO,9.36,,09/26/2012,,
80227,CO,9.36,,09/10/2012,,
80227,CO,9.84,,09/06/2012,,
80227,CO,7.44,,08/01/2012,,
80227,CO,5.04,,07/24/2012,,
80227,CO,2.88,,06/28/2012,,
80226,CO,5.28,,07/25/2012,,
80224,CO,6.665,,07/10/2012,,
80222,CO,7.92,,10/13/2012,,
80222,CO,5.76,,09/11/2012,,
80222,CO,9.6,,07/10/2012,,
80221,CO,6.24,,10/01/2012,,
80221,CO,2.4,,09/13/2012,,
80220,CO,5.28,,09/28/2012,,
80220,CO,2.4,,09/26/2012,,
80220,CO,3.6,,09/20/2012,,
80220,CO,5.28,,08/03/2012,,
80219,CO,2.4,,10/09/2012,,
80219,CO,4.8,,09/05/2012,,
80219,CO,5.76,,07/31/2012,,
80216,CO,3.36,,09/11/2012,,
80215,CO,5.52,,09/26/2012,,
80215,CO,6.24,,09/07/2012,,
80212,CO,5.76,,09/27/2012,,
80212,CO,6.24,,09/04/2012,,
80211,CO,2.4,,10/08/2012,,
80211,CO,2.64,,10/04/2012,,
80211,CO,3.84,,09/27/2012,,
80211,CO,3.6,,09/04/2012,,
80211,CO,4.08,,08/10/2012,,
80210,CO,5.28,,10/03/2012,,
80210,CO,4.32,,10/03/2012,,
80210,CO,2.64,,09/25/2012,,
80210,CO,3.96,,09/12/2012,,
80210,CO,2.4,,09/11/2012,,
80210,CO,9.84,,08/21/2012,,
80210,CO,6.48,,07/30/2012,,
80210,CO,5.28,,07/23/2012,,
80209,CO,3.055,,08/22/2012,,
80207,CO,2.64,,09/10/2012,,
80207,CO,4.56,,08/24/2012,,
80207,CO,3.6,,07/17/2012,,
80206,CO,4.16,,09/10/2012,,
80206,CO,3.3,,08/13/2012,,
80206,CO,4.32,,07/25/2012,,
80205,CO,3.84,,08/21/2012,,
80205,CO,9.84,,08/20/2012,,
80205,CO,2.4,,07/23/2012,,
80204,CO,4.8,,09/24/2012,,
80204,CO,2.64,,09/10/2012,,
80204,CO,3.525,,08/06/2012,,
80203,CO,2.88,,08/27/2012,,
80134,CO,5.28,,09/20/2012,,
80134,CO,9.36,,08/28/2012,,
80130,CO,5.98,,10/05/2012,,
80130,CO,9.36,,09/28/2012,,
80130,CO,5.04,,09/17/2012,,
80130,CO,3.84,,09/06/2012,,
80130,CO,5.28,,08/09/2012,,
80130,CO,6.815,,07/18/2012,,
80129,CO,9.84,,10/14/2012,,
80129,CO,9.36,,10/14/2012,,
80129,CO,9.12,,09/14/2012,,
80129,CO,8.64,,09/11/2012,,
80129,CO,4.8,,09/11/2012,,
80129,CO,3.84,,09/11/2012,,
80129,CO,2.88,,08/30/2012,,
80129,CO,5.28,,08/03/2012,,
80129,CO,9.9,,07/30/2012,,
80129,CO,5.2,,07/26/2012,,
80129,CO,6.24,,07/24/2012,,
80128,CO,5.76,,10/12/2012,,
80128,CO,9.84,,09/28/2012,,
80128,CO,8.64,,09/28/2012,,
80128,CO,5.04,,09/07/2012,,
80128,CO,6.72,,08/29/2012,,
80128,CO,10.56,,08/28/2012,,
80128,CO,3.84,,08/27/2012,,
80128,CO,5.04,,07/10/2012,,
80127,CO,5.28,,09/27/2012,,
80127,CO,6.24,,09/04/2012,,
80127,CO,6.48,,08/28/2012,,
80127,CO,9.84,,08/23/2012,,
80127,CO,5.52,,08/22/2012,,
80127,CO,7.2,,07/11/2012,,
80127,CO,5.04,,07/11/2012,,
80127,CO,3.84,,06/29/2012,,
80126,CO,9.36,,10/11/2012,,
80126,CO,5.04,,10/11/2012,,
80126,CO,9.36,,10/10/2012,,
80126,CO,8.64,,09/20/2012,,
80126,CO,3.44,,09/17/2012,,
80126,CO,4.84,,09/11/2012,,
80126,CO,6.76,,08/07/2012,,
80126,CO,3.84,,07/23/2012,,
80126,CO,9.84,,07/18/2012,,
80126,CO,4.8,,07/18/2012,,
80126,CO,5.76,,07/13/2012,,
80126,CO,3.36,,07/12/2012,,
80126,CO,8.46,,07/06/2012,,
80125,CO,4.32,,09/05/2012,,
80125,CO,6.16,,06/28/2012,,
80124,CO,4.08,,09/26/2012,,
80124,CO,3.01,,09/25/2012,,
80124,CO,3.01,,09/12/2012,,
80124,CO,3.01,,09/05/2012,,
80123,CO,9.36,,10/04/2012,,
80123,CO,4.32,,09/27/2012,,
80123,CO,7.2,,09/13/2012,,
80123,CO,5.28,,08/24/2012,,
80123,CO,3.52,,08/20/2012,,
80123,CO,5.76,,08/09/2012,,
80123,CO,3.12,,08/06/2012,,
80123,CO,6.24,,07/25/2012,,
80122,CO,8.64,,10/12/2012,,
80122,CO,9.36,,10/05/2012,,
80122,CO,7.92,,10/04/2012,,
80122,CO,8.64,,09/27/2012,,
80122,CO,9.12,,07/02/2012,,
80121,CO,6.0,,09/27/2012,,
80121,CO,3.36,,09/25/2012,,
80121,CO,2.88,,08/07/2012,,
80120,CO,8.64,,10/11/2012,,
80120,CO,4.56,,09/18/2012,,
80113,CO,2.88,,09/08/2012,,
80112,CO,7.68,,10/12/2012,,
80112,CO,4.8,,09/19/2012,,
80112,CO,3.12,,08/14/2012,,
80111,CO,9.36,,09/07/2012,,
80111,CO,6.58,,09/05/2012,,
80111,CO,7.92,,07/16/2012,,
80110,CO,5.64,,09/26/2012,,
80110,CO,5.04,,08/30/2012,,
80110,CO,3.12,,08/10/2012,,
80108,CO,9.36,,07/27/2012,,
80104,CO,6.72,,09/20/2012,,
80033,CO,5.28,,10/01/2012,,
80031,CO,3.12,,10/04/2012,,
80031,CO,2.4,,08/30/2012,,
80031,CO,2.88,,08/01/2012,,
80027,CO,4.32,,10/05/2012,,
80027,CO,4.84,,09/11/2012,,
80027,CO,4.08,,09/11/2012,,
80027,CO,3.12,,08/27/2012,,
80027,CO,6.58,,07/25/2012,,
80027,CO,6.72,,07/11/2012,,
80026,CO,9.36,,10/12/2012,,
80026,CO,7.54,,10/05/2012,,
80026,CO,4.32,,10/05/2012,,
80026,CO,5.52,,09/26/2012,,
80026,CO,3.36,,08/31/2012,,
80026,CO,2.88,,08/20/2012,,
80026,CO,2.88,,08/20/2012,,
80026,CO,4.8,,08/01/2012,,
80023,CO,5.76,,08/20/2012,,
80023,CO,5.04,,08/15/2012,,
80022,CO,3.525,,09/05/2012,,
80021,CO,4.8,,10/09/2012,,
80021,CO,3.44,,09/28/2012,,
80021,CO,9.9,,09/26/2012,,
80021,CO,4.08,,09/17/2012,,
80021,CO,8.64,,08/31/2012,,
80021,CO,5.28,,08/27/2012,,
80021,CO,6.72,,07/26/2012,,
80021,CO,5.04,,07/25/2012,,
80021,CO,7.92,,07/11/2012,,
80021,CO,4.08,,07/02/2012,,
80020,CO,6.48,,10/05/2012,,
80020,CO,4.08,,10/02/2012,,
80020,CO,3.84,,09/26/2012,,
80020,CO,3.96,,09/12/2012,,
80020,CO,7.92,,09/10/2012,,
80020,CO,6.16,,09/10/2012,,
80020,CO,3.12,,08/30/2012,,
80020,CO,5.28,,08/28/2012,,
80020,CO,6.72,,08/22/2012,,
80020,CO,6.72,,08/20/2012,,
80020,CO,3.6,,08/02/2012,,
80020,CO,6.0,,07/10/2012,,
80020,CO,4.32,,07/02/2012,,
80020,CO,9.68,,06/29/2012,,
80020,CO,3.29,,06/28/2012,,
80018,CO,4.56,,09/25/2012,,
80018,CO,7.48,,08/22/2012,,
80017,CO,3.84,,09/20/2012,,
80017,CO,5.28,,09/18/2012,,
80017,CO,9.36,,09/11/2012,,
80017,CO,5.76,,08/17/2012,,
80017,CO,8.64,,08/15/2012,,
80017,CO,8.64,,07/27/2012,,
80017,CO,5.04,,07/24/2012,,
80017,CO,6.24,,07/16/2012,,
80016,CO,9.6,,10/12/2012,,
80016,CO,9.6,,10/02/2012,,
80016,CO,5.72,,10/02/2012,,
80016,CO,5.28,,09/27/2012,,
80016,CO,6.24,,09/26/2012,,
80016,CO,9.84,,09/25/2012,,
80016,CO,4.08,,09/24/2012,,
80016,CO,6.24,,09/21/2012,,
80016,CO,5.76,,09/10/2012,,
80016,CO,2.64,,09/10/2012,,
80016,CO,9.36,,09/07/2012,,
80016,CO,6.24,,09/07/2012,,
80016,CO,5.76,,09/04/2012,,
80016,CO,15.84,,08/28/2012,,
80016,CO,6.16,,08/28/2012,,
80016,CO,6.24,,08/23/2012,,
80016,CO,4.8,,08/23/2012,,
80016,CO,6.72,,08/21/2012,,
80016,CO,7.92,,08/16/2012,,
80016,CO,2.64,,08/16/2012,,
80016,CO,7.2,,08/09/2012,,
80016,CO,6.24,,08/09/2012,,
80016,CO,6.0,,08/03/2012,,
80016,CO,9.89,,07/26/2012,,
80016,CO,6.24,,07/25/2012,,
80016,CO,8.88,,07/11/2012,,
80016,CO,4.8,,07/11/2012,,
80016,CO,7.92,,07/06/2012,,
80016,CO,9.9,,07/02/2012,,
80015,CO,4.8,,10/03/2012,,
80014,CO,4.32,,09/18/2012,,
80013,CO,3.6,,10/04/2012,,
80013,CO,6.72,,09/27/2012,,
80013,CO,9.6,,09/25/2012,,
80013,CO,6.48,,09/24/2012,,
80013,CO,6.5,,09/17/2012,,
80013,CO,5.76,,09/12/2012,,
80013,CO,3.6,,09/11/2012,,
80013,CO,6.72,,09/10/2012,,
80013,CO,6.48,,09/04/2012,,
80013,CO,8.4,,08/31/2012,,
80013,CO,5.28,,08/21/2012,,
80013,CO,3.76,,08/16/2012,,
80013,CO,6.72,,08/09/2012,,
80013,CO,9.36,,07/27/2012,,
80013,CO,4.8,,07/25/2012,,
80012,CO,4.16,,10/12/2012,,
80012,CO,2.88,,10/12/2012,,
80012,CO,223.015,,10/08/2012,,
80012,CO,4.94,,10/05/2012,,
80012,CO,5.04,,10/01/2012,,
80012,CO,3.84,,09/29/2012,,
80012,CO,4.8,,08/30/2012,,
80012,CO,3.36,,08/09/2012,,
80012,CO,7.92,,07/24/2012,,
80011,CO,8.64,,10/12/2012,,
80011,CO,5.52,,10/02/2012,,
80011,CO,2.16,,09/14/2012,,
80011,CO,9.36,,07/16/2012,,
80011,CO,7.92,,07/02/2012,,
80010,CO,4.8,,09/17/2012,,
80010,CO,3.12,,08/23/2012,,
80010,CO,7.28,,07/16/2012,,
80007,CO,10.56,,08/20/2012,,
80005,CO,4.8,,10/04/2012,,
80005,CO,6.48,,09/26/2012,,
80005,CO,8.64,,09/18/2012,,
80005,CO,6.24,,09/14/2012,,
80005,CO,5.52,,09/07/2012,,
80005,CO,6.24,,09/04/2012,,
80005,CO,7.92,,08/06/2012,,
80005,CO,6.24,,07/30/2012,,
80005,CO,7.2,,07/24/2012,,
80005,CO,7.8,,07/21/2012,,
80005,CO,4.8,,07/10/2012,,
80005,CO,7.68,,07/06/2012,,
80005,CO,6.72,,07/02/2012,,
80004,CO,5.72,,09/28/2012,,
80004,CO,10.08,,08/17/2012,,
80004,CO,7.2,,08/09/2012,,
80004,CO,9.12,,08/06/2012,,
80004,CO,7.92,,07/27/2012,,
80004,CO,6.24,,07/03/2012,,
80004,CO,5.28,,07/02/2012,,
80003,CO,8.36,,10/04/2012,,
80003,CO,6.72,,09/18/2012,,
80003,CO,3.84,,09/10/2012,,
80003,CO,3.12,,09/05/2012,,
80003,CO,4.8,,08/09/2012,,
80003,CO,5.46,,08/08/2012,,
80003,CO,8.46,,08/06/2012,,
80003,CO,7.2,,07/11/2012,,
80002,CO,6.58,,06/28/2012,,
80002,CO,6.11,,06/28/2012,,
80516,CO,5.56,36558.0,02/01/2009,,
80027,CO,1083.0,,12/31/2009,,
80018,CO,1120.0,7300000.0,05/15/2010,,
80211,CO,2.35,16974.0,10/18/2010,,
80027,CO,2.464,0.0,04/15/2009,,
80401,CO,6.0,44000.0,07/20/2012,,
80234,CO,329.94,,02/13/2012,,
80226,CO,278.005,,01/17/2012,,
80215,CO,6.11,,02/16/2012,,
80130,CO,308.555,,01/03/2012,,
80031,CO,329.94,,01/19/2012,,
80026,CO,403.26,,02/13/2012,,
80003,CO,366.6,,01/17/2012,,
81652,CO,5.64,,01/26/2012,,
81521,CO,5.64,,01/04/2012,,
80651,CO,10.105,,01/11/2011,,
80651,CO,6.93,,07/29/2011,,
80651,CO,6.45,,11/03/2011,,
80651,CO,6.3,,01/04/2011,,
80645,CO,11.28,,07/08/2011,,
80645,CO,6.93,,12/30/2010,,
80634,CO,9.87,,01/07/2011,,
80634,CO,9.03,,08/18/2011,,
80634,CO,8.385,,08/09/2011,,
80634,CO,7.99,,11/28/2011,,
80634,CO,7.74,,02/06/2012,,
80634,CO,7.05,,05/24/2011,,
80634,CO,6.93,,04/26/2011,,
80634,CO,6.58,,03/28/2011,,
80634,CO,6.45,,10/17/2011,,
80634,CO,6.21,,08/17/2011,,
80634,CO,5.64,,03/14/2011,,
80634,CO,4.7,,03/30/2011,,
80634,CO,4.23,,01/23/2012,,
80631,CO,9.675,,01/25/2012,,
80631,CO,9.165,,05/24/2011,,
80631,CO,8.28,,08/25/2011,,
80631,CO,4.725,,11/30/2010,,
80620,CO,5.64,,04/27/2011,,
80620,CO,3.225,,12/30/2011,,
80615,CO,9.45,,04/13/2011,,
80602,CO,8.46,,05/18/2011,,
80602,CO,6.3,,05/02/2011,,
80602,CO,5.64,,01/19/2012,,
80602,CO,5.17,,07/13/2011,,
80602,CO,4.7,,09/29/2011,,
80550,CO,9.4,,02/10/2012,,
80547,CO,7.755,,11/15/2011,,
80546,CO,8.19,,04/26/2011,,
80546,CO,5.17,,04/28/2011,,
80543,CO,9.87,,04/13/2011,,
80543,CO,8.46,,05/02/2011,,
80543,CO,4.3,,08/12/2011,,
80534,CO,5.17,,01/28/2011,,
80534,CO,5.16,,08/30/2011,,
80521,CO,4.2,,02/25/2011,,
80516,CO,9.675,,01/12/2011,,
80516,CO,7.56,,02/04/2011,,
80516,CO,7.56,,02/07/2011,,
80516,CO,5.64,,02/01/2012,,
80516,CO,5.25,,09/07/2010,,
80516,CO,4.14,,07/18/2011,,
80516,CO,3.78,,02/09/2011,,
80516,CO,2.365,,12/03/2010,,
80504,CO,3.01,,10/05/2011,,
80503,CO,8.82,,06/24/2011,,
80503,CO,8.46,,06/30/2011,,
80503,CO,1.88,,12/28/2011,,
80498,CO,6.02,,10/05/2011,,
80465,CO,4.23,,06/30/2011,,
80465,CO,4.23,,09/27/2011,,
80439,CO,9.87,,01/23/2012,,
80439,CO,5.06,,09/30/2011,,
80439,CO,2.585,,07/14/2011,,
80403,CO,15.54,,01/18/2011,,
80403,CO,9.87,,05/26/2011,,
80403,CO,8.82,,09/01/2010,,
80403,CO,8.28,,08/26/2011,,
80403,CO,7.755,,03/01/2011,,
80403,CO,7.755,,05/24/2011,,
80403,CO,7.74,,01/24/2011,,
80403,CO,6.3,,04/08/2011,,
80403,CO,6.11,,12/13/2011,,
80403,CO,5.6,,09/02/2010,,
80403,CO,5.16,,01/06/2012,,
80403,CO,2.585,,02/09/2012,,
80401,CO,9.87,,05/17/2011,,
80401,CO,8.46,,03/08/2011,,
80401,CO,8.19,,12/14/2010,,
80401,CO,8.19,,10/10/2011,,
80401,CO,7.755,,11/01/2011,,
80401,CO,4.7,,01/19/2011,,
80401,CO,4.62,,01/19/2011,,
80401,CO,4.14,,12/22/2011,,
80401,CO,3.99,,09/08/2011,,
80401,CO,2.99,,11/10/2011,,
80305,CO,4.2,,01/05/2011,,
80305,CO,3.225,,02/16/2011,,
80304,CO,5.88,,07/29/2011,,
80304,CO,5.04,,06/30/2011,,
80304,CO,4.23,,05/12/2011,,
80303,CO,8.385,,08/31/2011,,
80303,CO,5.88,,10/26/2010,,
80303,CO,3.76,,11/08/2011,,
80303,CO,3.36,,09/02/2011,,
80303,CO,2.76,,08/11/2011,,
80303,CO,2.585,,12/14/2011,,
80303,CO,2.3,,02/22/2012,,
80302,CO,4.2,,02/07/2011,,
80301,CO,8.385,,08/08/2011,,
80301,CO,4.2,,05/23/2011,,
80301,CO,4.14,,08/17/2011,,
80301,CO,3.055,,03/11/2011,,
80249,CO,9.45,,02/16/2011,,
80249,CO,7.755,,02/16/2012,,
80249,CO,6.93,,08/22/2011,,
80249,CO,4.14,,07/13/2011,,
80249,CO,3.87,,07/25/2011,,
80247,CO,5.98,,10/26/2011,,
80247,CO,5.04,,04/01/2011,,
80246,CO,5.64,,02/11/2011,,
80246,CO,4.62,,11/16/2010,,
80241,CO,6.11,,10/05/2011,,
80241,CO,5.04,,05/20/2011,,
80239,CO,5.64,,08/16/2011,,
80239,CO,5.64,,11/09/2011,,
80238,CO,7.99,,02/17/2012,,
80238,CO,7.755,,11/10/2011,,
80238,CO,7.095,,07/13/2011,,
80238,CO,7.095,,09/14/2011,,
80238,CO,6.93,,05/31/2011,,
80238,CO,6.345,,12/07/2011,,
80238,CO,6.02,,07/27/2011,,
80238,CO,5.67,,04/22/2011,,
80238,CO,5.67,,05/26/2011,,
80238,CO,5.64,,01/28/2011,,
80238,CO,5.16,,04/26/2011,,
80238,CO,4.945,,05/12/2011,,
80238,CO,4.73,,08/15/2011,,
80238,CO,4.7,,10/19/2011,,
80238,CO,4.62,,02/28/2011,,
80238,CO,4.2,,08/31/2010,,
80237,CO,7.755,,07/15/2011,,
80234,CO,6.58,,04/27/2011,,
80234,CO,4.14,,09/02/2011,,
80233,CO,6.02,,10/28/2011,,
80233,CO,3.87,,09/23/2011,,
80233,CO,3.78,,01/24/2011,,
80233,CO,3.225,,10/26/2011,,
80232,CO,7.755,,04/27/2011,,
80230,CO,9.45,,01/28/2011,,
80230,CO,7.56,,05/23/2011,,
80230,CO,5.88,,11/08/2010,,
80230,CO,5.64,,12/30/2011,,
80230,CO,5.16,,09/17/2010,,
80230,CO,5.04,,03/16/2011,,
80230,CO,4.935,,06/30/2011,,
80230,CO,4.7,,08/31/2011,,
80229,CO,7.05,,04/13/2011,,
80229,CO,7.05,,01/17/2012,,
80228,CO,8.46,,02/23/2011,,
80228,CO,7.99,,08/02/2011,,
80228,CO,7.56,,12/13/2010,,
80228,CO,6.58,,02/27/2012,,
80228,CO,4.83,,06/08/2011,,
80228,CO,3.055,,02/14/2012,,
80227,CO,4.23,,03/30/2011,,
80227,CO,4.23,,01/27/2012,,
80227,CO,3.44,,08/15/2011,,
80227,CO,3.36,,02/28/2011,,
80227,CO,3.055,,01/27/2011,,
80227,CO,2.1,,09/12/2011,,
80226,CO,3.99,,06/27/2011,,
80224,CO,5.17,,10/24/2011,,
80224,CO,4.83,,11/08/2010,,
80223,CO,2.52,,04/29/2011,,
80222,CO,6.11,,01/23/2012,,
80222,CO,4.935,,01/11/2012,,
80222,CO,4.7,,05/31/2011,,
80222,CO,3.15,,05/02/2011,,
80221,CO,5.88,,05/02/2011,,
80221,CO,5.52,,09/14/2011,,
80221,CO,1.72,,08/17/2011,,
80220,CO,5.59,,09/06/2011,,
80220,CO,4.7,,05/03/2011,,
80219,CO,4.62,,06/22/2011,,
80219,CO,4.2,,08/12/2011,,
80219,CO,3.055,,02/16/2011,,
80219,CO,3.055,,04/20/2011,,
80215,CO,5.64,,07/11/2011,,
80215,CO,5.64,,08/12/2011,,
80215,CO,3.055,,04/26/2011,,
80214,CO,7.56,,11/18/2010,,
80212,CO,9.4,,02/06/2012,,
80212,CO,4.92,,08/20/2010,,
80212,CO,4.3,,08/12/2011,,
80212,CO,4.23,,02/11/2011,,
80212,CO,2.76,,12/22/2011,,
80211,CO,9.87,,02/23/2011,,
80211,CO,7.77,,07/28/2011,,
80211,CO,4.3,,09/29/2011,,
80211,CO,4.23,,03/02/2011,,
80211,CO,3.29,,02/10/2012,,
80211,CO,3.055,,01/03/2012,,
80210,CO,2.365,,08/24/2011,,
80209,CO,5.64,,11/14/2011,,
80209,CO,2.99,,09/30/2011,,
80207,CO,4.2,,12/28/2010,,
80207,CO,3.68,,01/20/2012,,
80206,CO,7.05,,10/12/2011,,
80205,CO,1.4,,09/21/2011,,
80204,CO,3.225,,09/15/2011,,
80201,CO,10.92,,11/29/2010,,
80201,CO,8.46,,08/22/2011,,
80201,CO,7.095,,08/27/2010,,
80201,CO,6.3,,03/04/2011,,
80201,CO,6.09,,08/18/2010,,
80201,CO,5.805,,09/07/2010,,
80201,CO,5.805,,06/27/2011,,
80201,CO,5.59,,09/29/2010,,
80201,CO,4.2,,01/07/2011,,
80201,CO,3.78,,11/18/2010,,
80201,CO,3.68,,01/25/2012,,
80201,CO,3.29,,09/17/2010,,
80201,CO,2.58,,11/16/2010,,
80201,CO,2.58,,11/16/2010,,
80137,CO,2.76,,10/25/2011,,
80130,CO,7.755,,03/11/2011,,
80130,CO,7.74,,04/15/2011,,
80130,CO,7.095,,01/30/2012,,
80130,CO,6.11,,01/24/2011,,
80130,CO,5.17,,06/01/2011,,
80130,CO,5.16,,11/05/2010,,
80130,CO,4.3,,02/14/2012,,
80130,CO,3.78,,12/17/2010,,
80130,CO,3.76,,05/16/2011,,
80130,CO,3.36,,12/15/2010,,
80129,CO,8.19,,11/09/2010,,
80129,CO,7.755,,05/16/2011,,
80129,CO,7.56,,02/16/2011,,
80129,CO,6.3,,08/23/2011,,
80129,CO,5.88,,08/30/2011,,
80129,CO,5.805,,08/25/2010,,
80129,CO,5.64,,02/07/2011,,
80129,CO,4.7,,07/25/2011,,
80129,CO,3.76,,08/10/2011,,
80129,CO,3.225,,02/23/2012,,
80128,CO,9.87,,03/28/2011,,
80128,CO,7.52,,05/13/2011,,
80128,CO,4.23,,03/02/2012,,
80127,CO,9.87,,08/31/2011,,
80127,CO,8.46,,04/25/2011,,
80127,CO,7.14,,10/29/2010,,
80127,CO,6.88,,06/09/2011,,
80127,CO,6.11,,03/14/2011,,
80127,CO,5.67,,09/20/2011,,
80127,CO,5.16,,02/06/2012,,
80127,CO,5.04,,03/23/2011,,
80127,CO,4.73,,12/13/2011,,
80127,CO,1.935,,01/23/2012,,
80126,CO,9.165,,06/07/2011,,
80126,CO,9.165,,02/27/2012,,
80126,CO,8.4,,08/17/2011,,
80126,CO,7.74,,11/15/2010,,
80126,CO,6.93,,11/23/2010,,
80126,CO,6.93,,09/01/2011,,
80126,CO,6.45,,12/02/2011,,
80126,CO,5.64,,11/10/2011,,
80126,CO,5.16,,09/01/2011,,
80126,CO,4.7,,11/09/2011,,
80126,CO,4.3,,11/11/2010,,
80126,CO,4.23,,04/27/2011,,
80126,CO,4.23,,11/29/2011,,
80126,CO,4.2,,03/24/2011,,
80126,CO,4.14,,08/04/2011,,
80126,CO,3.76,,02/15/2011,,
80126,CO,3.01,,07/27/2011,,
80126,CO,2.52,,12/15/2010,,
80125,CO,9.66,,03/30/2011,,
80125,CO,8.28,,09/30/2011,,
80125,CO,8.19,,06/28/2011,,
80124,CO,6.3,,05/31/2011,,
80124,CO,4.23,,05/18/2011,,
80124,CO,3.225,,12/21/2011,,
80123,CO,4.62,,11/24/2010,,
80123,CO,4.14,,12/30/2010,,
80122,CO,7.77,,03/14/2011,,
80122,CO,7.52,,02/15/2011,,
80122,CO,6.11,,04/04/2011,,
80122,CO,5.06,,10/17/2011,,
80122,CO,4.23,,01/09/2012,,
80122,CO,4.2,,10/12/2011,,
80122,CO,2.795,,12/01/2011,,
80121,CO,9.165,,10/31/2011,,
80121,CO,8.46,,08/31/2011,,
80121,CO,5.64,,01/11/2012,,
80120,CO,7.59,,07/20/2011,,
80120,CO,6.93,,01/24/2011,,
80120,CO,6.51,,11/29/2010,,
80120,CO,6.3,,01/04/2011,,
80120,CO,5.17,,06/22/2011,,
80120,CO,5.04,,02/04/2011,,
80120,CO,4.73,,08/29/2011,,
80120,CO,4.3,,11/22/2010,,
80120,CO,4.14,,08/22/2011,,
80120,CO,3.78,,01/04/2011,,
80113,CO,8.82,,04/07/2011,,
80113,CO,5.88,,02/16/2011,,
80112,CO,6.3,,12/03/2010,,
80112,CO,6.11,,04/26/2011,,
80111,CO,6.93,,10/12/2010,,
80111,CO,5.64,,09/23/2010,,
80111,CO,5.64,,12/01/2011,,
80111,CO,4.41,,08/22/2011,,
80111,CO,3.78,,01/13/2011,,
80111,CO,2.82,,04/20/2011,,
80108,CO,5.64,,03/09/2011,,
80033,CO,10.08,,04/28/2011,,
80033,CO,4.23,,11/22/2011,,
80033,CO,2.53,,09/16/2011,,
80031,CO,11.825,,12/10/2010,,
80031,CO,6.11,,04/12/2011,,
80031,CO,4.2,,09/09/2011,,
80031,CO,3.87,,01/06/2012,,
80030,CO,9.165,,10/04/2011,,
80030,CO,8.385,,10/11/2011,,
80030,CO,8.225,,05/19/2011,,
80030,CO,6.235,,10/14/2010,,
80030,CO,4.7,,02/15/2011,,
80027,CO,7.755,,04/27/2011,,
80027,CO,6.45,,11/11/2011,,
80027,CO,6.11,,02/22/2012,,
80027,CO,5.52,,08/31/2011,,
80027,CO,5.52,,09/10/2011,,
80027,CO,5.04,,12/09/2010,,
80027,CO,5.04,,01/27/2011,,
80027,CO,4.945,,08/16/2011,,
80027,CO,4.7,,02/21/2012,,
80027,CO,2.73,,03/31/2011,,
80026,CO,9.89,,09/13/2011,,
80026,CO,7.755,,03/17/2011,,
80026,CO,6.45,,11/18/2011,,
80026,CO,6.11,,12/21/2011,,
80026,CO,5.52,,09/06/2011,,
80026,CO,5.405,,02/15/2011,,
80026,CO,5.04,,01/07/2011,,
80026,CO,4.7,,03/02/2011,,
80026,CO,4.62,,09/01/2010,,
80026,CO,3.675,,08/26/2010,,
80026,CO,3.36,,11/12/2010,,
80026,CO,3.055,,07/13/2011,,
80023,CO,7.31,,08/12/2011,,
80022,CO,3.29,,12/05/2011,,
80021,CO,9.165,,04/25/2011,,
80021,CO,8.19,,06/02/2011,,
80021,CO,7.0,,12/14/2010,,
80021,CO,6.45,,07/20/2011,,
80021,CO,6.345,,03/31/2011,,
80021,CO,6.345,,01/20/2012,,
80021,CO,5.88,,02/11/2011,,
80021,CO,5.64,,04/22/2011,,
80021,CO,5.04,,05/04/2011,,
80021,CO,4.2,,08/15/2011,,
80021,CO,3.78,,06/17/2011,,
80021,CO,3.36,,12/27/2010,,
80020,CO,9.87,,02/16/2011,,
80020,CO,9.87,,01/27/2012,,
80020,CO,7.56,,01/07/2011,,
80020,CO,7.05,,01/31/2011,,
80020,CO,6.93,,04/04/2011,,
80020,CO,6.3,,10/29/2010,,
80020,CO,6.235,,09/30/2011,,
80020,CO,6.125,,09/09/2010,,
80020,CO,5.64,,02/15/2011,,
80020,CO,5.64,,03/29/2011,,
80020,CO,5.64,,08/18/2011,,
80020,CO,5.64,,10/28/2011,,
80020,CO,5.52,,07/20/2011,,
80020,CO,5.17,,04/01/2011,,
80020,CO,5.06,,07/25/2011,,
80020,CO,5.04,,02/07/2011,,
80020,CO,3.87,,08/08/2011,,
80020,CO,3.78,,04/26/2011,,
80020,CO,2.94,,10/05/2010,,
80018,CO,9.87,,02/24/2012,,
80018,CO,5.04,,03/28/2011,,
80018,CO,4.73,,08/24/2010,,
80018,CO,2.585,,07/26/2011,,
80017,CO,6.11,,12/21/2011,,
80017,CO,5.52,,08/02/2011,,
80017,CO,3.78,,02/04/2011,,
80017,CO,3.36,,06/09/2011,,
80017,CO,3.29,,09/27/2010,,
80016,CO,10.965,,12/29/2010,,
80016,CO,9.87,,06/30/2011,,
80016,CO,9.24,,06/24/2011,,
80016,CO,9.2,,07/26/2011,,
80016,CO,9.165,,04/12/2011,,
80016,CO,9.03,,10/12/2011,,
80016,CO,8.46,,11/11/2010,,
80016,CO,8.46,,06/15/2011,,
80016,CO,8.28,,08/10/2011,,
80016,CO,8.28,,09/19/2011,,
80016,CO,7.755,,05/13/2011,,
80016,CO,7.755,,06/07/2011,,
80016,CO,7.755,,08/17/2011,,
80016,CO,7.755,,01/06/2012,,
80016,CO,7.56,,02/28/2011,,
80016,CO,5.52,,08/12/2011,,
80016,CO,5.16,,02/27/2012,,
80016,CO,5.06,,08/15/2011,,
80016,CO,3.76,,04/28/2011,,
80015,CO,9.4,,04/13/2011,,
80015,CO,9.165,,03/29/2011,,
80015,CO,5.98,,08/12/2011,,
80015,CO,4.23,,11/22/2011,,
80015,CO,3.78,,06/28/2011,,
80014,CO,7.755,,08/05/2011,,
80014,CO,5.98,,06/27/2011,,
80014,CO,5.98,,08/02/2011,,
80014,CO,4.23,,04/12/2011,,
80014,CO,2.82,,08/15/2011,,
80013,CO,9.87,,08/05/2011,,
80013,CO,7.05,,03/23/2011,,
80013,CO,6.11,,02/18/2011,,
80013,CO,5.67,,11/02/2011,,
80013,CO,5.52,,10/26/2011,,
80013,CO,4.23,,03/02/2011,,
80013,CO,3.78,,05/24/2011,,
80013,CO,3.76,,10/11/2011,,
80013,CO,3.29,,01/19/2012,,
80012,CO,9.165,,04/11/2011,,
80012,CO,6.3,,03/28/2011,,
80012,CO,5.16,,12/07/2010,,
80012,CO,4.73,,11/19/2010,,
80012,CO,3.055,,05/13/2011,,
80010,CO,5.64,,06/08/2011,,
80010,CO,4.23,,04/11/2011,,
80010,CO,4.23,,11/28/2011,,
80010,CO,3.87,,09/07/2010,,
80007,CO,9.4,,05/09/2011,,
80007,CO,7.59,,08/04/2011,,
80007,CO,6.58,,12/19/2011,,
80005,CO,9.4,,04/14/2011,,
80005,CO,8.82,,03/29/2011,,
80005,CO,6.93,,12/27/2010,,
80005,CO,6.45,,09/22/2011,,
80005,CO,6.45,,11/10/2011,,
80005,CO,5.875,,09/16/2011,,
80005,CO,5.17,,01/27/2011,,
80005,CO,5.17,,12/21/2011,,
80005,CO,5.06,,08/23/2011,,
80005,CO,5.04,,04/08/2011,,
80005,CO,4.73,,09/27/2010,,
80005,CO,4.62,,02/07/2011,,
80005,CO,3.055,,01/06/2012,,
80005,CO,2.52,,09/10/2010,,
80004,CO,9.66,,09/09/2010,,
80004,CO,9.165,,08/15/2011,,
80004,CO,8.46,,04/26/2011,,
80004,CO,6.45,,07/26/2011,,
80004,CO,6.11,,03/02/2011,,
80004,CO,3.87,,11/19/2010,,
80004,CO,3.87,,10/10/2011,,
80004,CO,2.53,,09/14/2011,,
80003,CO,7.755,,02/28/2012,,
80003,CO,7.56,,12/20/2010,,
80003,CO,5.52,,08/18/2011,,
80003,CO,4.62,,04/06/2011,,
80003,CO,4.23,,12/27/2011,,
80002,CO,7.74,,10/07/2011,,
80002,CO,6.3,,04/14/2011,,
80001,CO,5.64,,06/20/2011,,
80001,CO,5.04,,11/30/2010,,
80001,CO,2.94,,08/29/2011,,
80238,CO,5.52,,02/25/2011,,
80232,CO,5.17,,01/31/2012,,
80125,CO,6.02,,09/12/2011,,
80027,CO,7.755,,12/02/2011,,
80027,CO,3.76,,02/14/2012,,
80022,CO,6.345,,05/04/2011,,
80401,CO,9.9,21000.0,10/13/1997,,
80401,CO,10.0,50000.0,02/01/2012,,
80401,CO,5.0,25000.0,02/01/2012,,
80211,CO,3.36,14000.0,12/12/2011,,
80303,CO,1.89,4739.93,04/30/2010,,
80918,CO,30.72,135000.0,12/23/2011,,
80133,CO,2.76,18795.0,04/04/2011,,
80908,CO,5.52,22000.0,06/10/2010,,
80817,CO,2.76,12890.0,01/11/2011,,
80401,CO,2.8,12700.0,10/15/2010,,
80401,CO,10.0,53000.0,10/13/2005,,
80401,CO,4.2,15000.0,08/11/2011,,
80401,CO,4.2,33000.0,04/15/2011,,
80401,CO,14.7,106000.0,10/08/2009,,
80401,CO,6.48,42600.0,12/20/2011,,
80921,CO,5.68,26500.0,10/16/2009,,
81635,CO,10.0,52000.0,06/15/2009,,
81652,CO,10.0,48000.0,05/21/2009,,
81652,CO,10.0,48000.0,08/19/2009,,
81635,CO,10.0,52000.0,10/14/2009,,
80913,CO,25.0,77000.0,05/10/2011,,
81652,CO,10.0,48000.0,10/13/1997,,
80439,CO,4.6,26400.0,04/01/2010,,
80303,CO,4.32,20159.92,10/04/2010,,
80206,CO,5.38,33894,05/05/2009,,
80903,CO,24.0,198000.0,05/08/2008,,
80301,CO,5.88,34800.0,01/06/2010,,
81632,CO,0.45,5000.0,06/30/2010,,
80478,CO,3.24,16600.0,07/30/2010,,
80304,CO,3.68,21000.0,09/28/2010,,
80424,CO,3.6,22000.0,08/27/2010,,
80002,CO,4.6,25000.0,05/28/2010,,
80524,CO,2.58,15800.0,05/31/2010,,
80033,CO,9.5,57000.0,12/30/2009,,
80403,CO,2.99,24000.0,06/18/2010,,
80403,CO,0.8,5000.0,05/28/2010,,
80205,CO,0.6,5000.0,06/29/2010,,
80304,CO,2.5,16250.0,09/18/2009,,
80401,CO,13,21000,09/01/2010,,
80401,CO,2.45,6000.0,10/13/1997,,
80004,CO,4.6,23915.0,01/01/2010,,
80004,CO,57.96,255400.0,01/01/2010,,
80401,CO,2088.0,8736220.0,08/23/2010,,
80474,CO,4.6,33136,06/02/2009,,
80274,CO,11.76,,12/01/2009,,
80215,CO,8.05,35005,01/26/2010,,
80516,CO,6.21,,06/29/2009,,
80238,CO,2.71,,04/16/2009,,
81432,CO,1.575,12430.6,08/11/2008,,
80210,CO,6.08,47170,01/20/2009,,
80303,CO,3.68,,05/21/2009,,
80238,CO,8.19,,10/16/2008,,
80274,CO,18.48,,10/26/2009,,
80301,CO,4.14,,07/14/2009,,
81650,CO,600,,01/01/2008,,
80401,CO,7.38,,11/26/2007,,
80305,CO,5.4,,09/09/2008,,
80014,CO,5.59,31050,06/02/2010,,
80026,CO,4.6,,12/09/2008,,
81403,CO,3.3,25509,05/18/2009,,
80020,CO,6.75,,05/04/2009,,
80918,CO,13.056,105374,06/02/2009,,
80439,CO,2.76,,09/04/2008,,
80230,CO,5.4,,03/18/2008,,
81155,CO,3.04,23418,06/24/2009,,
80274,CO,16.8,,10/12/2009,,
80303,CO,8.32,,11/07/2008,,
80222,CO,2.16,,07/08/2008,,
80112,CO,6.08,,03/18/2009,,
80212,CO,3.02,20727,06/23/2009,,
80304,CO,1.8,,03/20/2009,,
81211,CO,3.36,26142.95,06/09/2009,,
80238,CO,5.18,37923,09/22/2008,,
80020,CO,4.62,,01/26/2009,,
80503,CO,3.04,21592,08/18/2008,,
80232,CO,2.1,,05/20/2008,,
80113,CO,3.42,24696,11/09/2009,,
80538,CO,4.01,,06/16/2008,,
80503,CO,3,33721,02/27/2009,,
80205,CO,100,700000,05/01/2008,,
80226,CO,7.36,,09/25/2008,,
80439,CO,8.28,,10/07/2008,,
80220,CO,3.6,,10/15/2008,,
80231,CO,7.36,,04/06/2009,,
80247,CO,4.95,,12/03/2008,,
80303,CO,4.2,,05/05/2008,,
80220,CO,5.4,,04/14/2009,,
80209,CO,4.1,,10/07/2008,,
80238,CO,2.77,,10/08/2009,,
81601,CO,3,21157.98,04/24/2009,,
80027,CO,4.62,,12/19/2008,,
80526,CO,2,16700,11/15/2008,,
80524,CO,3.3,30255,06/16/2009,,
80007,CO,5.52,,06/13/2008,,
80305,CO,8.28,,01/04/2010,,
80401,CO,5.18,,06/16/2009,,
80303,CO,5.04,,03/21/2009,,
80466,CO,6.21,,08/21/2008,,
80301,CO,4.49,,06/09/2008,,
80230,CO,6.08,,06/03/2009,,
81424,CO,1.4,10918,06/18/2009,,
80517,CO,3.2,23847.59,04/15/2009,,
81432,CO,0.875,6464.96,05/22/2009,,
80602,CO,9.9,61455,01/19/2010,,
80403,CO,7.74,,09/02/2009,,
80301,CO,3.6,,04/04/2008,,
80304,CO,3,26440,04/17/2009,,
80007,CO,4.6,,12/11/2008,,
80303,CO,5.61,,05/09/2008,,
80211,CO,4.92,,06/06/2008,,
80126,CO,5.06,31175,07/31/2009,,
80218,CO,2.94,,12/01/2009,,
80301,CO,9.9,,09/24/2009,,
80303,CO,4.72,,10/27/2008,,
80516,CO,6.9,,11/09/2009,,
80503,CO,2.52,19598.66,06/15/2009,,
80540,CO,3.024,25833,06/08/2009,,
80027,CO,4.6,,07/21/2009,,
80220,CO,4.14,,11/19/2009,,
80439,CO,5.61,,06/16/2008,,
80027,CO,3.15,,11/11/2008,,
81432,CO,2.5,23336.73,08/22/2008,,
80111,CO,5.98,39132,08/14/2009,,
80526,CO,3.15,23500,05/15/2009,,
80928,CO,4,28610,05/01/2009,,
80031,CO,9.84,,02/18/2008,,
80304,CO,9.9,,05/26/2009,,
80026,CO,3.15,,09/11/2008,,
81428,CO,4.92,50000,03/18/2009,,
80453,CO,7.36,,03/09/2009,,
80503,CO,3.12,22200,05/19/2009,,
81401,CO,3.44,25967,11/20/2008,,
80027,CO,5.4,,05/22/2008,,
80238,CO,6.9,,07/11/2008,,
81432,CO,4,29000,06/09/2009,,
80027,CO,2.67,,12/21/2009,,
80007,CO,5.18,39628,01/05/2009,,
80274,CO,39.06,,11/02/2009,,
80301,CO,1.87,,12/02/2008,,
80017,CO,8.46,51032,02/23/2010,,
80120,CO,8.64,51814,06/30/2009,,
80026,CO,5.1,,04/10/2008,,
80439,CO,6.93,,01/12/2010,,
80238,CO,4.93,,09/30/2009,,
80304,CO,2.72,,10/18/2008,,
80005,CO,8.1,,07/28/2008,,
80304,CO,3.6,,01/06/2009,,
80238,CO,2.67,,06/23/2008,,
80021,CO,2.76,18186,09/10/2009,,
80455,CO,6.53,,03/10/2009,,
80210,CO,2.52,,01/15/2009,,
80238,CO,8.1,,08/10/2009,,
80301,CO,9.68,,12/23/2008,,
80274,CO,29.4,,12/01/2009,,
80305,CO,3.6,,06/20/2008,,
80220,CO,3.6,,03/10/2009,,
81623,CO,1.9,17000,09/02/2008,,
80524,CO,6.2,42549,02/18/2009,,
80027,CO,4.14,,07/20/2009,,
80132,CO,4,31722.61,04/14/2009,,
80305,CO,4.92,,08/07/2008,,
80401,CO,5.04,,05/30/2008,,
80031,CO,2.94,,03/19/2008,,
80302,CO,3.6,,06/30/2009,,
80304,CO,3.69,,06/25/2008,,
80111,CO,5.25,31412,12/16/2009,,
80026,CO,2.24,,04/25/2008,,
80401,CO,5.04,,03/16/2009,,
80501,CO,3.15,21750,05/29/2009,,
80027,CO,7.38,43456,08/11/2009,,
80304,CO,4.05,,06/09/2009,,
80305,CO,4.62,,01/11/2010,,
80206,CO,4.14,,07/16/2009,,
80403,CO,3.15,35203.03,05/01/2009,,
80304,CO,8.1,,01/05/2010,,
80521,CO,7.36,54780,02/11/2009,,
81403,CO,3.1,28789.33,01/20/2009,,
80205,CO,29.67,,11/17/2008,,
80218,CO,6.9,,09/23/2009,,
80302,CO,2.3,,03/04/2009,,
80020,CO,82,,01/01/2008,,
81230,CO,5.4,65186,06/02/2009,,
80210,CO,5.6,,03/21/2008,,
81236,CO,3,26550,08/07/2008,,
80301,CO,9.89,,01/31/2008,,
80302,CO,6.75,,09/14/2009,,
80121,CO,9.9,,10/22/2009,,
81419,CO,1.6,14000,10/23/2008,,
80305,CO,2.16,,05/19/2009,,
80302,CO,9.86,61417,10/27/2009,,
80020,CO,4.1,,12/31/2008,,
80305,CO,8.28,,04/02/2009,,
80232,CO,9.87,,12/16/2009,,
80302,CO,4.05,,05/08/2008,,
80230,CO,3.01,,09/16/2008,,
80238,CO,6.3,36540,12/23/2009,,
80031,CO,3.15,,10/09/2008,,
80212,CO,4.6,,10/27/2008,,
80215,CO,4.14,32937,10/08/2008,,
80027,CO,4.32,29615,05/22/2009,,
80238,CO,3.22,,08/25/2008,,
80439,CO,9.9,,01/19/2009,,
80302,CO,4.05,,12/01/2008,,
80401,CO,1.56,14442,09/28/2008,,
80466,CO,6.9,,07/27/2009,,
80238,CO,4.14,,08/25/2008,,
80525,CO,4.725,32062.5,05/05/2008,,
80026,CO,9.5,57424,05/22/2009,,
80134,CO,4.515,32126,12/29/2009,,
80027,CO,8.4,,11/25/2009,,
80401,CO,4.86,,03/24/2009,,
80303,CO,5.16,,02/22/2008,,
80026,CO,5.52,,06/30/2009,,
80304,CO,1.64,,05/06/2009,,
80303,CO,9.84,,03/09/2009,,
80021,CO,3.14,19093,08/28/2009,,
80303,CO,6.3,,01/25/2008,,
80401,CO,4.22,,02/05/2009,,
80913,CO,2000,13000000,01/17/2008,,
80302,CO,6.3,,12/05/2008,,
80135,CO,9.9,,08/03/2009,,
81125,CO,2.91,28811.85,08/01/2008,,
80210,CO,9.89,,08/05/2008,,
80201,CO,13.44,,07/13/2009,,
80027,CO,7.2,,07/07/2008,,
80516,CO,9.2,,02/05/2009,,
80007,CO,633,,01/01/2008,,
80128,CO,3.68,,10/13/2008,,
81506,CO,2.72,21700,07/01/2008,,
80005,CO,4.08,,01/02/2008,,
80033,CO,4.14,21700,03/30/2010,,
80401,CO,7.36,,09/19/2008,,
80302,CO,9.23,,08/11/2008,,
80301,CO,7.56,,10/31/2009,,
81601,CO,3.15,24885,05/22/2009,,
80504,CO,9.41,66992,05/28/2009,,
80218,CO,9.85,,03/13/2008,,
80303,CO,3.22,,10/14/2009,,
80230,CO,4.05,,02/12/2008,,
81131,CO,1.85,32000,05/19/2009,,
80027,CO,6.21,,06/05/2009,,
80026,CO,5.88,,11/09/2009,,
81211,CO,3.36,26148.24,06/02/2009,,
80302,CO,3.34,,06/03/2008,,
80908,CO,4.14,29664.05,04/16/2009,,
80238,CO,6.9,,02/24/2009,,
80027,CO,3.15,,08/07/2008,,
80304,CO,7.74,,08/03/2009,,
81201,CO,3.15,26114.33,05/09/2009,,
80238,CO,2.85,,11/12/2007,,
80233,CO,6.48,37451,03/08/2010,,
80308,CO,3.15,,12/09/2009,,
80516,CO,4.62,,06/10/2009,,
80202,CO,2.04,,08/04/2008,,
80401,CO,94,,01/01/2009,,
80220,CO,2.88,,01/13/2009,,
80237,CO,3.15,21577,05/13/2009,,
80439,CO,6.48,47628,08/29/2008,,
80230,CO,3.52,,03/12/2009,,
80021,CO,6.9,,01/30/2009,,
81252,CO,2.8,26444,01/12/2009,,
80112,CO,6.48,47982,01/28/2009,,
80439,CO,5.4,,04/29/2009,,
80304,CO,42.84,,01/21/2009,,
80305,CO,4.6,,11/25/2008,,
80020,CO,1.73,16063,11/13/2008,,
81101,CO,835,,01/01/2009,,
80301,CO,8.55,,11/05/2009,,
80302,CO,6.21,,09/08/2009,,
80521,CO,2.464,19949,01/07/2009,,
80238,CO,2.67,,06/06/2008,,
80304,CO,9.9,,02/18/2009,,
81432,CO,3.85,33800,02/06/2009,,
80526,CO,2.08,18714,11/20/2008,,
80534,CO,9.9,,01/13/2009,,
80238,CO,5.06,27582,10/29/2009,,
81501,CO,9.9,74250,02/19/2007,,
80401,CO,9.98,59660,09/09/2009,,
80503,CO,3,19547,01/15/2009,,
80503,CO,3,16364,06/10/2009,,
80112,CO,4.32,23776,02/17/2010,,
80020,CO,9.84,59675,09/01/2009,,
80302,CO,9.23,,10/22/2009,,
80443,CO,4.3,,09/19/2008,,
80304,CO,3.17,,03/16/2009,,
80126,CO,5.46,30029,11/03/2009,,
80120,CO,15.91,98006,11/12/2009,,
80027,CO,5.4,,12/30/2008,,
80230,CO,3.15,,08/17/2009,,
80207,CO,9.9,,12/09/2009,,
80302,CO,7.36,,09/09/2008,,
80230,CO,6.21,,01/05/2009,,
80455,CO,6.73,,06/02/2008,,
80112,CO,3.46,26620,11/04/2008,,
80225,CO,1000,6900000,01/15/2008,,
80220,CO,7.56,,10/20/2008,,
80026,CO,2.24,,01/15/2008,,
80517,CO,3,24323.11,06/18/2009,,
80808,CO,3.024,26000,05/21/2009,,
80503,CO,4.14,,02/26/2009,,
80530,CO,3.96,26688,05/08/2009,,
80238,CO,4.6,,08/25/2008,,
80210,CO,2.94,,05/20/2008,,
81601,CO,5.2,40040,05/11/2009,,
80304,CO,9.87,,11/05/2008,,
80305,CO,2.52,,01/30/2009,,
80127,CO,2.59,19673,10/08/2008,,
80026,CO,3.96,,12/19/2008,,
80455,CO,7.56,,07/06/2009,,
80220,CO,3.02,22982.4,10/31/2008,,
80226,CO,5.52,29000,03/17/2010,,
81223,CO,3.4,25611.74,06/08/2009,,
80501,CO,5.98,36372,08/14/2009,,
80403,CO,3.17,24268.68,05/15/2009,,
80005,CO,4.83,28014,11/09/2009,,
80304,CO,6.21,,09/03/2009,,
80401,CO,7.2,36564,02/27/2010,,
80238,CO,4.86,28927,02/23/2010,,
81506,CO,6.48,48600,03/07/2007,,
80126,CO,6.72,45281,06/05/2009,,
80302,CO,4.14,,06/09/2009,,
80304,CO,9.9,,05/21/2009,,
80305,CO,7.2,,01/19/2009,,
81211,CO,4.2,32929.48,08/28/2008,,
81236,CO,3.15,24730.35,04/08/2009,,
80214,CO,99.96,,03/23/2009,,
80228,CO,4.31,,10/23/2008,,
80301,CO,3.6,,06/22/2009,,
80304,CO,3.69,,09/16/2008,,
80014,CO,2.97,23700,06/22/2006,,
80230,CO,3.15,,04/16/2009,,
80304,CO,3.22,,10/06/2009,,
81211,CO,4,28809,05/04/2009,,
80031,CO,5.88,34535,08/28/2009,,
80238,CO,2.38,,09/29/2009,,
80526,CO,1.496,13193.24,11/03/2008,,
80501,CO,3.07,20290.84,05/27/2009,,
81131,CO,1.6,16350,06/11/2009,,
80228,CO,5.14,,11/12/2008,,
80027,CO,2.58,,05/28/2008,,
80302,CO,5.04,,04/08/2008,,
80501,CO,3.15,25142,06/17/2009,,
80302,CO,1.3,,12/06/2008,,
80455,CO,4.05,,07/10/2008,,
80501,CO,20.16,,08/24/2009,,
80303,CO,3.68,,06/25/2009,,
80526,CO,1.57,18000,05/29/2009,,
81524,CO,2,18809.76,07/30/2008,,
80207,CO,4.6,,06/11/2008,,
80401,CO,0.67,3968,11/02/2009,,
80215,CO,6.44,,07/21/2009,,
80304,CO,0.92,,12/10/2009,,
81432,CO,3,26843,03/09/2009,,
80027,CO,5.4,,07/07/2009,,
80013,CO,4.03,29380,05/05/2009,,
80112,CO,6.08,,03/11/2008,,
80303,CO,9.9,,03/19/2009,,
80439,CO,5.67,,02/13/2008,,
80550,CO,4.5,20569,06/22/2009,,
81601,CO,3.15,24412,05/28/2009,,
80220,CO,2.1,16636,08/27/2009,,
81435,CO,9.72,82566.94,06/11/2009,,
80204,CO,9.94,72036,09/16/2008,,
80503,CO,5.04,,05/30/2008,,
80401,CO,6.75,,03/24/2008,,
80028,CO,4.2,24561,12/15/2009,,
80304,CO,4.01,,11/05/2007,,
80111,CO,6.51,51194,06/30/2009,,
80210,CO,3.02,18411,08/05/2009,,
80501,CO,3.6,31697.33,05/07/2009,,
80026,CO,4.1,,07/22/2008,,
80021,CO,3.37,,05/14/2008,,
80203,CO,3.15,,07/31/2008,,
80302,CO,19.53,,01/08/2008,,
80111,CO,4.03,29380,05/05/2009,,
80303,CO,8.19,,03/27/2009,,
80027,CO,9,,06/22/2009,,
80230,CO,6.08,,12/01/2008,,
80303,CO,6.75,,07/13/2009,,
80247,CO,3.15,,09/02/2008,,
80403,CO,7,48538,05/29/2009,,
80403,CO,5.52,,05/16/2008,,
80401,CO,9.66,55470,09/13/2009,,
80121,CO,4.6,,10/20/2008,,
80123,CO,2.3,,01/08/2009,,
80304,CO,5.16,,03/28/2008,,
80007,CO,5.04,29232,11/30/2009,,
80238,CO,3.76,,08/17/2009,,
80238,CO,5.52,,09/04/2008,,
80466,CO,3.7,,12/21/2007,,
80601,CO,6.12,46982.66,01/13/2009,,
80121,CO,5.54,,03/12/2008,,
80026,CO,91.77,685000,01/02/2008,,
80220,CO,4.37,27094,11/04/2009,,
80228,CO,3.68,,11/16/2009,,
80401,CO,6.4,36800,10/26/2009,,
80302,CO,2.94,,10/22/2009,,
80466,CO,3.2,24552,05/01/2009,,
80304,CO,4.14,,05/27/2008,,
80027,CO,3.15,,08/12/2008,,
80403,CO,1.98,10890,08/13/2008,,
80031,CO,2.9,,11/02/2007,,
81601,CO,4,31275,05/04/2009,,
81236,CO,3.36,14093.87,04/13/2009,,
80302,CO,6.08,,09/30/2008,,
80210,CO,4.75,27405,12/10/2009,,
80503,CO,9.84,,10/02/2007,,
80305,CO,3.17,,01/16/2009,,
81501,CO,3.04,23750,07/15/2008,,
80027,CO,5.52,,01/11/2010,,
80305,CO,8.28,,06/25/2009,,
80238,CO,2.67,,05/29/2008,,
80021,CO,2.69,20160,07/31/2008,,
80210,CO,2.46,,04/17/2008,,
80274,CO,30.24,,11/16/2009,,
80121,CO,3.4,30000,09/01/2006,,
80301,CO,7.2,,11/06/2008,,
80304,CO,7.38,,06/02/2008,,
80027,CO,3.15,,09/23/2008,,
80401,CO,5.88,,03/04/2009,,
80304,CO,3.15,,06/02/2009,,
80640,CO,7.34,,12/03/2009,,
80304,CO,4.05,,06/11/2009,,
80207,CO,3.89,28872,12/31/2008,,
80031,CO,4.2,24307,12/31/2009,,
80026,CO,9.68,,10/01/2008,,
80303,CO,4.6,,06/22/2009,,
80302,CO,3.15,,02/06/2008,,
80004,CO,6.9,,07/07/2008,,
80007,CO,9.72,58663,05/14/2009,,
80304,CO,5.4,,03/04/2009,,
80304,CO,5.04,,06/12/2009,,
80228,CO,4,,01/23/2008,,
81144,CO,2.72,34636.61,08/25/2008,,
80027,CO,5.67,,05/18/2009,,
80027,CO,6.75,,03/02/2009,,
80021,CO,2.24,,10/28/2008,,
80304,CO,1.86,,08/06/2009,,
80126,CO,4.73,,05/15/2008,,
81435,CO,3.36,29349,04/30/2009,,
80220,CO,2.38,16475,07/09/2009,,
80238,CO,2.67,,10/17/2008,,
80228,CO,4.03,31682,08/13/2008,,
80504,CO,3.075,22395,05/21/2009,,
80304,CO,4.22,,10/30/2008,,
80113,CO,3.52,,04/29/2008,,
80238,CO,2.67,,04/23/2008,,
80304,CO,2.07,,06/16/2009,,
80516,CO,9.86,67835,05/04/2009,,
80222,CO,2.76,,07/20/2009,,
80026,CO,2.52,,02/20/2009,,
80224,CO,4.92,,09/15/2008,,
80301,CO,6.21,,04/20/2009,,
80112,CO,3.96,,12/16/2009,,
80401,CO,721,,01/01/2008,,
80503,CO,9.66,57969,08/11/2009,,
80302,CO,5.4,,10/14/2008,,
80226,CO,4.6,27978,10/22/2009,,
80503,CO,2.535,21573,06/11/2009,,
80503,CO,3.72,,05/21/2008,,
80238,CO,7.56,43407,02/23/2010,,
81131,CO,3.06,37500,07/17/2008,,
80026,CO,15.12,95368,06/09/2009,,
80132,CO,3.168,25150.82,04/22/2009,,
80304,CO,3.6,,02/21/2008,,
80226,CO,2.67,,05/20/2008,,
80227,CO,5.04,,12/18/2008,,
80223,CO,4.14,24706,11/02/2009,,
80538,CO,0.4,2000,10/01/2009,,
80031,CO,7.13,,09/16/2008,,
80211,CO,6.27,39353,08/27/2009,,
80304,CO,4.6,,01/14/2009,,
80304,CO,2.7,,04/15/2008,,
80304,CO,5.52,,11/19/2008,,
80027,CO,3.68,,08/13/2009,,
80521,CO,2.772,22382,01/29/2009,,
80238,CO,3.4,24990,08/07/2008,,
81131,CO,2.8,24886.09,04/09/2009,,
80501,CO,2.28,21477,01/29/2009,,
80113,CO,6.27,40976,09/14/2009,,
80113,CO,1.76,,04/29/2008,,
80303,CO,1.61,,01/27/2009,,
80112,CO,5.04,34478,08/24/2009,,
80007,CO,2.52,17845,08/28/2009,,
80302,CO,1.26,,06/18/2009,,
80120,CO,4.83,,04/28/2009,,
80303,CO,4.62,,07/30/2009,,
80026,CO,3.15,,09/30/2008,,
80621,CO,5.04,40081,06/09/2009,,
80503,CO,3.15,22036.26,03/04/2009,,
80503,CO,5.54,,09/10/2009,,
80304,CO,4.68,,10/07/2009,,
80027,CO,3.68,,06/03/2009,,
80020,CO,6.9,,02/27/2009,,
80207,CO,2.46,16650,05/19/2009,,
80130,CO,4.26,29009,06/16/2009,,
80238,CO,6.3,46602,09/30/2009,,
80301,CO,4.14,,05/12/2008,,
80439,CO,8.64,,09/25/2009,,
80227,CO,3.22,,10/23/2008,,
80214,CO,5.06,27619,12/20/2009,,
80021,CO,2.24,,09/26/2007,,
80026,CO,4.62,,07/24/2009,,
80305,CO,8.19,,01/14/2010,,
80113,CO,7.2,,11/18/2008,,
80525,CO,3.68,27589.31,05/13/2009,,
80229,CO,4.1,24231,10/05/2009,,
80209,CO,5.16,,01/04/2010,,
80517,CO,3.85,30829.17,06/17/2009,,
80304,CO,9.9,,10/10/2008,,
80026,CO,5.88,,08/27/2009,,
80498,CO,2.1,15055,07/23/2009,,
80301,CO,8.3,61395,06/15/2009,,
80526,CO,3.87,35810,02/06/2009,,
80466,CO,6.21,,05/27/2008,,
80222,CO,2.94,,03/24/2008,,
80238,CO,3.24,,09/23/2008,,
80304,CO,4.6,,06/17/2009,,
80302,CO,5.2,,09/11/2009,,
80238,CO,1.5,,01/14/2008,,
80222,CO,1.38,11608,03/31/2009,,
80128,CO,2.34,21398,09/24/2009,,
80211,CO,42.63,,02/25/2008,,
80274,CO,13.86,,12/14/2009,,
80020,CO,6.36,,06/12/2008,,
80303,CO,3.68,,08/28/2009,,
80026,CO,3.15,,11/04/2008,,
80238,CO,2.67,,04/22/2008,,
81201,CO,3.36,26142.95,06/02/2009,,
80304,CO,2.3,,01/05/2010,,
80303,CO,4.2,,02/23/2009,,
80031,CO,9.84,55436,09/10/2009,,
80129,CO,7.36,,03/18/2009,,
81131,CO,3,30360,06/11/2009,,
80238,CO,3.44,,11/12/2009,,
80302,CO,5.16,,02/11/2008,,
81101,CO,8220,60000000,12/17/2007,,
80301,CO,7.2,,11/13/2008,,
80206,CO,301.3,,07/07/2008,,
80026,CO,7.36,,08/13/2009,,
81401,CO,4.8,41360,07/01/2008,,
80027,CO,3.22,,07/09/2009,,
80113,CO,8.28,,11/10/2009,,
80205,CO,3.6,,01/23/2008,,
80301,CO,2.84,,04/22/2008,,
80020,CO,2.99,,02/05/2008,,
80304,CO,7.38,,12/28/2009,,
80111,CO,4.2,,11/20/2008,,
80027,CO,3.78,,03/20/2008,,
80304,CO,6.08,,06/11/2008,,
81428,CO,4.3,33965,04/27/2009,,
80304,CO,4.41,,06/19/2009,,
80537,CO,3.168,24235.2,03/31/2009,,
80521,CO,3.2,23885,06/17/2009,,
80303,CO,4.5,,05/19/2009,,
80027,CO,8.78,,01/18/2010,,
80501,CO,2.5,17200,06/08/2009,,
81001,CO,6.2,75750,04/26/2007,,
80027,CO,4.14,,02/18/2008,,
80303,CO,3.02,24236,12/16/2008,,
81501,CO,9.9,74250,02/07/2007,,
80127,CO,6.75,,06/17/2008,,
80517,CO,3.675,27010,05/27/2009,,
80466,CO,4.83,32510.1,05/29/2009,,
80210,CO,2.46,22020,04/16/2009,,
80274,CO,17.01,,11/06/2009,,
80031,CO,2.94,,04/25/2008,,
80027,CO,7.74,,06/25/2009,,
81432,CO,3,27312.79,08/27/2008,,
80020,CO,9.87,,04/24/2008,,
80304,CO,1.36,,08/21/2008,,
80466,CO,3.06,27273.97,05/05/2009,,
80120,CO,6.05,44755,10/31/2008,,
80303,CO,8.05,45333,02/17/2010,,
81505,CO,3.04,25800,07/30/2008,,
80516,CO,5.4,30984.58,09/05/2008,,
81419,CO,1.3,9822.25,09/19/2008,,
80401,CO,5.44,,10/02/2008,,
80304,CO,2.3,,01/04/2010,,
81501,CO,2.16,16200,03/07/2007,,
80305,CO,7.74,,01/14/2010,,
80487,CO,11.04,138000,06/30/2009,,
80206,CO,3.14,22861,07/24/2008,,
80249,CO,2000,13000000,08/19/2008,,
80003,CO,5.52,,02/18/2009,,
80503,CO,3.024,23035,06/18/2009,,
80227,CO,3.01,,01/30/2008,,
80238,CO,4.6,,01/05/2010,,
80302,CO,8.4,,11/05/2009,,
81423,CO,1.05,11585,06/18/2009,,
80027,CO,6.15,,10/20/2008,,
80302,CO,4.14,,10/30/2008,,
80501,CO,3.6,25423,08/12/2008,,
80007,CO,6.08,,05/12/2009,,
80524,CO,2.8,19950,06/15/2009,,
80220,CO,4.1,,05/16/2008,,
81506,CO,6.48,48600,03/05/2007,,
80439,CO,4.26,27829,05/14/2009,,
80111,CO,6.67,39130,03/31/2009,,
80526,CO,2,16543,06/16/2009,,
80007,CO,9.2,,09/25/2008,,
81432,CO,1.575,16886.42,06/17/2009,,
81650,CO,1727,,01/01/2009,,
80523,CO,12.6,75000,08/14/2009,,
80521,CO,2.1,18687,01/29/2009,,
80123,CO,5.04,35839,12/14/2009,,
80526,CO,4.7,34950,05/14/2009,,
80238,CO,3.15,19931,06/22/2009,,
80238,CO,2.28,,08/11/2008,,
80521,CO,2.6,15785,01/29/2009,,
80238,CO,2.25,,02/04/2009,,
80110,CO,2.59,20947,10/24/2008,,
80454,CO,9.94,69930,12/30/2008,,
81432,CO,2.16,23700,01/03/2009,,
81423,CO,0.35,4398,06/22/2009,,
80113,CO,1.84,,02/13/2009,,
80023,CO,3.6,,09/05/2008,,
80304,CO,4.72,,10/19/2009,,
80128,CO,7.56,,03/18/2009,,
80013,CO,6.3,37991,07/23/2009,,
80204,CO,9.2,90000,08/30/2009,,
81401,CO,4.32,27578.13,06/20/2008,,
80301,CO,5.88,,07/29/2009,,
81435,CO,2.04,21600,12/08/2009,,
80126,CO,6.44,,09/02/2009,,
80205,CO,9.66,,08/18/2008,,
81222,CO,3.15,24957.84,05/21/2009,,
80466,CO,4.92,,04/17/2008,,
80303,CO,5.54,,07/21/2008,,
80401,CO,6.171,49300,06/25/2007,,
80303,CO,5.4,,09/21/2009,,
80023,CO,2.1,10233.32,08/18/2008,,
80301,CO,6.3,,01/20/2009,,
81211,CO,2.15,13268.28,04/07/2009,,
80302,CO,4.3,,06/08/2009,,
81432,CO,0.7,10552.44,09/09/2008,,
80534,CO,4.2,24903,11/09/2009,,
80027,CO,4.5,,01/05/2009,,
80305,CO,6.45,,12/22/2009,,
80112,CO,3.15,,01/08/2009,,
81125,CO,2.464,15876.91,05/28/2009,,
80018,CO,6.3,36575,12/31/2009,,
80304,CO,1.68,,12/17/2008,,
80302,CO,6.75,,06/23/2009,,
80026,CO,6.75,,09/02/2008,,
80301,CO,6.88,,07/30/2009,,
80503,CO,3.02,23035,04/03/2009,,
81648,CO,5.04,58941.39,06/19/2009,,
80027,CO,5.67,,09/08/2009,,
80223,CO,2.24,14118,11/03/2009,,
81403,CO,10,80060,09/26/2008,,
80113,CO,8.1,,07/28/2008,,
81521,CO,3,25500,09/30/2008,,
80304,CO,2.38,,07/21/2008,,
80230,CO,2,,06/10/2008,,
80304,CO,9.89,,01/19/2010,,
80210,CO,3.675,29000,12/03/2009,,
80022,CO,3.01,,11/10/2008,,
80230,CO,3.15,,09/09/2008,,
80301,CO,6.21,,05/14/2008,,
80503,CO,4.6,,02/04/2009,,
80302,CO,4.6,,02/18/2009,,
80236,CO,3.89,29422,06/03/2009,,
80027,CO,5.98,,01/11/2010,,
80230,CO,4.05,,12/09/2009,,
81432,CO,3.36,28142.96,06/17/2009,,
80303,CO,7.56,,12/29/2008,,
80027,CO,3.15,,08/22/2008,,
80013,CO,2.77,,03/31/2009,,
80112,CO,2.38,,03/31/2009,,
80027,CO,5.75,37307,11/19/2009,,
80027,CO,2.94,,05/28/2008,,
80202,CO,99.98,,03/31/2008,,
80466,CO,6.3,37764,01/27/2010,,
80302,CO,9.66,,06/09/2008,,
80304,CO,7.36,,02/20/2009,,
81131,CO,3.12,33000,03/26/2009,,
80020,CO,5.08,35957,03/17/2009,,
80111,CO,4.5,,10/28/2008,,
80205,CO,3.85,26346,06/25/2009,,
80016,CO,7.39,44779,11/03/2009,,
81427,CO,3.69,27678.56,05/07/2009,,
80238,CO,5.28,,06/16/2009,,
80127,CO,7.36,,11/17/2009,,
80302,CO,3.56,,09/28/2009,,
80026,CO,3.15,,10/03/2008,,
81423,CO,3.36,27431.76,04/12/2009,,
80238,CO,3.52,,12/18/2008,,
80274,CO,22.68,,11/16/2009,,
80121,CO,3,27252,01/11/2009,,
80226,CO,4.14,,08/31/2009,,
80123,CO,5.67,35172,11/08/2009,,
80302,CO,4.14,,06/26/2008,,
80302,CO,9.84,61683,09/12/2009,,
80304,CO,2.97,,03/16/2009,,
80401,CO,3.87,,01/07/2009,,
80302,CO,5.81,,05/05/2008,,
80129,CO,6.84,55293,03/10/2009,,
80249,CO,1600,,12/20/2009,,
80403,CO,3.6,,05/29/2008,,
81427,CO,4,34650.79,02/24/2009,,
80550,CO,6.336,43069,06/19/2009,,
80516,CO,5.04,,08/18/2009,,
80304,CO,6.15,,09/15/2008,,
80304,CO,6.75,,01/13/2009,,
81403,CO,2,14500,08/11/2008,,
80205,CO,100,720000,06/12/2008,,
80230,CO,5.94,,10/09/2009,,
80303,CO,9.63,,04/11/2008,,
80525,CO,2.6,20625,04/22/2009,,
80303,CO,4.6,,11/03/2008,,
80501,CO,2.97,21635,02/17/2009,,
80305,CO,4.14,,12/05/2008,,
80305,CO,5.46,,01/22/2010,,
80027,CO,4.36,,10/28/2008,,
80121,CO,9.66,,08/20/2009,,
80403,CO,4.2,32575,03/06/2009,,
80921,CO,3.15,23773.38,05/20/2009,,
80528,CO,2.11,18376,11/19/2008,,
80249,CO,4.73,26613,06/30/2009,,
81503,CO,4.56,34200,05/06/2007,,
80222,CO,5.4,,11/26/2008,,
80027,CO,2.4,25400,10/16/2007,,
80304,CO,4.5,,08/17/2009,,
80228,CO,9.89,,09/09/2008,,
80503,CO,4.6,,11/12/2008,,
80220,CO,4.68,,01/03/2008,,
80027,CO,3.69,,07/16/2008,,
81428,CO,1.52,13439,08/22/2008,,
80215,CO,5.52,,11/03/2008,,
80401,CO,4.48,30809,09/14/2008,,
80523,CO,18.9,129475,06/19/2009,,
80302,CO,5.88,39150.91,06/26/2009,,
80535,CO,4.41,30717,11/04/2009,,
80230,CO,3.15,,12/24/2008,,
80523,CO,2000,,01/22/2010,,
80301,CO,5.52,,03/13/2009,,
80304,CO,2.25,,08/24/2009,,
81424,CO,3,20806.14,06/03/2009,,
80247,CO,3.15,,09/29/2008,,
80501,CO,4.305,36645,03/02/2009,,
80302,CO,7.56,,03/20/2008,,
80301,CO,5.38,33648,08/18/2009,,
80301,CO,9.66,,12/11/2009,,
81236,CO,2.87,23975.35,04/30/2009,,
80238,CO,4.5,,12/01/2008,,
80211,CO,3.22,,11/06/2008,,
80302,CO,4.6,,07/02/2009,,
80128,CO,4.32,28080,06/29/2009,,
81643,CO,3.15,29350,09/30/2008,,
80027,CO,4.75,,03/09/2009,,
80238,CO,5.04,,07/02/2009,,
80215,CO,4.2,,10/12/2009,,
80209,CO,6.08,,06/02/2009,,
81223,CO,1.792,14343.97,10/10/2008,,
80439,CO,4.03,26093,08/20/2009,,
80027,CO,3.15,,08/21/2008,,
80027,CO,3.15,,09/11/2008,,
80205,CO,6.08,,11/26/2008,,
80229,CO,7,40699,01/27/2010,,
80303,CO,4.2,33195,03/11/2009,,
81101,CO,596,,01/01/2008,,
80246,CO,3.15,23033,06/05/2009,,
80027,CO,4.48,28489,08/27/2009,,
80301,CO,5.52,,07/16/2009,,
81131,CO,1.05,14400,05/15/2009,,
80231,CO,4.2,,08/31/2009,,
80602,CO,8.4,47975,02/27/2010,,
80238,CO,2.38,,08/25/2009,,
81428,CO,2.15,20167,10/28/2008,,
80027,CO,2.94,,07/08/2008,,
80303,CO,4.6,,10/08/2008,,
80227,CO,7.56,,02/26/2009,,
80401,CO,1.53,,08/29/2008,,
81523,CO,3.22,29658,08/31/2008,,
80005,CO,8.1,,07/27/2009,,
80439,CO,9.98,73096,04/07/2009,,
80517,CO,4.05,,01/04/2010,,
80301,CO,6.45,,04/29/2008,,
80302,CO,1.38,,12/10/2008,,
81401,CO,2.1,18000,12/01/2008,,
81131,CO,3.2,21021.04,05/28/2009,,
80124,CO,7.36,,01/28/2009,,
80439,CO,3.89,39392,12/22/2008,,
80545,CO,3.85,26507.46,06/19/2009,,
80403,CO,9.2,,11/18/2008,,
80538,CO,1.6,25000,08/01/1999,,
80303,CO,5.67,,07/06/2009,,
80124,CO,5.52,33127,10/08/2009,,
81601,CO,5.4,41040,05/20/2009,,
80227,CO,7.78,48494,04/27/2009,,
80014,CO,6.9,,02/02/2009,,
80238,CO,2.24,,09/05/2008,,
80027,CO,3.15,,10/20/2009,,
80129,CO,8.28,,09/09/2009,,
80303,CO,9.66,58872,06/03/2009,,
81527,CO,4,36259,07/20/2008,,
81432,CO,2.4,19217.96,06/01/2009,,
80004,CO,5.52,32037,12/31/2009,,
80220,CO,5.67,,09/18/2009,,
80302,CO,7.2,,05/08/2008,,
80220,CO,3.36,20135,09/17/2009,,
80304,CO,2.88,,01/29/2009,,
80302,CO,7.56,,10/14/2009,,
80229,CO,5.88,,02/18/2009,,
80304,CO,3.68,,10/06/2008,,
81601,CO,5.04,35550,05/11/2009,,
80303,CO,9.84,,10/03/2008,,
80020,CO,6.72,,07/25/2008,,
80026,CO,9.45,,04/20/2009,,
80027,CO,8.1,,07/06/2009,,
80305,CO,7.2,,11/10/2008,,
80228,CO,6.21,,04/21/2009,,
80113,CO,4.26,29904,08/26/2009,,
80526,CO,3.96,30089,03/31/2009,,
80304,CO,8.97,39647,03/12/2010,,
80238,CO,3.6,,09/29/2008,,
80304,CO,4.75,,04/09/2009,,
80031,CO,2.94,,02/28/2008,,
80020,CO,4.92,,06/06/2008,,
80206,CO,5.4,,12/22/2008,,
80209,CO,4.5,,02/23/2009,,
80128,CO,2.46,17844,05/13/2009,,
80303,CO,3.78,,10/16/2009,,
80304,CO,9.84,,03/26/2008,,
80228,CO,5.01,,01/07/2008,,
80401,CO,3.12,26317,08/10/2009,,
80305,CO,4.3,,10/01/2007,,
80305,CO,5.6,,06/01/2007,,
80304,CO,4,,04/01/2007,,
80112,CO,498.0,,05/17/2011,,
81650,CO,2300.0,,01/13/2009,,
80920,CO,6000.0,18300000,07/01/2011,,
81101,CO,19000.0,,03/17/2011,,
80521,CO,5300.0,,12/01/2010,,
80249,CO,4400.0,,07/28/2011,,
81146,CO,38000.0,,12/01/2011,,
81001,CO,1000.0,,01/12/2009,,
80215,CO,1190.0,6900000.0,07/15/2008,,
80501,CO,4.83,36913.24,05/11/2009,,
81601,CO,3.15,25794,05/11/2009,,
80302,CO,10.32,,10/01/2007,,
80301,CO,10.5,,01/01/2008,,
80302,CO,2,,01/01/2008,,
80302,CO,2,,07/01/2007,,
80302,CO,2,,02/01/2008,,
80305,CO,2.24,,04/01/2008,,
80305,CO,3,,05/01/2007,,
80304,CO,5,,04/01/2008,,
80304,CO,2,,10/01/2007,,
80304,CO,3,,01/01/2007,,
80304,CO,3.01,,06/01/2007,,
80304,CO,3,,08/01/2007,,
80304,CO,4,,07/01/2007,,
80304,CO,2,,07/01/2007,,
80304,CO,3,,03/01/2008,,
80304,CO,3,,05/01/2007,,
80304,CO,3,,10/01/2007,,
80304,CO,4,,10/01/2007,,
80304,CO,3.6,,10/01/2007,,
80304,CO,10,,01/01/2007,,
80304,CO,3,,06/01/2008,,
81211,CO,2.7,29299,04/30/2009,,
81211,CO,2.7,29938,04/30/2009,,
80302,CO,9,,11/01/2007,,
80303,CO,3,,05/01/2007,,
80304,CO,4,,04/01/2008,,
80304,CO,2.9,,01/01/2008,,
80305,CO,2,,12/01/2007,,
80305,CO,9.9,,11/01/2007,,
80305,CO,5.61,,04/01/2008,,
80305,CO,3,,01/01/2008,,
80303,CO,5,,06/01/2008,,
80303,CO,4.3,,03/01/2008,,
80304,CO,6.05,,07/01/2007,,
80301,CO,10.5,,03/01/2008,,
80305,CO,2.4,,11/01/2007,,
80302,CO,3.33,,03/01/2008,,
80301,CO,30,,10/01/2007,,
80303,CO,5,,05/01/2007,,
80304,CO,3,,07/01/2007,,
80302,CO,2,,03/01/2007,,
80304,CO,2,,02/01/2008,,
80302,CO,9,,06/01/2008,,
80305,CO,4,,09/01/2007,,
80302,CO,1.6,,05/01/2008,,
80304,CO,1,,12/01/2007,,
80304,CO,7,,05/01/2008,,
80304,CO,3,,03/01/2007,,
80304,CO,4.51,,04/01/2008,,
80304,CO,4,,01/01/2007,,
80304,CO,3.5,,08/01/2007,,
80304,CO,3.4,,02/01/2007,,
80303,CO,4,,05/01/2008,,
80301,CO,28,,05/01/2007,,
80301,CO,2,,01/01/2007,,
80305,CO,4.49,,06/01/2007,,
80305,CO,3,,04/01/2007,,
80303,CO,7,,03/01/2008,,
80303,CO,7,,06/01/2008,,
80302,CO,1.5,,06/01/2008,,
80203,CO,4.14,28870,06/22/2009,,
80303,CO,4.5,,08/01/2007,,
80302,CO,9.6,,10/01/2007,,
80302,CO,3.2,,10/01/2007,,
80303,CO,3.28,,06/01/2008,,
80303,CO,2.87,,06/01/2007,,
80303,CO,4,,03/01/2008,,
80304,CO,5.7,,10/01/2007,,
80304,CO,4.8,,01/01/2008,,
80303,CO,4,,01/01/2007,,
80304,CO,9.66,,06/01/2008,,
80303,CO,2.45,,07/01/2007,,
80304,CO,2.3,,11/01/2007,,
80304,CO,3.36,,10/01/2007,,
80304,CO,3,,11/01/2007,,
80304,CO,3.51,,05/01/2008,,
80304,CO,6.15,,06/01/2007,,
80303,CO,2.1,,02/01/2008,,
80304,CO,4,,02/01/2008,,
80303,CO,5.6,,06/01/2007,,
80304,CO,7.31,,05/01/2007,,
80305,CO,4.41,,10/01/2007,,
80304,CO,5.25,,10/01/2007,,
80304,CO,4,,05/01/2007,,
80305,CO,5,,03/01/2007,,
80305,CO,5.6,,09/01/2007,,
80302,CO,34.4,,07/01/2007,,
80304,CO,4,,01/01/2008,,
80302,CO,2,,05/01/2007,,
80027,CO,6.45,47754,05/28/2009,,
80304,CO,11,,01/01/2007,,
80305,CO,7.2,,08/01/2007,,
80305,CO,1.7,,06/01/2007,,
80303,CO,8.8,,06/01/2007,,
80301,CO,2,,02/01/2008,,
80304,CO,4.1,,08/01/2007,,
80304,CO,4.8,,09/01/2007,,
80303,CO,3.15,,01/01/2008,,
80304,CO,4.5,,12/01/2007,,
80305,CO,11,,02/01/2008,,
80304,CO,4,,03/01/2008,,
80304,CO,4.2,,08/01/2007,,
80304,CO,6.3,,12/01/2007,,
80305,CO,7,,08/01/2007,,
80302,CO,9.89,,07/01/2007,,
80304,CO,3.96,,09/01/2007,,
80304,CO,4.5,,05/01/2007,,
80305,CO,9,,03/01/2007,,
80304,CO,22.8,,12/01/2007,,
80304,CO,2.8,,01/01/2008,,
80304,CO,4.2,,09/01/2007,,
80302,CO,3.34,,03/01/2008,,
80304,CO,9.9,,06/01/2008,,
80304,CO,4,,03/01/2007,,
80302,CO,2.8,,01/01/2007,,
80302,CO,2.7,,04/01/2008,,
80305,CO,5.4,,05/01/2008,,
80305,CO,4.3,,09/01/2007,,
80304,CO,1.75,,06/01/2007,,
80304,CO,5.67,,11/01/2007,,
80303,CO,5,,08/01/2007,,
80305,CO,6.15,,09/01/2007,,
80304,CO,2.4,,05/01/2007,,
80304,CO,9.86,,09/01/2007,,
80305,CO,3,,03/01/2008,,
80304,CO,5,,05/01/2007,,
80304,CO,5,,08/01/2007,,
80304,CO,6.3,,04/01/2008,,
80302,CO,5,,12/01/2007,,
80305,CO,5.1,,05/01/2008,,
80305,CO,2.94,,05/01/2008,,
80305,CO,2,,02/01/2008,,
80304,CO,7.49,,03/01/2007,,
80301,CO,3,,06/01/2008,,
80304,CO,3.01,,11/01/2007,,
80304,CO,2.38,,06/01/2008,,
80304,CO,7.22,,12/01/2007,,
80305,CO,6.73,,06/01/2007,,
80303,CO,0.84,,02/01/2008,,
80305,CO,6.84,,06/01/2008,,
80305,CO,2.7,,03/01/2007,,
80303,CO,5,,04/01/2008,,
80305,CO,4.3,,04/01/2007,,
80304,CO,8,,08/01/2007,,
80304,CO,6.08,,04/01/2008,,
80305,CO,3.69,,01/01/2008,,
80304,CO,3.2,,02/01/2007,,
80305,CO,2,,03/01/2007,,
80304,CO,6,,10/01/2007,,
80301,CO,9,,05/01/2007,,
80304,CO,5.67,,08/01/2007,,
80302,CO,6,,07/01/2007,,
80304,CO,3.6,,09/01/2007,,
80305,CO,9.22,,06/01/2008,,
80305,CO,9,,11/01/2007,,
80305,CO,7,,07/01/2007,,
80305,CO,5,,04/01/2008,,
80228,CO,3.8,29587,01/15/2009,,
80303,CO,5.01,,06/01/2007,,
80302,CO,47.15,,01/01/2008,,
80304,CO,5,,10/01/2007,,
80305,CO,8,,05/01/2007,,
80304,CO,8,,07/01/2007,,
80302,CO,2.26,,06/01/2008,,
80305,CO,3,,04/01/2008,,
80302,CO,3,,04/01/2008,,
80302,CO,8,,07/01/2007,,
80301,CO,4.48,,05/01/2008,,
80304,CO,2,,06/01/2007,,
80304,CO,4.3,,04/01/2007,,
80305,CO,4,,10/01/2007,,
80303,CO,3,,04/01/2008,,
80304,CO,2.1,,07/01/2007,,
80302,CO,3,,10/01/2007,,
80302,CO,4,,04/01/2008,,
80302,CO,3,,06/01/2008,,
80305,CO,4,,08/01/2007,,
80304,CO,6.08,,05/01/2008,,
80303,CO,2,,02/01/2007,,
81211,CO,3.36,26244.95,05/26/2009,,
80302,CO,2,,03/01/2008,,
80303,CO,4,,03/01/2007,,
80305,CO,3.78,,10/01/2007,,
80304,CO,3.87,,06/01/2007,,
80302,CO,4.41,,05/01/2008,,
80305,CO,6,,08/01/2007,,
80305,CO,2.15,,06/01/2007,,
80304,CO,3,,04/01/2007,,
80304,CO,4.08,,11/01/2007,,
80305,CO,3.36,,08/01/2007,,
80305,CO,7.38,,03/01/2008,,
80304,CO,2.46,,03/01/2008,,
80304,CO,4.1,,04/01/2008,,
80304,CO,4,,02/01/2007,,
80305,CO,4,,11/01/2007,,
80301,CO,10.3,,02/01/2007,,
80304,CO,2,,05/01/2007,,
80304,CO,4,,06/01/2007,,
80303,CO,4,,07/01/2007,,
80303,CO,4.8,,07/01/2007,,
80305,CO,4.92,,10/01/2007,,
80304,CO,1.9,,07/01/2007,,
80305,CO,4.1,,06/01/2007,,
80304,CO,2.94,,09/01/2007,,
80304,CO,4,,09/01/2007,,
80302,CO,8.4,,06/01/2008,,
80304,CO,4.73,,11/01/2007,,
80305,CO,3.69,,08/01/2007,,
80304,CO,2,,03/01/2007,,
80304,CO,2.76,,03/01/2008,,
80304,CO,2,,04/01/2008,,
80304,CO,1.95,,03/01/2008,,
80303,CO,1.87,,04/01/2008,,
80304,CO,6,,06/01/2008,,
80303,CO,10.56,,06/01/2007,,
80304,CO,3,,01/01/2008,,
80301,CO,5.52,,04/01/2008,,
80304,CO,9.5,,06/01/2008,,
80302,CO,34.4,,03/01/2007,,
80304,CO,1.14,,05/01/2008,,
80304,CO,3.78,,05/01/2007,,
80304,CO,9.76,,02/01/2008,,
80304,CO,4.8,,02/01/2008,,
80305,CO,3.4,,01/01/2007,,
80305,CO,4,,05/01/2007,,
80303,CO,4.9,,06/01/2008,,
80304,CO,4.83,,06/01/2008,,
80302,CO,4,,10/01/2007,,
80304,CO,4.3,,07/01/2007,,
80304,CO,4.5,,04/01/2007,,
80304,CO,2.4,,09/01/2007,,
80303,CO,3.78,,07/01/2007,,
80301,CO,6.34,,06/01/2008,,
80304,CO,5.4,,06/01/2008,,
80302,CO,2,,04/01/2007,,
80304,CO,2.8,,02/01/2008,,
80302,CO,5.2,,08/01/2007,,
80301,CO,28,,10/01/2007,,
80301,CO,6.21,,03/01/2008,,
80305,CO,4.48,,04/01/2008,,
80301,CO,3,,11/01/2007,,
80305,CO,2,,06/01/2008,,
80302,CO,5.1,,06/01/2008,,
80304,CO,2.05,,08/01/2007,,
80305,CO,5,,08/01/2007,,
80304,CO,4.01,,05/01/2008,,
80304,CO,4.8,,11/01/2007,,
80302,CO,1.8,,05/01/2008,,
80301,CO,3.34,,06/01/2007,,
80305,CO,5.4,,06/01/2008,,
80305,CO,2,,04/01/2007,,
80304,CO,10,,09/01/2007,,
80305,CO,4.32,,05/01/2008,,
80304,CO,3.36,,06/01/2008,,
80304,CO,3,,04/01/2008,,
80304,CO,3.78,,02/01/2008,,
80303,CO,4,,12/01/2007,,
80301,CO,48,,02/01/2007,,
80301,CO,3,,04/01/2007,,
80303,CO,3,,03/01/2007,,
80305,CO,3.28,,06/01/2007,,
80304,CO,9.84,,01/01/2008,,
80304,CO,5.5,,10/01/2007,,
80304,CO,7.2,,02/01/2008,,
80304,CO,3,,02/01/2007,,
80304,CO,1,,01/01/2008,,
80304,CO,7,,05/01/2007,,
80304,CO,6,,01/01/2007,,
80305,CO,5,,07/01/2007,,
80304,CO,5,,03/01/2008,,
80305,CO,3.78,,06/01/2008,,
80301,CO,30,,04/01/2007,,
80304,CO,3.68,,03/01/2008,,
80303,CO,5,,02/01/2008,,
80303,CO,2,,06/01/2008,,
80304,CO,4,,12/01/2007,,
80304,CO,5,,04/01/2007,,
80305,CO,5.16,,02/01/2007,,
80302,CO,5.04,,02/01/2008,,
80304,CO,2.04,,03/01/2008,,
80302,CO,10.32,,08/01/2007,,
80304,CO,4.4,,03/01/2008,,
80304,CO,3.2,,06/01/2008,,
80302,CO,3.15,,06/01/2008,,
80027,CO,5.52,,10/22/2009,,
