Zipcode,State,Size (kW DC),Cost,Date Installed,Filters=state=FL
33578,FL,9.945,28365,02/06/2015,,
32779,FL,10.6,,07/31/2014,,
34239,FL,7.25,19000.0,12/18/2013,,
33414,FL,9.28,34000.0,01/16/2014,,
32817,FL,5.376,40976.0,03/08/2012,,
34773,FL,7.6,30000.0,02/08/2012,,
32828,FL,7.92,28900.0,11/27/2012,,
32832,FL,4.68,27932.0,12/06/2012,,
34772,FL,4.2,24000.0,06/22/2012,,
32833,FL,10.2,56785.59,08/21/2012,,
32812,FL,2.25,15100.0,03/21/2012,,
32803,FL,3.36,17600.0,07/12/2012,,
34772,FL,1.11,8919.0,03/12/2012,,
32803,FL,3.36,24500.0,03/21/2012,,
34772,FL,7.5,33200.0,02/01/2012,,
34744,FL,5.06,26000.0,04/02/2012,,
34769,FL,31.2,143973.0,07/16/2012,,
34773,FL,5.75,33500.0,01/12/2012,,
32839,FL,966.98,2893726.0,07/02/2012,,
34769,FL,59.0,290692.45,07/16/2012,,
32804,FL,19.2,124800.0,03/30/2012,,
32808,FL,217.17,1139054.0,05/03/2012,,
32607,FL,31.02,,06/14/2012,,
,FL,5.25,57024.10803,05/11/2007,,
34209,FL,5.25,58918.1161,06/18/2009,,
,FL,5.425,38151.79619,06/15/2007,,
32605,FL,1.8,,02/02/2004,,
,FL,13.1,120057.1176,04/06/2010,,
33110,FL,5.06,29216.61001,06/25/2010,,
,FL,25.2,219860.5997,07/23/2009,,
34209,FL,5.8,40013.44762,12/17/2009,,
,FL,4.875,37454.23356,06/29/2009,,
33957,FL,4.928,43902.39832,06/29/2009,,
32034,FL,4.86,34532.15343,12/29/2009,,
,FL,2.94,27179.14788,03/12/2009,,
32303,FL,4.0,17800.0,01/08/2013,,
34736,FL,7.26,,10/12/2012,,
34736,FL,6.16,,10/11/2012,,
34736,FL,6.16,,10/11/2012,,
34736,FL,6.16,,10/03/2012,,
34736,FL,6.6,,10/02/2012,,
34736,FL,6.16,,10/02/2012,,
34736,FL,7.26,,09/27/2012,,
34736,FL,6.16,,09/27/2012,,
34736,FL,6.6,,09/25/2012,,
34736,FL,6.6,,09/04/2012,,
34736,FL,7.26,,08/27/2012,,
34736,FL,6.16,,08/27/2012,,
32724,FL,6.6,,10/08/2012,,
32724,FL,7.26,,09/14/2012,,
32724,FL,6.16,,08/31/2012,,
32724,FL,6.16,,08/24/2012,,
32724,FL,7.26,,08/01/2012,,
32084,FL,4.41,18200.0,11/17/2012,,
34994,FL,4.9,19584.0,02/02/2012,,
33446,FL,4.9,21268.0,11/23/2011,,
34974,FL,8.64,35048.0,04/21/2011,,
34994,FL,2.68,10704.0,06/29/2010,,
33469,FL,3.89,15552.0,01/29/2010,,
34994,FL,4.9,19584.0,09/17/2009,,
34972,FL,2.48,17374.0,01/20/2009,,
34972,FL,3.67,14688.0,01/06/2009,,
34997,FL,2.04,8160.0,11/06/2008,,
34974,FL,2.45,16902.0,10/13/2008,,
32609,FL,205.0,1453113.0,12/23/2011,,
33556,FL,25.2,,12/29/2008,,
33605,FL,1189.0,,07/12/2012,,
32839,FL,967.0,,06/27/2012,,
32953,FL,1000.0,,11/23/2009,,
33948,FL,5.06,35199.0,12/21/2009,,
33141,FL,3.2,37800.0,09/11/2007,,
32750,FL,5.3,21500.0,06/09/1997,,
34956,FL,2.7,20000.0,09/05/2007,,
34771,FL,2.0,18110.0,02/13/2008,,
32806,FL,20.8,,03/06/2008,,
32832,FL,5.2,50650.0,04/25/2008,,
32801,FL,5.32,42950.0,09/11/2008,,
34771,FL,5.0,41000.0,09/11/2008,,
32833,FL,4.9,39950.0,09/11/2008,,
34772,FL,2.16,25468.0,09/11/2008,,
32805,FL,5.3,43000.0,09/24/2008,,
32801,FL,32.0,256000.0,10/01/2008,,
34771,FL,10.0,91400.0,10/08/2008,,
32833,FL,5.0,40000.0,10/29/2008,,
32814,FL,4.9,34000.0,02/02/2009,,
32828,FL,4.8,39840.0,02/05/2009,,
32839,FL,56.0,,03/24/2009,,
32814,FL,4.8,42500.0,03/24/2009,,
32828,FL,5.0,50000.0,05/05/2009,,
32819,FL,1040.0,7900000.0,05/16/2009,,
32828,FL,4.9,49405.0,06/04/2009,,
32827,FL,5.3,,06/19/2009,,
32803,FL,4.2,38006.0,06/19/2009,,
32701,FL,10.5,111000.0,07/17/2009,,
32828,FL,5.1,40000.0,09/08/2009,,
32828,FL,5.148,43758.0,09/09/2009,,
32828,FL,4.9,35815.0,09/18/2009,,
34771,FL,4.0,34000.0,09/24/2009,,
32833,FL,3.0,33950.0,10/02/2009,,
34769,FL,3.5,29000.0,10/08/2009,,
34773,FL,2.34,15015.0,10/08/2009,,
32803,FL,5.1,31968.0,10/22/2009,,
32828,FL,5.0,47500.0,10/22/2009,,
32803,FL,3.0,29405.0,10/27/2009,,
32804,FL,4.96,41800.0,11/10/2009,,
32803,FL,6.3,49160.0,11/23/2009,,
32804,FL,5.0,37500.0,11/24/2009,,
32807,FL,10.0,116000.0,12/23/2009,,
32835,FL,5.0,36288.0,12/23/2009,,
32833,FL,5.1,39000.0,01/07/2010,,
34769,FL,4.928,36960.0,01/07/2010,,
32812,FL,4.8,41760.0,01/14/2010,,
34772,FL,4.6,38500.0,01/20/2010,,
32832,FL,5.06,,01/27/2010,,
32804,FL,5.06,39855.0,02/11/2010,,
32827,FL,5.0,40000.0,02/11/2010,,
34771,FL,5.28,38500.0,02/12/2010,,
32812,FL,5.04,40000.0,02/25/2010,,
34769,FL,5.0,35000.0,02/25/2010,,
34772,FL,4.92,41000.0,03/10/2010,,
32806,FL,5.19,43601.2,03/11/2010,,
32832,FL,5.0,33476.0,03/11/2010,,
34771,FL,4.92,30750.0,03/11/2010,,
34744,FL,4.928,37860.0,03/22/2010,,
32806,FL,4.9,36960.0,03/22/2010,,
32835,FL,4.8,35400.0,03/22/2010,,
32839,FL,4.8,8010.0,03/24/2010,,
32804,FL,5.04,55000.0,03/25/2010,,
32806,FL,4.752,38367.0,03/25/2010,,
32803,FL,31.5,235496.0,04/22/2010,,
32804,FL,4.14,30511.0,06/04/2010,,
32805,FL,5.28,37000.0,06/28/2010,,
32814,FL,5.17,40075.0,06/28/2010,,
34771,FL,5.06,34000.0,06/28/2010,,
32812,FL,24.4,,07/09/2010,,
32803,FL,5.06,40000.0,07/14/2010,,
32814,FL,5.0,40000.0,07/14/2010,,
32833,FL,5.06,41730.0,07/29/2010,,
32804,FL,5.06,38006.0,07/29/2010,,
32803,FL,4.928,33264.0,08/10/2010,,
32803,FL,2.99,,08/11/2010,,
34772,FL,7.5,22500.0,08/26/2010,,
32828,FL,5.52,,08/26/2010,,
32804,FL,5.06,19000.0,09/01/2010,,
32804,FL,3.5,30000.0,10/01/2010,,
32828,FL,10.12,44000.0,02/25/2011,,
32811,FL,102.4,811824.0,04/07/2011,,
32809,FL,5.5,34375.0,07/27/2011,,
34769,FL,2.0,,08/26/2011,,
32828,FL,1.2,,09/08/2011,,
32608,FL,20.91,83430.9,12/21/2010,,
32608,FL,19.68,78523.2,12/21/2010,,
32608,FL,18.45,73615.5,12/21/2010,,
32609,FL,10.12,54000.0,12/27/2010,,
32605,FL,5.52,32568.0,12/27/2010,,
32653,FL,4.07,24013.0,12/28/2010,,
32607,FL,5.52,32890.0,12/28/2010,,
32606,FL,9.99,58941.0,12/28/2010,,
32608,FL,10.12,54000.0,12/30/2010,,
32608,FL,21.115,84248.85,12/31/1969,,
32608,FL,19.065,76069.35,12/31/1969,,
32607,FL,10.4,61500.0,12/31/1969,,
32608,FL,69.3,379209.6,12/31/1969,,
32608,FL,19.68,78523.2,12/31/1969,,
32608,FL,18.45,73615.5,12/31/1969,,
32608,FL,15.99,63800.1,12/31/1969,,
32608,FL,15.99,63800.1,12/31/1969,,
32606,FL,49.68,259329.6,12/31/1969,,
32653,FL,9.84,61008.0,12/31/1969,,
32608,FL,20.91,83430.9,12/31/1969,,
32606,FL,9.99,54945.0,12/31/1969,,
32606,FL,9.856,64064.0,12/31/1969,,
32601,FL,10.12,54000.0,12/31/1969,,
32653,FL,5.06,27500.0,12/31/1969,,
32653,FL,6.44,37996.0,12/31/1969,,
32605,FL,9.99,58941.0,12/31/1969,,
32608,FL,6.9,37800.0,12/31/1969,,
32605,FL,8.14,48026.0,12/31/1969,,
32641,FL,8.88,52392.0,12/31/1969,,
32641,FL,8.14,48026.0,12/31/1969,,
32641,FL,5.06,27500.0,12/31/1969,,
32607,FL,2.66,15694.0,12/31/1969,,
32608,FL,9.99,58941.0,12/31/1969,,
32607,FL,9.99,58941.0,12/31/1969,,
32608,FL,9.84,41189.0,12/31/1969,,
32605,FL,2.3,13570.0,12/31/1969,,
32641,FL,9.99,58941.0,12/31/1969,,
32608,FL,6.105,36019.5,12/31/1969,,
32608,FL,4.18,24662.0,12/31/1969,,
32606,FL,4.995,29470.5,12/31/1969,,
32607,FL,6.105,36019.5,12/31/1969,,
32608,FL,75.0,419680.0,12/31/1969,,
32605,FL,9.99,58941.0,12/31/1969,,
32608,FL,6.9,30360.0,12/31/1969,,
32607,FL,6.9,32900.0,12/31/1969,,
32605,FL,5.98,30000.0,12/31/1969,,
32605,FL,5.52,32568.0,12/31/1969,,
32607,FL,5.52,30360.0,12/31/1969,,
32605,FL,5.06,27500.0,12/31/1969,,
32653,FL,5.52,32568.0,12/31/1969,,
32605,FL,4.995,29470.5,12/31/1969,,
32609,FL,1006.74,3900000.0,12/31/1969,,
32609,FL,1006.74,3900000.0,12/31/1969,,
32607,FL,9.66,63494.0,12/31/1969,,
32653,FL,2.58,16500.0,12/31/1969,,
32653,FL,8.17,43000.0,12/31/1969,,
32605,FL,5.06,25000.0,12/31/1969,,
32608,FL,9.88,48112.0,12/31/1969,,
32609,FL,67.2,347152.8,12/31/1969,,
32609,FL,64.32,331891.2,12/31/1969,,
32601,FL,10.12,50000.0,12/31/1969,,
32605,FL,254.27,942762.0,12/31/1969,,
32605,FL,96.35,357238.0,12/31/1969,,
32605,FL,5.06,29854.0,12/31/1969,,
32601,FL,9.932,52143.0,06/10/2011,,
32608,FL,124.96,901352.4,12/31/1969,,
32608,FL,74.8,610557.54,12/31/1969,,
32607,FL,9.99,58941.0,12/31/1969,,
32601,FL,9.99,58941.0,12/31/1969,,
32653,FL,5.52,32568.0,12/31/1969,,
32607,FL,5.06,27500.0,12/31/1969,,
32605,FL,5.06,25000.0,12/31/1969,,
32606,FL,8.74,51566.0,12/31/1969,,
32605,FL,5.06,29348.0,12/31/1969,,
32641,FL,10.12,59250.0,12/31/1969,,
32607,FL,4.6,27140.0,12/31/1969,,
32606,FL,6.84,39330.0,08/04/2011,,
32605,FL,9.99,58941.0,12/31/1969,,
32607,FL,25.2,123480.0,12/31/1969,,
32608,FL,5.17,27830.0,12/31/1969,,
32609,FL,500.08,1911186.39,12/31/1969,,
32605,FL,3.42,19665.0,09/02/2011,,
32606,FL,9.9,49500.0,12/31/1969,,
32605,FL,6.08,22500.0,12/31/1969,,
32607,FL,30.24,152233.33,12/31/1969,,
32607,FL,26.04,131233.33,12/31/1969,,
32605,FL,4.56,26904.0,12/31/1969,,
32607,FL,30.24,152233.33,10/19/2011,,
32606,FL,4.8,24000.0,10/21/2011,,
32601,FL,2.3,13570.0,10/26/2011,,
32605,FL,9.24,45275.0,10/27/2011,,
32607,FL,8.25,46612.5,10/27/2011,,
32608,FL,10.32,60000.0,11/10/2011,,
32653,FL,10.12,58696.0,11/29/2011,,
32601,FL,8.28,42600.0,11/29/2011,,
32653,FL,664.58,1795000.0,12/31/1969,,
32606,FL,286.935,1193000.0,12/31/1969,,
32607,FL,7.84,46256.0,12/21/2011,,
32641,FL,50.4,295500.0,12/23/2011,,
32608,FL,51.975,296500.0,12/28/2011,,
32608,FL,51.66,201500.0,12/28/2011,,
32601,FL,32.2,152950.0,12/28/2011,,
32609,FL,51.975,296500.0,12/29/2011,,
32608,FL,43.6,216216.0,12/29/2011,,
32601,FL,10.12,58696.0,12/29/2011,,
32601,FL,102.81,595000.0,12/29/2011,,
32606,FL,8.25,47400.0,12/29/2011,,
32606,FL,51.975,296500.0,12/29/2011,,
32608,FL,104.16,595000.0,12/30/2011,,
32606,FL,8.36,49324.0,12/30/2011,,
32606,FL,27.675,103750.0,12/30/2011,,
32641,FL,27.675,103750.0,12/30/2011,,
32605,FL,27.675,103750.0,12/30/2011,,
32641,FL,27.675,103750.0,12/30/2011,,
32608,FL,156.24,893500.0,12/30/2011,,
32606,FL,6.72,38976.0,12/30/2011,,
32608,FL,8.28,48024.0,12/30/2011,,
33064,FL,5.12,23500.0,03/19/2012,,
32025,FL,76.0,,02/10/2010,,
34996,FL,11.28,41000.0,09/11/2011,,
34479,FL,9.87,38550.0,01/18/2012,,
34951,FL,6.0,36000.0,12/30/2011,,
32803,FL,0.9,4500.0,11/10/2011,,
32803,FL,6.3,48000.0,09/24/2009,,
33325,FL,0.8,10000.0,06/15/2010,,
34236,FL,19.0,117342.0,01/25/2011,,
32907,FL,2.28,22703.0,01/20/2006,,
32164,FL,2.288,20063.2,08/23/2006,,
33626,FL,3.5,32843.0,08/28/2006,,
33853,FL,4.8,46000.0,09/07/2006,,
34212,FL,5.7,37733.6,09/21/2006,,
32312,FL,2.01,33640.4,09/29/2006,,
33486,FL,2.6,26762.65,10/17/2006,,
32309,FL,2.16,32744.02,10/20/2006,,
34240,FL,4.75,38200.0,10/22/2006,,
32080,FL,6.55,43587.0,10/23/2006,,
33455,FL,5.132,45228.0,10/30/2006,,
32738,FL,3.15,43961.9,10/31/2006,,
32608,FL,3.42,33173.2,11/03/2006,,
32836,FL,5.6,39431.0,11/27/2006,,
32826,FL,20.0,140113.4,03/01/2007,,
34104,FL,2.912,30495.0,04/10/2007,,
33701,FL,2.4,22500.0,04/19/2007,,
32953,FL,3.2,22000.0,04/24/2007,,
34773,FL,4.8,48000.0,04/27/2007,,
32812,FL,5.4,51000.0,05/04/2007,,
32174,FL,4.32,45000.0,05/07/2007,,
32314,FL,25.2,182700.0,05/16/2007,,
32334,FL,25.024,169160.0,05/18/2007,,
32334,FL,25.024,169160.0,05/18/2007,,
32043,FL,2.64,27186.0,05/18/2007,,
32806,FL,3.72,24342.0,05/22/2007,,
33405,FL,4.75,54625.0,05/23/2007,,
33513,FL,4.992,48022.0,05/24/2007,,
32218,FL,3.04,24500.0,05/25/2007,,
32073,FL,5.2,44230.0,05/30/2007,,
32605,FL,5.01,30493.67,06/11/2007,,
32086,FL,3.6,41000.0,06/13/2007,,
32250,FL,5.2,47800.0,06/15/2007,,
34949,FL,6.032,60468.8,06/15/2007,,
33812,FL,5.1,27400.0,06/18/2007,,
32309,FL,2.16,25952.0,06/22/2007,,
33432,FL,6.48,52000.0,06/22/2007,,
34243,FL,25.2,200340.0,06/28/2007,,
34223,FL,5.25,51000.0,06/28/2007,,
32724,FL,3.15,22500.0,03/19/2009,,
33330,FL,4.92,31980.0,06/02/2009,,
33330,FL,4.92,31980.0,06/02/2009,,
33401,FL,9.0,43970.0,07/27/2009,,
34221,FL,2.16,18900.0,08/10/2009,,
33332,FL,5.2,42355.9,08/28/2009,,
32901,FL,5.06,37685.0,09/17/2009,,
33872,FL,5.04,41580.0,09/17/2009,,
32258,FL,25.83,177418.0,10/02/2009,,
34758,FL,4.95,41000.0,10/14/2009,,
34243,FL,25.056,195000.0,10/19/2009,,
34112,FL,6.0,59350.0,10/22/2009,,
32174,FL,2.05,15500.0,10/26/2009,,
33332,FL,4.928,48459.0,10/27/2009,,
33809,FL,5.04,41500.0,11/05/2009,,
32606,FL,5.062,32447.0,11/10/2009,,
33471,FL,3.26,10000.0,12/08/2009,,
33156,FL,7.088,80580.0,12/22/2009,,
32571,FL,5.04,32985.0,12/28/2009,,
32608,FL,6.75,19517.28,12/28/2009,,
33036,FL,7.98,,02/02/2010,,
32806,FL,5.0,43601.2,02/10/2010,,
34714,FL,2.1,20000.0,02/11/2010,,
33950,FL,13.11,98475.0,02/18/2010,,
32724,FL,3.15,22556.84,02/23/2010,,
33193,FL,2.05,16000.0,03/10/2010,,
33912,FL,4.0,23250.0,03/23/2010,,
34491,FL,7.4,46250.0,03/24/2010,,
32714,FL,10.15,81200.0,03/26/2010,,
32082,FL,9.362,78454.0,03/30/2010,,
34240,FL,7.56,104846.6,04/01/2010,,
32420,FL,2.028,14120.0,04/02/2010,,
33311,FL,5.2,44200.0,04/03/2010,,
33043,FL,5.2,45919.0,04/05/2010,,
32803,FL,31.68,235496.0,04/07/2010,,
34652,FL,2.53,32000.0,04/07/2010,,
32174,FL,7.0,44541.0,04/10/2010,,
33418,FL,5.4,58581.41,04/11/2010,,
33458,FL,3.0,22500.0,04/15/2010,,
32746,FL,5.0,40000.0,04/16/2010,,
33565,FL,2.4,14990.07,04/16/2010,,
32746,FL,9.69,48934.5,04/19/2010,,
33321,FL,25.38,184600.0,04/20/2010,,
34232,FL,5.06,42000.0,04/20/2010,,
33157,FL,9.8,174779.7,04/20/2010,,
34102,FL,5.04,33470.0,04/21/2010,,
32804,FL,4.14,31910.0,04/21/2010,,
34239,FL,9.86,49793.0,04/22/2010,,
33324,FL,24.195,176523.0,04/22/2010,,
32618,FL,3.68,34240.0,04/23/2010,,
34476,FL,5.04,32760.0,04/23/2010,,
32806,FL,9.69,24038.0,04/23/2010,,
32811,FL,4.0,20200.0,04/23/2010,,
32114,FL,10.2,51510.0,04/23/2010,,
33904,FL,7.285,50630.0,04/28/2010,,
32966,FL,2.52,21420.0,04/28/2010,,
34655,FL,5.06,32312.0,04/29/2010,,
33311,FL,8.52,68160.0,04/29/2010,,
32605,FL,5.28,36960.0,04/29/2010,,
32810,FL,5.06,37200.0,04/29/2010,,
33556,FL,5.33,35200.0,04/29/2010,,
32747,FL,5.06,35400.0,04/30/2010,,
34236,FL,6.24,40269.5,04/30/2010,,
32812,FL,9.66,27244.56,04/30/2010,,
33908,FL,8.5,14000.0,04/30/2010,,
32726,FL,2.35,9000.0,04/30/2010,,
33884,FL,5.06,25000.0,04/30/2010,,
33594,FL,5.06,35000.0,05/01/2010,,
32304,FL,25.2,220000.0,05/01/2010,,
34747,FL,2.99,24000.0,05/04/2010,,
33772,FL,2.688,24480.0,05/05/2010,,
34223,FL,5.06,30734.0,05/06/2010,,
34771,FL,5.06,34200.0,05/07/2010,,
32765,FL,9.66,27081.44,05/07/2010,,
33928,FL,5.28,34500.0,05/07/2010,,
32080,FL,5.06,37191.0,05/07/2010,,
32168,FL,3.24,45000.0,05/10/2010,,
33950,FL,5.0,32000.0,05/10/2010,,
34481,FL,5.04,50000.0,05/10/2010,,
33844,FL,11.7,72540.0,05/10/2010,,
33143,FL,5.184,44030.0,05/11/2010,,
32764,FL,2.1,13000.0,05/12/2010,,
32033,FL,5.824,44600.0,05/12/2010,,
32819,FL,25.3,166570.0,05/12/2010,,
32702,FL,5.64,39141.41,05/13/2010,,
32034,FL,5.17,39584.0,05/13/2010,,
32312,FL,48.0,646560.0,05/14/2010,,
32312,FL,48.0,614400.0,05/15/2010,,
32456,FL,5.4,33816.0,05/15/2010,,
33487,FL,5.74,51520.0,05/18/2010,,
32732,FL,5.06,40000.0,05/18/2010,,
33311,FL,26.112,185000.0,05/18/2010,,
32766,FL,5.06,35640.0,05/18/2010,,
34117,FL,5.28,40340.0,05/19/2010,,
34429,FL,5.04,33160.0,05/20/2010,,
34109,FL,3.15,21000,05/20/2010,,
33604,FL,5.25,33862.0,05/20/2010,,
32738,FL,5.06,40000.0,05/20/2010,,
32169,FL,7.2,41014.0,05/21/2010,,
32174,FL,4.928,33000.0,05/22/2010,,
33037,FL,5.04,24000.0,05/22/2010,,
32744,FL,5.06,35000.0,05/23/2010,,
33405,FL,4.928,49280.0,05/24/2010,,
34769,FL,2.05,16000.0,05/24/2010,,
33801,FL,5.06,40000.0,05/24/2010,,
34240,FL,5.06,29750.0,05/24/2010,,
32322,FL,5.52,35000.0,05/24/2010,,
33146,FL,4.92,40030.0,05/25/2010,,
32114,FL,5.25,31500.0,05/25/2010,,
32159,FL,5.04,42000.0,05/25/2010,,
32348,FL,5.4,31625.0,05/25/2010,,
32738,FL,5.06,40000.0,05/25/2010,,
33914,FL,6.3,39069.0,05/26/2010,,
33930,FL,5.88,33000.0,05/26/2010,,
32825,FL,5.06,35420.0,05/26/2010,,
32708,FL,5.28,38000.0,05/26/2010,,
32254,FL,10.0,77850.0,05/27/2010,,
32804,FL,5.06,37006.0,05/27/2010,,
32312,FL,49.68,678132.0,05/27/2010,,
32312,FL,27.6,399044.0,05/27/2010,,
34436,FL,3.22,24900.0,05/27/2010,,
32317,FL,5.376,29984.0,05/27/2010,,
34491,FL,4.14,32000.0,05/27/2010,,
32183,FL,5.06,35420.0,05/27/2010,,
34446,FL,5.04,34272.0,05/28/2010,,
33901,FL,5.376,35200.0,05/28/2010,,
32162,FL,5.06,36685.0,05/28/2010,,
34465,FL,4.68,23231.0,05/28/2010,,
33157,FL,2.592,22000.0,05/31/2010,,
32312,FL,57.6,737280.0,05/31/2010,,
32803,FL,5.06,35000.0,06/01/2010,,
32168,FL,5.25,37145.0,06/01/2010,,
34688,FL,6.12,,06/01/2010,,
33401,FL,2.94,22500.0,06/02/2010,,
34655,FL,8.28,56495.0,06/02/2010,,
33470,FL,5.184,51840.0,06/03/2010,,
34285,FL,4.84,37527.0,06/03/2010,,
32720,FL,5.52,35000.0,06/03/2010,,
32223,FL,5.12,37200.0,06/03/2010,,
34285,FL,4.84,33880.0,06/04/2010,,
33606,FL,16.28,112659.0,06/04/2010,,
32746,FL,5.06,40000.0,06/04/2010,,
34974,FL,6.3,44000.0,06/04/2010,,
33139,FL,14.58,93087.23,06/05/2010,,
33184,FL,5.06,34869.4,06/05/2010,,
33460,FL,4.95,32351.8,06/05/2010,,
32766,FL,5.28,35480.0,06/05/2010,,
33176,FL,4.56,37772.0,06/06/2010,,
34683,FL,5.17,62990.0,06/07/2010,,
34683,FL,5.17,62990.0,06/07/2010,,
32744,FL,5.06,32000.0,06/07/2010,,
32226,FL,14.06,29460.0,06/07/2010,,
32726,FL,7.095,51861.0,06/08/2010,,
32822,FL,5.06,40000.0,06/08/2010,,
32746,FL,9.9,52000.0,06/08/2010,,
32189,FL,4.928,40325.0,06/08/2010,,
32301,FL,9.24,80850.0,06/08/2010,,
33305,FL,2.688,26880.0,06/09/2010,,
32113,FL,25.0,169530.0,06/09/2010,,
32311,FL,9.6,62500.0,06/09/2010,,
32714,FL,5.28,40000.0,06/09/2010,,
32303,FL,25.2,185000.0,06/09/2010,,
34741,FL,5.06,40000.0,06/10/2010,,
32168,FL,5.25,36877.0,06/10/2010,,
32322,FL,5.2,29285.7,06/10/2010,,
33458,FL,4.032,40320.0,06/10/2010,,
34604,FL,2.76,18200.0,06/10/2010,,
33572,FL,8.25,50000.0,06/10/2010,,
32169,FL,4.86,27685.0,06/10/2010,,
32351,FL,5.4,29045.0,06/10/2010,,
32351,FL,2.16,19035.0,06/10/2010,,
32703,FL,12.88,87584.0,06/11/2010,,
34655,FL,10.12,62000.0,06/11/2010,,
33070,FL,5.17,37230.0,06/11/2010,,
32141,FL,4.86,27685.0,06/11/2010,,
32775,FL,5.06,40000.0,06/11/2010,,
32303,FL,4.92,35000.0,06/12/2010,,
32828,FL,5.52,39855.0,06/12/2010,,
34223,FL,15.18,91500.0,06/14/2010,,
33525,FL,4.92,31980.0,06/14/2010,,
32750,FL,5.06,40000.0,06/14/2010,,
33157,FL,5.04,45025.0,06/14/2010,,
32119,FL,5.06,40000.0,06/14/2010,,
32003,FL,5.06,40000.0,06/14/2010,,
33625,FL,4.14,33120.0,06/14/2010,,
32708,FL,5.06,40000.0,06/15/2010,,
34986,FL,5.06,43322.0,06/15/2010,,
32724,FL,5.16,37637.0,06/15/2010,,
32771,FL,5.06,40000.0,06/16/2010,,
32174,FL,7.26,50000.0,06/16/2010,,
32967,FL,2.52,22040.0,06/16/2010,,
34239,FL,7.2,51288.0,06/16/2010,,
32351,FL,5.4,29736.0,06/16/2010,,
33881,FL,10.12,62000.0,06/17/2010,,
33157,FL,4.928,39280.0,06/17/2010,,
32316,FL,9.24,83000.0,06/17/2010,,
32828,FL,5.64,45906.0,06/17/2010,,
32250,FL,4.995,28000.0,06/17/2010,,
32110,FL,5.04,28000.0,06/17/2010,,
34613,FL,5.17,39995.0,06/17/2010,,
32837,FL,5.06,30000.0,06/17/2010,,
34683,FL,4.715,25707.0,06/17/2010,,
32720,FL,5.06,35334.0,06/17/2010,,
34202,FL,5.06,32000.0,06/18/2010,,
33157,FL,4.928,39280.0,06/18/2010,,
34135,FL,5.0,30000.0,06/18/2010,,
34216,FL,5.17,31020.0,06/18/2010,,
33311,FL,175.032,1400256.0,06/18/2010,,
32082,FL,5.06,37500.0,06/18/2010,,
33767,FL,5.33,29484.0,06/18/2010,,
32308,FL,5.4,31500.0,06/18/2010,,
32118,FL,5.04,35000.0,06/19/2010,,
33703,FL,2.08,16983.0,06/20/2010,,
33703,FL,2.08,18960.0,06/20/2010,,
32086,FL,4.84,37141.0,06/20/2010,,
33433,FL,6.33,27878.0,06/20/2010,,
33707,FL,5.1,31000.0,06/20/2010,,
33922,FL,5.376,18559.94,06/20/2010,,
34746,FL,5.06,40000.0,06/21/2010,,
32828,FL,5.28,40000.0,06/21/2010,,
34110,FL,5.0,38542.0,06/21/2010,,
32738,FL,5.06,13622.28,06/21/2010,,
32708,FL,3.055,19790.0,06/21/2010,,
34239,FL,5.06,39055.0,06/21/2010,,
33460,FL,5.17,43260.0,06/21/2010,,
33596,FL,3.15,18643.0,06/21/2010,,
32832,FL,5.06,40000.0,06/22/2010,,
32836,FL,5.06,40000.0,06/22/2010,,
32176,FL,6.9,27000.0,06/22/2010,,
32256,FL,2.3,18975.0,06/22/2010,,
33139,FL,6.9,64462.0,06/22/2010,,
34216,FL,2.82,16920.0,06/22/2010,,
34685,FL,5.17,39995.0,06/22/2010,,
32316,FL,12.32,107000.0,06/22/2010,,
32927,FL,3.22,,06/22/2010,,
32814,FL,5.17,40075.0,06/22/2010,,
33764,FL,25.92,139650.0,06/22/2010,,
32317,FL,15.75,72708.0,06/22/2010,,
32935,FL,4.14,37500.0,06/23/2010,,
33573,FL,5.06,45000.0,06/23/2010,,
32746,FL,5.28,40000.0,06/23/2010,,
33823,FL,31.16,159106.0,06/23/2010,,
34242,FL,5.0,39542.0,06/23/2010,,
32904,FL,2.3,16200.0,06/23/2010,,
34135,FL,25.0,170000.0,06/23/2010,,
34135,FL,5.0,30000.0,06/23/2010,,
32738,FL,4.14,32000.0,06/23/2010,,
32034,FL,5.06,36914.0,06/23/2010,,
33449,FL,4.8,25000.0,06/23/2010,,
33830,FL,26.085,175000.0,06/23/2010,,
34222,FL,5.06,45212.0,06/23/2010,,
32950,FL,6.48,35640.0,06/24/2010,,
32024,FL,2.1,15500.0,06/24/2010,,
32735,FL,2.53,20000.0,06/24/2010,,
32713,FL,4.848,36141.0,06/24/2010,,
32616,FL,48.6,304500.0,06/24/2010,,
33179,FL,24.675,185062.5,06/24/2010,,
33160,FL,26.085,195637.5,06/24/2010,,
33173,FL,4.95,49500.0,06/24/2010,,
33647,FL,5.06,32000.0,06/24/2010,,
34667,FL,4.08,23000.0,06/24/2010,,
34667,FL,4.08,23000.0,06/24/2010,,
34683,FL,5.06,34102.0,06/24/2010,,
32835,FL,5.06,26346.0,06/24/2010,,
33706,FL,5.17,42995.0,06/24/2010,,
33956,FL,4.83,24800.0,06/24/2010,,
33706,FL,5.33,36540.0,06/24/2010,,
33756,FL,5.98,39767.0,06/24/2010,,
32309,FL,5.25,29856.0,06/24/2010,,
34293,FL,4.32,25525.49,06/25/2010,,
32312,FL,28.8,398640.0,06/25/2010,,
32169,FL,2.52,16380.0,06/25/2010,,
32935,FL,4.2,31000.0,06/25/2010,,
34216,FL,24.675,148050.0,06/25/2010,,
32768,FL,5.52,33120.0,06/25/2010,,
33955,FL,7.92,54791.0,06/25/2010,,
33647,FL,5.06,32000.0,06/25/2010,,
32736,FL,8.8,56048.08,06/25/2010,,
33156,FL,4.928,38888.0,06/25/2010,,
33018,FL,4.92,33230.0,06/25/2010,,
33407,FL,25.344,210000.0,06/25/2010,,
32256,FL,2.3,18975.0,06/25/2010,,
34239,FL,5.06,44081.0,06/25/2010,,
34293,FL,20.025,123500.0,06/25/2010,,
32082,FL,25.2,150000.0,06/25/2010,,
32082,FL,25.2,150000.0,06/25/2010,,
33460,FL,7.92,65000.0,06/25/2010,,
33634,FL,5.06,42000.0,06/26/2010,,
32176,FL,2.0,15300.0,06/26/2010,,
32796,FL,2.64,16390.0,06/27/2010,,
32312,FL,43.2,552960.0,06/27/2010,,
32312,FL,28.8,398640.0,06/27/2010,,
34205,FL,48.07,399000.0,06/27/2010,,
32308,FL,14.4,190944.0,06/27/2010,,
34117,FL,5.616,43660.0,06/27/2010,,
33143,FL,4.73,39424.0,06/27/2010,,
33596,FL,5.04,40000.0,06/28/2010,,
34217,FL,5.25,33643.5,06/28/2010,,
34219,FL,25.344,147000.0,06/28/2010,,
32789,FL,5.28,37655.0,06/28/2010,,
33042,FL,5.16,59000.0,06/28/2010,,
33655,FL,5.06,32312.0,06/28/2010,,
32309,FL,9.856,42250.0,06/28/2010,,
32301,FL,8.97,78500.0,06/28/2010,,
33311,FL,26.88,193750.0,06/28/2010,,
33919,FL,6.72,52900.0,06/28/2010,,
34231,FL,2.0,20000.0,06/28/2010,,
32825,FL,24.84,176350.0,06/28/2010,,
32348,FL,5.4,42304.0,06/28/2010,,
32779,FL,7.59,60000.0,06/29/2010,,
32779,FL,5.06,29000.0,06/29/2010,,
32127,FL,8.28,,06/29/2010,,
34744,FL,5.06,40000.0,06/29/2010,,
32814,FL,4.6,40000.0,06/29/2010,,
32723,FL,5.06,40000.0,06/29/2010,,
33410,FL,5.06,43300.0,06/29/2010,,
34994,FL,2.676,19100.0,06/29/2010,,
33637,FL,5.06,24990.0,06/29/2010,,
33523,FL,5.24,34370.69,06/29/2010,,
33709,FL,4.0,30400.0,06/29/2010,,
33708,FL,5.17,39995.0,06/29/2010,,
33765,FL,5.17,,06/29/2010,,
32606,FL,8.064,47577.0,06/29/2010,,
32169,FL,4.86,27685.0,06/29/2010,,
32310,FL,4.9,16000.0,06/29/2010,,
32312,FL,4.05,29648.0,06/29/2010,,
33467,FL,4.928,39424.0,06/29/2010,,
34476,FL,5.04,34272.0,06/29/2010,,
32316,FL,34.32,75000.0,06/29/2010,,
32316,FL,25.74,220000.0,06/29/2010,,
33713,FL,24.84,185392.0,06/29/2010,,
33713,FL,24.84,185392.0,06/29/2010,,
32312,FL,43.2,552960.0,06/29/2010,,
32312,FL,23.04,356918.0,06/30/2010,,
32312,FL,26.32,348740.0,06/30/2010,,
32312,FL,52.64,697480.0,06/30/2010,,
32312,FL,39.48,440202.0,06/30/2010,,
32312,FL,14.4,198288.0,06/30/2010,,
32312,FL,39.48,440202.0,06/30/2010,,
33703,FL,2.08,17625.0,06/30/2010,,
32837,FL,5.28,40000.0,06/30/2010,,
34475,FL,5.4,35500.0,06/30/2010,,
33991,FL,5.04,31900.0,07/30/2010,,
32189,FL,2.05,3858.16,08/08/2010,,
32952,FL,4.8,29300.0,09/29/2010,,
34691,FL,0.2,600.0,01/18/2011,,
32084,FL,8.74,32000.0,10/01/2009,,
32958,FL,4140.0,,03/15/2010,,
32608,FL,25.2,,08/09/2009,,
32608,FL,25.2,,08/08/2009,,
32608,FL,8.28,,12/16/2010,,
32606,FL,5.06,,12/10/2010,,
32608,FL,23.985,,12/11/2010,,
32608,FL,20.295,,12/10/2010,,
32609,FL,58.52,,12/08/2010,,
32609,FL,58.52,,12/08/2010,,
32607,FL,104.72,,12/03/2010,,
32608,FL,532.84,,12/03/2010,,
32608,FL,535.92,,12/03/2010,,
32608,FL,258.72,,12/03/2010,,
32608,FL,258.72,,12/03/2010,,
32606,FL,70.84,,12/02/2010,,
32609,FL,64.68,,12/02/2010,,
32609,FL,61.6,,12/02/2010,,
32606,FL,23.76,126150.0,11/21/2010,,
32608,FL,4.1,25000.0,07/09/2010,,
32603,FL,50.0,251278.0,06/18/2010,,
32608,FL,25.2,102564.0,06/10/2010,,
32608,FL,29.6,120513.0,06/09/2010,,
32608,FL,28.77,117093.9,06/08/2010,,
32608,FL,21.84,88889.0,05/04/2010,,
32608,FL,11.76,47863.0,05/03/2010,,
32608,FL,21.42,87179.0,05/02/2010,,
32608,FL,26.46,107692.0,05/01/2010,,
32608,FL,56.7,230769.0,04/30/2010,,
32601,FL,5.0,36960.0,04/29/2010,,
32608,FL,17.64,71795.0,04/08/2010,,
32608,FL,17.64,71795.0,04/07/2010,,
32608,FL,25.83,105128.0,04/06/2010,,
32608,FL,17.64,71795.0,04/05/2010,,
32608,FL,34.02,138461.0,04/04/2010,,
32608,FL,21.84,88889.0,04/03/2010,,
32608,FL,26.46,107692.0,04/02/2010,,
32606,FL,72.576,450579.04,01/22/2010,,
32608,FL,3.2,32928.0,01/19/2010,,
32607,FL,24.75,142985.0,10/19/2009,,
32608,FL,25.2,100000.0,01/10/2009,,
32608,FL,6.6,38000.0,04/16/2010,,
32605,FL,5.1,32447.0,11/24/2009,,
32605,FL,5.25,36200.0,01/11/2010,,
32653,FL,5.04,50000.0,06/21/2010,,
32653,FL,5.17,31000.0,02/17/2010,,
32653,FL,3.3,16725.0,01/08/2010,,
32607,FL,10.2,68310.0,08/16/2010,,
32606,FL,5.04,42025.0,03/15/2010,,
32605,FL,2.82,18000.0,05/30/2010,,
32601,FL,5.4,,12/16/2009,,
32606,FL,8.064,47577.0,07/21/2010,,
32601,FL,25.0,,07/20/2010,,
33755,FL,4.8,,08/15/2009,,
32605,FL,4.725,27878,08/20/2009,,
32605,FL,1.68,,02/02/2004,,
32605,FL,4.725,28114,07/02/2009,,
32609,FL,25,200000,03/01/2009,,
32608,FL,1.68,,02/02/2004,,
34266,FL,27600,152200000,10/27/2009,,
33418,FL,2,,06/29/2007,,
32169,FL,2.4,,10/29/2001,,
34611,FL,3.96,,01/15/2004,,
34478,FL,1.8,,12/21/2001,,
32601,FL,6,52500,01/14/2008,,
32606,FL,4.752,35000,09/11/2009,,
32653,FL,2.4,,12/18/2002,,
32605,FL,25.2,210000,02/10/2008,,
32605,FL,2.9,21302,07/02/2009,,
32566,FL,2.4,,07/04/2002,,
32216,FL,4,,06/01/1983,,
32607,FL,24.75,,10/20/2009,,
32120,FL,4,,06/28/2004,,
32607,FL,25.2,200000,06/06/2008,,
32641,FL,4.8,30000,06/05/2009,,
33040,FL,14.4,,05/01/2002,,
32606,FL,5.25,30975,08/12/2009,,
32169,FL,2.4,,12/03/2001,,
32605,FL,2.5,33875,04/17/2007,,
33804,FL,4.05,,03/01/1998,,
32605,FL,4.752,27878,08/27/2009,,
32605,FL,5.6,50000,05/13/2009,,
32605,FL,4.8,44000,07/11/2008,,
32607,FL,5.16,45360,01/06/2009,,
32605,FL,3.348,23636,10/15/2008,,
32606,FL,2.76,24000,08/10/2009,,
34746,FL,4.14,,09/01/1999,,
32953,FL,11480,71000000.0,04/16/2010,,
32607,FL,4.992,30000,12/19/2007,,
32601,FL,24.3,222015,12/10/2008,,
32779,FL,3.96,,12/02/2003,,
32808,FL,2.4,,06/27/2002,,
32607,FL,4.2,31045,05/19/2008,,
32601,FL,2.4,22700,10/15/2007,,
32653,FL,16.8,139760,02/12/2008,,
33845,FL,0.96,,01/25/2002,,
32169,FL,1.2,,09/08/2000,,
32609,FL,11.07,81400,05/13/2009,,
32614,FL,10,,12/18/2002,,
32601,FL,25.1,,09/18/2009,,
32608,FL,25.2,135576,08/25/2009,,
33804,FL,1.8,,07/01/1999,,
32653,FL,5.25,35000,09/08/2009,,
32606,FL,5.04,50000,09/18/2008,,
33109,FL,2.4,,08/01/2002,,
33845,FL,0.96,,11/22/2001,,
32608,FL,75,450000,09/02/2009,,
32607,FL,4.8,44000,02/18/2008,,
32169,FL,3.36,,02/01/2000,,
32601,FL,5,35000,08/03/2009,,
32216,FL,3.96,,09/29/2000,,
32808,FL,3.9,,10/01/2000,,
32606,FL,5.04,40320,06/10/2008,,
32605,FL,4.8,29275,08/26/2009,,
32641,FL,24.8,150000,09/11/2009,,
32808,FL,3.6,,08/24/2001,,
32653,FL,3,29410,07/10/2007,,
32653,FL,5.25,37000,06/03/2009,,
32216,FL,3.96,,09/20/2000,,
32169,FL,2.4,,05/15/2000,,
32216,FL,4.08,,11/16/1999,,
32808,FL,3.6,,12/19/2001,,
33918,FL,4.76,,10/08/2003,,
32606,FL,25.2,224700,10/10/2008,,
32790,FL,3.6,,12/01/2003,,
32606,FL,6.93,72000,01/15/2008,,
32608,FL,5.2,54626,01/22/2007,,
32607,FL,5.6,49000,02/06/2009,,
34211,FL,1.98,,04/01/2008,,
32605,FL,5.1,33000,07/11/2008,,
32309,FL,5.4,46000,08/01/2007,,
32607,FL,5.04,48000,09/10/2009,,
32605,FL,4.992,31000,11/30/2007,,
34982,FL,2.4,,06/04/2002,,
32952,FL,1.2,,07/20/2002,,
32601,FL,24.8,,09/18/2009,,
32601,FL,25.2,215000,12/19/2007,,
32608,FL,25.2,135576,08/17/2009,,
33037,FL,2.88,,06/01/2002,,
32606,FL,2.72,,03/13/2008,,
32607,FL,4.8,43500,03/26/2008,,
34689,FL,2.16,,01/04/2002,,
34478,FL,2.1,,01/30/2007,,
32601,FL,3,32000,05/02/2007,,
33109,FL,2,,06/29/2007,,
32604,FL,1.8,,12/15/2002,,
32608,FL,25.2,135576,08/07/2009,,
32608,FL,13.65,89070,06/29/2009,,
32608,FL,23.65,240350,05/15/2009,,
32216,FL,2.04,,08/02/2002,,
33617,FL,14,,03/02/2000,,
34211,FL,4.76,,10/09/2003,,
33045,FL,4.8,,04/29/2002,,
32195,FL,1.28,,02/15/2002,,
32216,FL,6,,12/20/2002,,
32653,FL,4.8,43000,10/19/2007,,
32604,FL,4.8,,01/30/2004,,
32314,FL,5.94,,12/15/2003,,
32407,FL,3.96,,01/01/2001,,
32601,FL,5.04,47880,07/02/2009,,
32605,FL,4.725,47014,10/04/2007,,
32605,FL,14.4,126800,09/30/2008,,
34746,FL,2.34,,09/01/1999,,
32606,FL,73.71,164869,03/12/2009,,
34234,FL,250,,10/01/2007,,
32713,FL,0.96,,01/28/2002,,
32605,FL,4.95,47025,08/04/2009,,
32653,FL,5.25,36000,06/19/2009,,
33484,FL,2.4,,06/17/2002,,
32216,FL,3.96,,09/01/2000,,
32604,FL,10,,06/01/1995,,
33804,FL,24,,11/01/2008,,
32169,FL,2.4,,03/12/2001,,
32808,FL,5.4,,04/01/2002,,
32808,FL,3.6,,08/20/2001,,
32605,FL,4.992,32000,12/23/2007,,
32169,FL,4.8,,03/19/2002,,
32605,FL,5.04,52800,12/15/2007,,
32601,FL,47.52,299376,10/09/2008,,
32627,FL,4.8,,06/14/2004,,
32606,FL,4.752,27878,09/03/2009,,
32904,FL,1.8,,12/01/2002,,
32169,FL,4.05,,06/01/1999,,
32608,FL,10.08,65000,04/17/2008,,
33778,FL,1.2,,12/04/2002,,
32601,FL,74.3,,09/18/2009,,
32605,FL,4.2,25100,12/28/2007,,
32899,FL,988,6359027,10/14/2009,,
32601,FL,25.2,150000,09/08/2009,,
32604,FL,1.2,,12/15/2002,,
32605,FL,5.04,,10/09/2009,,
32606,FL,5.7,47900,01/15/2009,,
32605,FL,5.01,33000,06/11/2007,,
32608,FL,2.7,27048,09/24/2009,,
32808,FL,2.1,,12/01/2007,,
32609,FL,5.04,52000,01/26/2009,,
32607,FL,5.06,48000,07/02/2009,,
32653,FL,25.3,164980,07/02/2009,,
32808,FL,3.6,,09/20/2001,,
32606,FL,5.184,32560,09/11/2009,,
34778,FL,0.8,,02/26/2002,,
33732,FL,2.1,,07/01/2007,,
32605,FL,4.509,30000,12/15/2007,,
33481,FL,5,,10/20/2003,,
32216,FL,1.8,,12/20/2002,,
32609,FL,26.2,215000,03/02/2009,,
34778,FL,3.6,,06/02/2003,,
32216,FL,4.76,,09/02/2003,,
32653,FL,25.2,240000,01/29/2008,,
33016,FL,26.112,,08/01/2008,,
32605,FL,5.1,33954,07/01/2008,,
32956,FL,2.4,,07/20/2002,,
32591,FL,2.88,,12/10/2002,,
32216,FL,6.16,,09/10/2003,,
32169,FL,2.4,,03/01/2002,,
33804,FL,1.8,,06/01/2000,,
32216,FL,3.96,,09/28/2000,,
32601,FL,16.5,,09/18/2009,,
32607,FL,3.6,22000,01/13/2009,,
32608,FL,3.22,27048,07/30/2008,,
32606,FL,3.06,24300,06/19/2008,,
33436,FL,2.1,,05/01/2007,,
33481,FL,26.112,,06/01/2008,,
32591,FL,3.96,,09/05/2003,,
32653,FL,4.725,28114,07/02/2009,,
32653,FL,25.83,206154,10/06/2009,,
32606,FL,5.06,46805,08/07/2009,,
32757,FL,2.004,,01/19/2007,,
32608,FL,1.7,,12/18/2002,,
32169,FL,3.6,,12/14/2001,,
32604,FL,1.68,,01/15/2004,,
32653,FL,5.25,31500,08/19/2009,,
32653,FL,5.04,44000,06/19/2009,,
32608,FL,25.2,213000,03/18/2009,,
32314,FL,9.962,,04/25/2000,,
32605,FL,2.8,18500,06/10/2009,,
32169,FL,0.6,,06/28/2004,,
32606,FL,3.15,16288,12/28/2007,,
33732,FL,4.008,,11/29/2007,,
34778,FL,1.2,,08/10/2001,,
32606,FL,2.8,25987,06/23/2008,,
32601,FL,25.2,,09/18/2009,,
32605,FL,5.04,40000,08/10/2009,,
32216,FL,4.56,,07/07/2000,,
32607,FL,4.8,44000,03/11/2008,,
32904,FL,4.8,,12/20/2003,,
32216,FL,4.08,,05/05/2000,,
32606,FL,5.04,40320,09/26/2008,,
32407,FL,3.96,,03/19/2004,,
33804,FL,2.025,,04/01/1998,,
32601,FL,49.5,311220,10/09/2008,,
32790,FL,1.6,,05/01/2007,,
32314,FL,3.84,,01/23/2002,,
32606,FL,3,29000,04/30/2007,,
32653,FL,5.67,47250,07/02/2009,,
32653,FL,5.04,52920,07/15/2008,,
32605,FL,4.62,38840,07/02/2009,,
32606,FL,5.06,43328,08/26/2009,,
32606,FL,25.432,244744,04/27/2009,,
32607,FL,4.8,43000,02/21/2008,,
32609,FL,21.4,,10/20/2009,,
32314,FL,18,,06/01/1994,,
32605,FL,3.85,23100,01/30/2009,,
32952,FL,2.05,,04/08/2008,,
32606,FL,4.725,30088,06/05/2009,,
34778,FL,9.6,,07/31/2002,,
32608,FL,25.2,100000,01/09/2009,,
32808,FL,2.004,,12/09/2008,,
32216,FL,12,,07/07/2003,,
33050,FL,5.3,38000,12/31/2009,,
32608,FL,3.42,33593,12/20/2006,,
32608,FL,4.8,44000,02/05/2009,,
32607,FL,5.19,31901,07/14/2009,,
34134,FL,2.048,,05/31/2002,,
33804,FL,1.8,,01/04/1998,,
32601,FL,8.6,,09/18/2009,,
32609,FL,25.2,176400,04/27/2009,,
32609,FL,11,88000,05/08/2009,,
32216,FL,3.96,,08/24/2000,,
32605,FL,5,33000,10/12/2007,,
33418,FL,26.112,,11/25/2008,,
32808,FL,15,,08/23/1988,,
32606,FL,5.04,38780,08/27/2009,,
32607,FL,20,195930,05/15/2009,,
32216,FL,3.96,,09/25/2000,,
32601,FL,25.2,180000,04/17/2009,,
32601,FL,24.5,145537,02/17/2009,,
33617,FL,10.5,,03/27/2007,,
32605,FL,3.15,32596,12/21/2007,,
33617,FL,2.1,,11/15/2007,,
32216,FL,3.96,,09/21/2000,,
32605,FL,4.16,27727,10/18/2007,,
32216,FL,4.2,,05/26/2000,,
32605,FL,4.464,33332,04/21/2009,,
33732,FL,3.96,,11/12/2003,,
32605,FL,5.04,52920,07/02/2009,,
34956,FL,9.975,,08/01/1999,,
32606,FL,5.06,52000,11/07/2008,,
32653,FL,5.04,17640.0,12/27/2012,,
32653,FL,7.5,26250.0,12/27/2012,,
32601,FL,3.54,12390.0,12/27/2012,,
32605,FL,3.5,12250.0,12/20/2012,,
32607,FL,5.76,,12/14/2012,,
32653,FL,3.75,13794.0,12/14/2012,,
32601,FL,5.0,,11/21/2012,,
32607,FL,6.24,20000.0,11/19/2012,,
32601,FL,3.0,10165.0,11/05/2012,,
32653,FL,6.72,20160.0,09/20/2012,,
32603,FL,6.48,19000.0,06/26/2012,,
32607,FL,1.92,7500.0,06/26/2012,,
32607,FL,27.104,117902.0,05/08/2012,,
32653,FL,12.54,70000.0,04/27/2012,,
32608,FL,5.6,26000.0,04/19/2012,,
32607,FL,6.24,30000.0,03/15/2012,,
32607,FL,4.8,20600.0,03/13/2012,,
32608,FL,6.84,41518.0,01/31/2012,,
32607,FL,7.35,24255.0,01/24/2012,,
32608,FL,3.15,14250.0,01/24/2012,,
32605,FL,4.8,23500.0,01/06/2012,,
32603,FL,6.45,32250.0,01/04/2012,,
32641,FL,5.635,27600.0,05/08/2012,,
32605,FL,4.11,31050.0,01/26/2012,,
32601,FL,35.99,138561.0,11/30/2012,,
32607,FL,30.09,96654.81,11/19/2012,,
32609,FL,41.8,129580.0,10/09/2012,,
32601,FL,2.1,10500.0,01/31/2012,,
32608,FL,239.4,830000.0,12/14/2012,,
32609,FL,1000.16,3400000.0,11/15/2012,,
32607,FL,50.4,234360.0,07/24/2012,,
32609,FL,279.41,1295780.0,07/20/2012,,
32609,FL,12.88,54284.8,07/18/2012,,
32641,FL,78.6,445750.0,07/18/2012,,
32641,FL,25.77,147250.0,07/17/2012,,
32605,FL,20.58,117400.0,07/13/2012,,
32605,FL,36.6,206950.0,07/13/2012,,
32606,FL,105.0,488250.0,07/12/2012,,
32605,FL,25.77,147250.0,07/11/2012,,
32607,FL,25.74,93951.0,07/11/2012,,
32607,FL,25.74,93951.0,07/11/2012,,
32605,FL,52.14,295600.0,07/11/2012,,
32607,FL,25.74,93951.0,07/11/2012,,
32606,FL,25.74,96267.0,07/10/2012,,
32608,FL,25.74,98320.0,06/08/2012,,
32605,FL,102.24,426500.0,06/29/2012,,
32609,FL,25.74,95495.0,06/28/2012,,
32609,FL,25.74,95495.0,06/28/2012,,
32641,FL,52.47,295600.0,06/21/2012,,
32608,FL,52.4,296500.0,06/21/2012,,
32607,FL,25.74,95500.0,06/20/2012,,
32608,FL,104.8,595000.0,06/20/2012,,
32606,FL,52.47,296500.0,06/15/2012,,
32608,FL,25.74,92150.0,06/14/2012,,
32641,FL,25.77,147250.0,05/24/2012,,
32601,FL,248.64,510886.0,05/21/2012,,
32609,FL,999.925,3215456.0,04/10/2012,,
32615,FL,285.6,995633.48,01/06/2012,,
32653,FL,78.0,320000.0,01/04/2012,,
32601,FL,99.56,592000.0,01/04/2012,,
32601,FL,214.59,1453113.0,01/20/2012,,
32605,FL,24.36,131750.0,01/12/2012,,
32605,FL,48.72,265500.0,01/12/2012,,
32605,FL,52.08,265500.0,01/12/2012,,
32608,FL,167.28,627300.0,01/12/2012,,
32609,FL,2000.0,,03/01/2011,,
32831,FL,5900.0,,12/08/2011,,
32234,FL,15000.0,,09/28/2010,,
32605,FL,5.25,36500,06/19/2009,,
32608,FL,5.04,30240.0,11/15/2011,,
32608,FL,156.2,893500.0,12/30/2011,,
32207,FL,3.96,43250,09/28/2000,,
32209,FL,3.96,43250,09/28/2000,,
33813,FL,1.8,13950,07/01/1999,,
33813,FL,1.8,15870,07/01/1999,,
33860,FL,1.8,13950,06/01/2000,,
32579,FL,3.96,31106,02/05/2003,,
32926,FL,9.72,,12/01/2008,,
33556,FL,4,42000,04/23/2004,,
33801,FL,1.8,17790,07/01/1999,,
32258,FL,3.96,43250,09/29/2000,,
32234,FL,3.96,43250,09/01/2000,,
33809,FL,1.8,13950,07/01/1999,,
32310,FL,5.94,41925,12/15/2003,,
34761,FL,3.6,18504,12/05/2003,,
34761,FL,3.6,18504,06/02/2003,,
34747,FL,3.96,30710,12/08/2003,,
32505,FL,3.96,31106,09/05/2003,,
32819,FL,3.6,47000,08/24/2001,,
34203,FL,4.76,41678,10/09/2003,,
33431,FL,5,35839,10/20/2003,,
33054,FL,2.4,,08/01/2002,,
32828,FL,2.1,,12/01/2007,,
33853,FL,2.1,,05/01/2007,,
32208,FL,3.96,43250,09/21/2000,,
32217,FL,3.96,43250,09/25/2000,,
32221,FL,3.96,43250,09/20/2000,,
32835,FL,2,,12/09/2008,,
34787,FL,9.6,18504,07/31/2002,,
32207,FL,4.76,54360,09/02/2003,,
32223,FL,6.16,53256,09/10/2003,,
32211,FL,3.96,43250,09/29/2000,,
33713,FL,4.01,,11/29/2007,,
32246,FL,3.96,43250,09/21/2000,,
33610,FL,10.5,,03/27/2007,,
32792,FL,3.6,28440,12/01/2003,,
32401,FL,3.96,31106,03/19/2004,,
33803,FL,1.8,15870,07/01/1999,,
33149,FL,2,,06/29/2007,,
33155,FL,2,,06/29/2007,,
34604,FL,3.96,36490,01/15/2004,,
32209,FL,4.08,60595,05/05/2000,,
32750,FL,3.96,31827,12/02/2003,,
32207,FL,2.04,39000,08/02/2002,,
34448,FL,2,15800,05/01/2007,,
32953,FL,2.05,,04/08/2008,,
32210,FL,3.96,43250,09/20/2000,,
33710,FL,2.1,,07/01/2007,,
32751,FL,2,,01/19/2007,,
32168,FL,0.6,5693,06/28/2004,,
33705,FL,3.96,29200,11/12/2003,,
33610,FL,2.1,,11/15/2007,,
32806,FL,3.6,47000,12/19/2001,,
34787,FL,3.6,18504,06/02/2003,,
32605,FL,1.68,16852,01/15/2004,,
32218,FL,4.2,44300,05/26/2000,,
32804,FL,3.9,39950,10/01/2000,,
34207,FL,1.98,,04/01/2008,,
32207,FL,12,,07/07/2003,,
32901,FL,4.8,32053,12/20/2003,,
32818,FL,3.6,47000,09/20/2001,,
32206,FL,3.96,43250,08/24/2000,,
32211,FL,4.08,46595,11/16/1999,,
32254,FL,3.96,43250,09/28/2000,,
34480,FL,2.1,,01/30/2007,,
32209,FL,3.96,43250,08/24/2000,,
33913,FL,4.76,41678,10/08/2003,,
34990,FL,2,,06/29/2007,,
32609,FL,4.8,37180,01/30/2004,,
32217,FL,4.76,47420,09/02/2003,,
32244,FL,3.96,43250,09/20/2000,,
32608,FL,1.68,16852,01/15/2004,,
32789,FL,1.6,,05/01/2007,,
32205,FL,3.96,43250,09/01/2000,,
32128,FL,4,22257,06/28/2004,,
33647,FL,5,43444.77324,06/20/2010,,
32607,FL,7.965,28218.285,08/07/2013,,
32601,FL,11.13,58881.18249,01/14/2008,,
33404,FL,2.2,16974.09068,10/27/2009,,
32825,FL,5.184,45019.75569,07/15/2009,,
32091,FL,29.4,209966.8727,07/27/2009,,
32821,FL,5.52,23163.62166,10/12/2009,,
33778,FL,5.04,28400.55435,08/14/2009,,
33480,FL,5.06,49518.20371,03/16/2010,,
32578,FL,6.44,58313.36056,06/25/2009,,
32606,FL,52.2,220628.1229,01/24/2014,,
33859,FL,7.38,33018.66486,07/15/2009,,
33778,FL,4.9,38006.50432,04/30/2010,,
33060,FL,4.92,38564.19343,12/14/2009,,
32327,FL,5.22,36884.07147,09/18/2009,,
34433,FL,5.06,48082.03242,01/08/2010,,
32189,FL,2.05,4183.761615,08/08/2010,,
32750,FL,5.1,41168.89729,07/26/2009,,
33774,FL,5.28,51495.6627,12/28/2009,,
32220,FL,5.32,41078.49552,09/28/2009,,
34135,FL,5,32583.57993,06/23/2010,,
32168,FL,7.2,44882.7731,11/06/2009,,
32837,FL,5.04,33037.96093,01/21/2010,,
34275,FL,5,43444.77324,06/20/2010,,
32040,FL,6.048,48735.32679,12/07/2009,,
32223,FL,7.99,66569.22173,12/31/2009,,
32606,FL,196,472356.6289,12/31/2013,,
33498,FL,7.02,66881.05617,06/20/2010,,
34216,FL,2.82,18377.13908,06/22/2010,,
32608,FL,50.15,151657.2781,09/04/2013,,
32607,FL,7.35,25332.67898,01/24/2012,,
33403,FL,5,39942.97601,11/30/2009,,
32168,FL,4.2,5771.19083,10/16/2009,,
33917,FL,5.32,36276.99895,07/14/2009,,
32901,FL,4.92,31569.33078,09/17/2009,,
32309,FL,4.928,31788.56225,09/01/2009,,
34772,FL,4.86,25204.84473,12/10/2014,,
34292,FL,4.928,47160.09863,07/27/2009,,
32162,FL,4.5,31843.85342,03/15/2010,,
32507,FL,5.25,32756.66644,02/04/2010,,
33706,FL,5.2,35565.66357,11/16/2009,,
34652,FL,5.532,31013.16255,12/18/2009,,
32405,FL,4.725,30856.80066,06/25/2009,,
32726,FL,7,68761.40255,07/07/2009,,
33946,FL,7.92,76258.25638,01/22/2010,,
32606,FL,6.86,23272.66618,01/08/2013,,
32503,FL,2.05,16750.83506,12/31/2009,,
34748,FL,4.94,39100.00905,07/17/2009,,
32605,FL,9.99,62440.79249,03/08/2011,,
32159,FL,5.17,45175.58265,02/09/2010,,
33477,FL,2.3,24636.44243,01/25/2010,,
34714,FL,4.92,35628.41226,12/30/2009,,
32601,FL,9.99,61816.99868,06/20/2011,,
32301,FL,4.86,39465.3182,12/30/2009,,
34654,FL,5.07,40551.089,07/31/2009,,
32082,FL,6,51787.07457,10/18/2009,,
32606,FL,119,302206.6604,12/31/2013,,
32616,FL,48.6,330723.3363,06/24/2010,,
32250,FL,7.56,47884.58608,12/21/2009,,
32625,FL,3.36,29546.85897,11/16/2009,,
33897,FL,4,28452.53086,11/09/2009,,
34604,FL,5.64,31399.04566,12/30/2009,,
33647,FL,5.4,41946.04159,06/10/2009,,
32963,FL,4.92,40009.74214,09/23/2009,,
32606,FL,52.2,220628.1229,01/24/2014,,
34286,FL,2.08,19404.86006,06/25/2009,,
32765,FL,5,44793.53168,01/21/2010,,
32570,FL,2.1,25291.95752,01/20/2010,,
34481,FL,5.04,34708.52249,02/18/2010,,
32601,FL,16.485,109012.8454,09/18/2009,,
33917,FL,5.32,36276.99895,07/14/2009,,
32601,FL,24.3,250009.2425,12/10/2008,,
32569,FL,7.3,43229.68391,04/15/2010,,
32827,FL,8.25,26763.32647,06/04/2014,,
32601,FL,20.58,81056.90608,03/08/2013,,
32641,FL,8.14,51627.13766,01/20/2011,,
33411,FL,4.92,38423.27482,02/01/2010,,
32607,FL,9.99,63360.57803,01/25/2011,,
32765,FL,5.148,41105.89946,09/01/2009,,
34449,FL,2.31,22365.87283,12/29/2009,,
32616,FL,23.76,171016.3789,12/21/2009,,
32608,FL,239.4,855792.7884,12/14/2012,,
32605,FL,5.25,15939.87585,01/02/2014,,
32720,FL,5.25,44269.52358,10/23/2009,,
32601,FL,47.52,337124.8204,12/23/2008,,
32128,FL,5.4,65706.15745,10/19/2009,,
32162,FL,4.8,27304.52158,03/24/2010,,
32159,FL,5.25,44281.74334,08/03/2009,,
34608,FL,5,39971.24578,10/01/2009,,
33981,FL,5.64,44016.18108,03/08/2010,,
32174,FL,2.24,20719.29206,12/19/2009,,
32606,FL,52.2,220628.1229,01/24/2014,,
32607,FL,9.66,66520.84219,05/04/2011,,
32765,FL,8.4,76779.00609,08/31/2009,,
32641,FL,51.975,311036.4777,12/29/2011,,
32606,FL,26.1,109302.0058,01/24/2014,,
32256,FL,5.4,36684.10953,12/29/2009,,
32504,FL,12.88,84455.78095,12/04/2009,,
32832,FL,2.07,17374.40197,04/14/2010,,
32110,FL,4.928,45008.71786,10/05/2009,,
34769,FL,4.86,25204.84473,12/19/2014,,
32607,FL,5.06,52766.54392,07/02/2009,,
33433,FL,3,24622.38247,11/24/2009,,
32605,FL,2.43,8209.497721,07/25/2014,,
34465,FL,3,23019.3037,09/08/2009,,
32771,FL,5,36044.34786,02/22/2010,,
33903,FL,5.04,45337.24864,10/10/2009,,
33909,FL,4.14,40539.65186,12/23/2009,,
34747,FL,4.94,48261.08954,08/12/2009,,
32181,FL,4.725,35628.41226,12/16/2009,,
32086,FL,3.6,46585.47074,06/13/2007,,
33948,FL,5.33,40024.95834,12/28/2009,,
32736,FL,5.25,38209.26722,05/18/2010,,
32606,FL,52.2,221448.9142,12/24/2013,,
34470,FL,5.04,35635.87614,03/18/2010,,
33618,FL,5.06,43436.00494,04/23/2010,,
34135,FL,5,32583.57993,06/18/2010,,
34949,FL,5,48257.31409,12/23/2009,,
32609,FL,30.6,131567.2293,01/27/2014,,
34135,FL,2.22,16410.12266,04/01/2010,,
32605,FL,5.1,15237.31061,12/09/2013,,
32566,FL,5.04,38369.05936,12/14/2009,,
32953,FL,10.752,85582.93703,07/15/2009,,
32424,FL,4.95,33984.02401,12/30/2009,,
34610,FL,5.28,40561.57704,12/11/2009,,
34746,FL,4.8,35456.23076,11/09/2009,,
32606,FL,9.99,59064.94562,01/11/2011,,
32907,FL,4.32,26942.81719,07/15/2009,,
32137,FL,4.32,40557.8208,09/16/2009,,
32653,FL,11,22397.83943,04/02/2013,,
32653,FL,664.58,1883003.297,12/02/2011,,
34769,FL,4.86,25204.84473,12/23/2014,,
34601,FL,7.2,45702.2497,03/11/2010,,
32766,FL,5.98,54175.74709,02/24/2010,,
32801,FL,5.13,15060.65829,10/04/2014,,
32503,FL,5.04,41657.83588,12/23/2009,,
32606,FL,4.995,31524.82858,02/10/2011,,
32141,FL,5.06,39355.01718,03/01/2010,,
32316,FL,25.74,238946.2528,06/29/2010,,
32608,FL,9.75,28442.9798,12/13/2013,,
34491,FL,5.04,54812.94194,12/17/2009,,
32605,FL,5.52,34281.06875,04/19/2011,,
33597,FL,3.168,29359.72886,11/23/2009,,
32605,FL,5.01,37495.62279,06/11/2007,,
33928,FL,5.52,36176.54168,12/23/2009,,
33948,FL,4.928,43554.25877,11/12/2009,,
32303,FL,4.92,38014.17659,06/12/2010,,
33956,FL,4.51,33989.82003,02/25/2010,,
33980,FL,5.94,49334.51996,07/05/2009,,
34482,FL,5.06,55435.2013,04/14/2010,,
32136,FL,4.928,37897.91431,04/23/2010,,
33917,FL,3.68,22773.49739,04/25/2010,,
32825,FL,4.92,34930.24984,02/18/2010,,
32708,FL,3.24,28721.98158,12/15/2009,,
34202,FL,5.06,49931.30134,12/17/2009,,
32333,FL,5.4,30528.13464,05/05/2010,,
33655,FL,5.06,35094.68783,06/28/2010,,
33431,FL,10.12,81566.52876,10/01/2009,,
33980,FL,4.032,32884.71957,09/26/2009,,
34292,FL,2.99,26041.41572,05/07/2010,,
34604,FL,2.76,19767.37183,06/10/2010,,
34431,FL,4,30893.12828,03/03/2010,,
33991,FL,3.8,37512.02869,08/07/2009,,
32578,FL,3.6,28820.25179,05/06/2010,,
32641,FL,9.99,63049.65716,02/08/2011,,
34145,FL,5.2,39595.41793,03/15/2010,,
32608,FL,75,493270.7935,09/02/2009,,
32832,FL,4.68,28800.00502,12/06/2012,,
32344,FL,3.2,19066.81159,06/23/2009,,
33703,FL,5,38369.05936,12/30/2009,,
34683,FL,4,18688.15097,07/01/2009,,
33556,FL,4.8,43305.36585,05/28/2009,,
32641,FL,10.12,62086.0651,07/28/2011,,
32605,FL,5.6,55349.39398,05/13/2009,,
33954,FL,5.2,39942.97601,11/16/2009,,
33921,FL,3.06,23694.5366,09/04/2009,,
32168,FL,5.06,41603.02294,12/20/2009,,
32312,FL,4.928,32617.63166,10/06/2009,,
34771,FL,4,15047.85288,06/16/2014,,
32310,FL,4.86,43850.35356,12/30/2009,,
34135,FL,5.125,37785.12603,02/15/2010,,
34771,FL,6.75,22170.48585,08/21/2014,,
32514,FL,5.25,32997.39105,12/26/2009,,
34688,FL,5.25,42597.86566,02/17/2010,,
32922,FL,2.76,21746.4882,11/02/2009,,
34639,FL,5.67,28562.31864,06/22/2009,,
32609,FL,157.5,339182.5341,12/30/2013,,
34285,FL,22.68,173735.5307,11/30/2009,,
32308,FL,14.4,207387.9696,06/27/2010,,
32703,FL,10.368,80007.42655,09/15/2009,,
32605,FL,5.06,31310.71204,06/10/2011,,
33141,FL,5.06,45994.31022,10/05/2009,,
32720,FL,4.928,44491.00363,11/10/2009,,
32303,FL,6.48,56945.33646,10/01/2009,,
32435,FL,6.84,40045.40962,07/02/2009,,
32750,FL,24.408,164628.3191,07/15/2009,,
33948,FL,5.06,38587.21487,12/13/2009,,
33458,FL,2.005,17521.64199,10/16/2009,,
32308,FL,8.6,49983.77621,03/16/2010,,
32641,FL,8.88,56320.51381,01/20/2011,,
32803,FL,5.32,46474.41163,09/11/2008,,
33322,FL,2.05,16962.0857,11/04/2009,,
32653,FL,5.04,58175.11467,07/02/2009,,
32308,FL,5.06,36066.9158,12/20/2009,,
32937,FL,4.5,25654.65224,09/14/2009,,
34714,FL,4.8,32905.28832,08/29/2009,,
32605,FL,8.14,51627.13766,01/19/2011,,
33030,FL,2.3,21808.51636,06/15/2009,,
32601,FL,10.12,52383.56552,05/20/2011,,
33558,FL,5.2,36988.29011,11/13/2009,,
33414,FL,22.14,189340.6496,11/02/2009,,
34748,FL,5.18,39113.4753,11/19/2009,,
33884,FL,5.04,40015.04989,10/27/2009,,
33558,FL,5.2,40013.44762,12/09/2009,,
32132,FL,7.2,43650.7906,10/07/2009,,
32601,FL,24.75,144911.9976,09/18/2009,,
32720,FL,7.02,44155.19487,10/06/2009,,
33596,FL,4.2,29545.02049,11/10/2009,,
32828,FL,10,55136.24757,11/19/2014,,
34239,FL,5,43444.77324,06/10/2010,,
33513,FL,4.896,,07/07/2009,,
34601,FL,6.16,38113.95173,10/26/2009,,
32119,FL,3.986,42379.4037,05/29/2009,,
32605,FL,9.99,61592.42789,08/04/2011,,
34769,FL,4.75,25061.93071,11/19/2014,,
33704,FL,3.8,35565.66357,11/01/2009,,
32128,FL,3.87,37426.02136,11/06/2009,,
32601,FL,24.75,145350.4605,09/18/2009,,
33928,FL,4.92,39331.70585,10/27/2009,,
33573,FL,4.92,37053.54875,12/09/2009,,
32608,FL,525,1039946.449,12/30/2013,,
32606,FL,9.9,51648.3038,09/07/2011,,
34134,FL,2.53,22673.59458,04/08/2010,,
32605,FL,8.1,28691.77654,01/17/2014,,
32304,FL,25.2,238712.9775,05/01/2010,,
32606,FL,8.74,54034.26216,07/12/2011,,
32605,FL,10.5,48247.34306,11/19/2013,,
32827,FL,7.14,22939.43718,02/13/2014,,
33825,FL,5.2,43946.3588,10/23/2009,,
33332,FL,4.928,53067.57807,10/27/2009,,
32034,FL,4.86,42622.54366,12/05/2009,,
32605,FL,4.62,42696.92846,07/02/2009,,
32935,FL,4.2,33669.69926,06/25/2010,,
32246,FL,3.5,23569.56504,12/31/2009,,
32312,FL,43.2,600580.5453,06/29/2010,,
32724,FL,5.4,47822.35236,08/11/2009,,
33565,FL,5.848,33462.43832,09/25/2009,,
33458,FL,5.04,50565.73712,09/21/2009,,
34731,FL,5.46,60814.95909,12/22/2009,,
32169,FL,6,82008.00368,07/13/2009,,
32304,FL,25.305,239312.9655,03/15/2010,,
32141,FL,4.86,30063.14492,04/24/2010,,
33040,FL,3.87,40042.4476,04/09/2010,,
32807,FL,7.1,31656.70306,09/14/2010,,
32114,FL,3.584,33155.72359,03/05/2010,,
32837,FL,4.9,26702.92066,06/09/2008,,
33311,FL,26.928,234335.2558,03/24/2010,,
32907,FL,2.28,27103.46651,01/20/2006,,
33433,FL,5.2,38389.50304,08/24/2009,,
34682,FL,5.535,32754.99691,01/28/2010,,
32223,FL,6,40780.82881,12/29/2009,,
32960,FL,24,314162.6137,01/31/2010,,
32459,FL,3.78,27246.41718,12/29/2009,,
32420,FL,2.1,21321.64892,04/12/2010,,
34761,FL,6.534,46834.80148,10/29/2009,,
32303,FL,4.86,43773.12439,11/12/2009,,
33898,FL,7.38,46042.87123,12/23/2009,,
33594,FL,2.1,23660.29843,07/27/2009,,
32606,FL,25.2,245619.6257,10/10/2008,,
33982,FL,24.64,178261.4878,09/02/2009,,
34677,FL,3.895,24962.01492,01/18/2010,,
32950,FL,4,16498.69553,12/10/2009,,
32351,FL,4.928,39486.34599,08/24/2009,,
32707,FL,5.06,43267.14385,12/21/2009,,
32828,FL,6.875,27056.8604,11/19/2014,,
33710,FL,8.28,58373.64703,04/29/2010,,
32766,FL,5.328,38255.74434,07/17/2009,,
33920,FL,6.04,63429.53642,12/22/2009,,
32038,FL,7.38,30028.9105,11/02/2009,,
32605,FL,4.56,28129.65822,10/04/2011,,
33606,FL,5.52,45000.82218,02/15/2010,,
32578,FL,4.68,38028.86108,08/21/2009,,
33914,FL,5.98,43007.09472,11/25/2009,,
32609,FL,500.08,1997160.04,08/30/2011,,
34482,FL,5.06,44154.53781,10/06/2009,,
33920,FL,4.8,45193.4701,09/01/2009,,
33859,FL,25.01,186585.1928,06/29/2009,,
32312,FL,39.48,478111.9018,06/30/2010,,
32608,FL,69.3,407643.9058,01/05/2011,,
32605,FL,4.995,31020.64101,04/28/2011,,
32608,FL,9.88,50405.56209,05/16/2011,,
32641,FL,104.16,624171.0093,12/30/2011,,
32605,FL,5.886,21068.96858,10/15/2014,,
32825,FL,4.928,39098.15471,11/20/2009,,
32608,FL,2.4,19590.43732,12/19/2012,,
34952,FL,5,48292.63815,06/26/2009,,
33334,FL,10.12,80189.38866,09/12/2009,,
32784,FL,3.6,33585.33471,06/24/2009,,
32804,FL,3.42,,05/16/2014,,
34286,FL,3.2,28286.50078,10/29/2009,,
33991,FL,5.04,34639.89615,07/30/2010,,
32601,FL,74.2,348578.0274,09/18/2009,,
34491,FL,5.04,39366.6549,12/24/2009,,
34114,FL,4,32356.86685,08/03/2009,,
32607,FL,5.52,31956.92849,04/20/2011,,
33471,FL,3.26,10962.58839,12/08/2009,,
32952,FL,3.485,27465.67182,04/14/2010,,
32907,FL,3.456,21551.83528,07/15/2009,,
32605,FL,2.3,14587.52047,01/26/2011,,
33905,FL,4.92,38369.05936,12/07/2009,,
32607,FL,5,14978.74064,04/01/2014,,
32607,FL,10.2,25341.47448,10/28/2013,,
32792,FL,4.928,38027.90182,11/30/2009,,
33306,FL,4.928,47573.18667,04/01/2010,,
32641,FL,54,219815.2661,02/17/2014,,
32086,FL,3,40220.74845,07/13/2009,,
32653,FL,10,22397.83943,04/02/2013,,
32606,FL,5.25,33974.71019,08/12/2009,,
32784,FL,3.6,33585.33471,06/24/2009,,
32653,FL,32.205,88525.93321,04/15/2013,,
32137,FL,5.25,50952.69397,07/30/2009,,
32738,FL,3.5,27187.2192,12/29/2009,,
34221,FL,5,43511.44828,03/11/2010,,
32606,FL,5.06,47524.01108,08/26/2009,,
32162,FL,3.6,29681.18096,07/16/2009,,
32082,FL,25.2,162917.8997,06/25/2010,,
33478,FL,5.32,43736.67702,09/24/2009,,
34683,FL,5.125,31044.79863,04/08/2010,,
33040,FL,2.76,27147.50308,04/27/2010,,
32609,FL,4.8,,06/14/2004,,
32316,FL,34.32,81458.94983,06/29/2010,,
33948,FL,4.48,36699.34704,09/15/2009,,
33596,FL,5.04,38475.60494,07/13/2009,,
32583,FL,2.1,17329.7255,12/23/2009,,
32609,FL,52.2,221448.9142,12/20/2013,,
34236,FL,6.24,43728.65502,04/30/2010,,
32207,FL,4.86,34195.50122,06/30/2009,,
32162,FL,5.16,37409.66407,02/03/2010,,
32725,FL,5.06,47139.13007,12/18/2009,,
32653,FL,24.84,181363.0087,07/02/2009,,
34683,FL,5.17,38290.07448,03/24/2010,,
33980,FL,3.136,27947.55822,08/01/2009,,
34984,FL,2.3,21491.37362,07/10/2009,,
32534,FL,5.26,31505.38277,12/23/2009,,
34683,FL,5.04,31991.87922,05/20/2010,,
34205,FL,21.87,169644.0297,01/05/2010,,
33853,FL,25.01,186881.5097,07/01/2009,,
33334,FL,4.92,33984.02401,12/29/2009,,
32312,FL,43.2,600580.5453,06/27/2010,,
33991,FL,4.92,36660.57075,03/30/2010,,
34135,FL,5,32577.0037,04/07/2010,,
32246,FL,25.11,191191.9035,01/20/2010,,
34655,FL,5.06,40248.08966,03/19/2010,,
33928,FL,5.06,39661.77289,03/15/2010,,
32605,FL,5.06,30752.77365,07/22/2011,,
32901,FL,4.94,35573.59932,12/01/2009,,
32724,FL,4.9,42928.02287,10/21/2009,,
32780,FL,4.8,36408.91531,07/01/2009,,
32746,FL,5.04,54389.31035,03/15/2010,,
34110,FL,5.16,40057.29797,12/04/2009,,
32641,FL,8.36,51742.20313,12/30/2011,,
32606,FL,10.07,31110.58944,01/09/2014,,
33928,FL,3.15,23412.86033,05/06/2010,,
33936,FL,5.33,42324.67353,03/04/2010,,
32605,FL,5.06,26196.65194,07/05/2011,,
34769,FL,4.86,25061.93071,11/19/2014,,
32605,FL,6.24,22103.29452,01/30/2014,,
32609,FL,5,13937.81097,10/22/2013,,
32922,FL,5.06,43565.67648,09/01/2009,,
34731,FL,5.32,35214.05387,09/08/2009,,
32266,FL,5.25,44508.10886,12/23/2009,,
32003,FL,4.8,43698.22289,08/26/2009,,
32038,FL,3.28,21536.3772,11/09/2009,,
34432,FL,5.04,35782.20715,02/03/2010,,
32605,FL,5.98,31577.99258,04/14/2011,,
33478,FL,4.92,44946.61239,12/10/2009,,
34432,FL,5.04,35850.18888,11/24/2009,,
32754,FL,5.18,41191.93677,08/17/2009,,
32780,FL,2,15170.38138,07/01/2009,,
33477,FL,5.2,40009.74214,09/30/2009,,
33801,FL,5.18,38985.65342,10/15/2009,,
32608,FL,50.4,224242.3381,01/09/2009,,
33844,FL,4.928,41069.98423,01/05/2009,,
32333,FL,26.528,163857.7225,06/30/2009,,
33431,FL,5.2,43256.55366,10/13/2009,,
34234,FL,7,74223.53733,05/06/2009,,
33914,FL,5.06,28645.5573,05/20/2010,,
33956,FL,5.601,68424.18703,02/12/2010,,
34949,FL,6.032,68706.52471,06/15/2007,,
32832,FL,3.6,19849.04913,11/05/2014,,
32609,FL,43.6,226816.4016,12/29/2011,,
32606,FL,25.432,271711.2905,04/27/2009,,
32119,FL,2.07,20648.72558,01/15/2010,,
34239,FL,4.18,44970.56071,08/07/2009,,
34293,FL,5,43773.12439,11/29/2009,,
34238,FL,19.2,195971.7011,01/29/2010,,
32024,FL,5.06,47100.36387,10/23/2009,,
32607,FL,6.9,34853.53274,03/23/2011,,
32605,FL,7,22268.93624,08/20/2013,,
32083,FL,4.86,36655.38754,12/28/2009,,
32141,FL,5.94,33225.3419,03/03/2010,,
33036,FL,6.6,64502.46733,04/02/2010,,
32225,FL,7,65212.78311,03/19/2010,,
32336,FL,5.25,34052.2161,10/12/2009,,
32792,FL,5.17,39298.72547,04/08/2010,,
33827,FL,5.04,37398.288,07/21/2009,,
32825,FL,6.48,51359.7266,12/21/2009,,
32708,FL,5.148,40843.60804,11/24/2009,,
32216,FL,3.68,32446.25664,09/16/2009,,
34285,FL,5,57516.31624,12/26/2009,,
32605,FL,14.4,137205.015,09/30/2008,,
33596,FL,5.184,50859.4441,03/10/2010,,
32605,FL,7.5,22359.77071,01/11/2013,,
32603,FL,6.45,33682.90649,01/04/2012,,
32606,FL,6.867,34286.33732,04/17/2014,,
32605,FL,8.28,50378.46815,12/30/2011,,
33478,FL,5.04,49244.76494,11/30/2009,,
33905,FL,5.06,26441.668,04/01/2010,,
33186,FL,5,39867.23324,02/25/2010,,
32724,FL,3,31719.48278,06/16/2009,,
32217,FL,2.7,26078.0246,06/30/2009,,
32136,FL,2.1,23085.36297,07/24/2009,,
32162,FL,5.88,45122.01381,12/30/2009,,
32759,FL,5.4,33599.93872,10/15/2009,,
32608,FL,27.675,108836.5415,12/30/2011,,
32526,FL,2.52,21287.26376,12/03/2009,,
32828,FL,4.95,39487.24338,12/14/2009,,
33872,FL,5.64,43302.22414,12/09/2009,,
34119,FL,9.48,66913.1656,04/20/2010,,
32750,FL,24.84,191325.1916,01/29/2010,,
33432,FL,4.92,39942.97601,11/05/2009,,
32162,FL,7.6,49984.77374,09/29/2009,,
32578,FL,5.4,31791.50633,12/16/2009,,
33321,FL,25.38,200457.1628,04/20/2010,,
34787,FL,5.148,41197.40717,12/08/2009,,
34420,FL,5.4,40006.06047,06/22/2009,,
32837,FL,5,41040.13002,09/25/2009,,
34436,FL,5.2,40060.93846,06/25/2009,,
33825,FL,4.928,40674.21094,07/25/2009,,
32641,FL,26.1,108899.3062,02/17/2014,,
34212,FL,5.376,39734.23249,08/03/2009,,
32653,FL,5.52,34157.14041,06/29/2011,,
32569,FL,5.04,37543.57646,12/28/2009,,
33462,FL,3,24311.27826,10/14/2009,,
33019,FL,5.06,50088.20368,03/26/2010,,
33972,FL,4.8,36795.44817,10/13/2009,,
33312,FL,5.2,41540.69505,11/10/2009,,
32827,FL,8.1,25285.50023,12/31/2014,,
32605,FL,4.752,30577.7876,08/27/2009,,
32608,FL,27.675,108836.5415,12/30/2011,,
34242,FL,20,137338.1778,11/18/2009,,
32608,FL,4.18,26381.13783,02/10/2011,,
32775,FL,5.06,43444.77324,06/11/2010,,
32607,FL,5.06,28816.31714,07/05/2011,,
32825,FL,5.06,49408.45561,04/16/2010,,
33843,FL,10.2,95318.40165,04/10/2010,,
34747,FL,4.92,35058.35767,12/28/2009,,
32952,FL,7.755,51704.65399,03/30/2010,,
32967,FL,4.2,22943.02842,01/01/2010,,
34207,FL,5.04,47270.02893,07/18/2009,,
34251,FL,4.94,48039.54103,07/25/2009,,
34491,FL,5.4,54877.9979,06/10/2009,,
32578,FL,6.3,39662.64479,12/05/2009,,
32321,FL,2.04,25613.75986,07/30/2009,,
34223,FL,2.5,21850.50326,01/10/2010,,
34787,FL,5.148,45100.70648,10/01/2009,,
32724,FL,3.17,24663.53967,09/17/2009,,
32601,FL,51.975,311036.4777,12/29/2011,,
32312,FL,52.64,757546.511,06/30/2010,,
32640,FL,3.78,36057.13835,07/12/2009,,
33414,FL,5.07,57731.35044,07/23/2010,,
33956,FL,6.16,48458.73443,05/08/2010,,
34695,FL,4.51,29435.49476,03/01/2010,,
32653,FL,8.17,45049.86635,05/11/2011,,
34275,FL,2.145,24663.53967,09/22/2009,,
32606,FL,9.12,64980.20586,09/04/2009,,
32641,FL,52.2,219815.2661,02/17/2014,,
32250,FL,5,34482.82276,03/19/2010,,
32835,FL,5.148,42281.91232,10/26/2009,,
32720,FL,5.04,34265.26552,03/19/2010,,
33950,FL,46.8,589187.0308,05/13/2010,,
32667,FL,10.34,67442.74483,03/19/2010,,
33411,FL,3.075,24475.18966,03/08/2010,,
32789,FL,40.25,482706.8845,12/18/2009,,
34209,FL,2.2,15878.98805,10/26/2009,,
32827,FL,9.9,26571.28731,04/29/2014,,
32608,FL,27.675,108836.5415,12/30/2011,,
34786,FL,5.4,31936.21249,12/22/2009,,
33706,FL,3.45,26102.86717,04/30/2010,,
34491,FL,5.04,48865.50555,04/26/2010,,
32082,FL,5.184,52269.62144,12/15/2009,,
32119,FL,4.86,40923.60489,03/02/2010,,
32218,FL,2.1,19540.77272,04/20/2010,,
32812,FL,5.4,58060.08204,05/04/2007,,
32608,FL,10.12,58325.58776,12/30/2010,,
34951,FL,5.06,46040.67872,12/02/2009,,
32819,FL,30.096,266856.0624,12/23/2009,,
32835,FL,5.18,36995.30951,09/02/2009,,
32127,FL,2.464,25937.0451,08/21/2009,,
32097,FL,3.325,27362.62062,12/11/2009,,
32132,FL,4.2,37452.50975,10/15/2009,,
33897,FL,5.06,40215.45607,03/22/2010,,
32607,FL,2.66,16870.78454,01/21/2011,,
32641,FL,50.4,309987.4508,12/23/2011,,
33905,FL,3,23965.78561,11/18/2009,,
32606,FL,4.752,38365.50616,09/11/2009,,
33813,FL,4.92,35696.56696,07/16/2009,,
32750,FL,5.06,42382.32619,03/26/2010,,
33455,FL,5.07,52909.45331,07/22/2009,,
32162,FL,5.04,38484.44099,02/10/2010,,
32832,FL,5.52,46468.30106,09/14/2009,,
34744,FL,4.1,29215.29806,12/30/2009,,
32183,FL,5.06,38432.78937,05/27/2010,,
32653,FL,7.5,27065.73578,12/27/2012,,
32757,FL,5.544,45230.15048,03/12/2010,,
32578,FL,5.04,39608.54856,09/02/2009,,
32092,FL,3.6,31901.13221,12/30/2009,,
32606,FL,102.81,624171.0093,12/29/2011,,
34285,FL,21.87,161817.4838,09/15/2009,,
33411,FL,4.2,36878.01459,06/29/2009,,
32605,FL,3.85,25899.99005,01/30/2009,,
32714,FL,5.06,44004.92605,12/09/2009,,
32926,FL,5.06,41223.86244,07/17/2009,,
33957,FL,5.06,43702.35861,12/29/2009,,
32606,FL,286.935,1251489.099,12/02/2011,,
32829,FL,5.28,38301.48384,11/05/2009,,
32601,FL,2.1,10966.5277,01/31/2012,,
32607,FL,25.2,216380.0471,06/06/2008,,
34212,FL,5,43701.00652,01/22/2010,,
34275,FL,5.06,46414.83245,11/30/2009,,
32316,FL,9.24,90147.90448,06/17/2010,,
32810,FL,4.928,40877.14284,08/05/2009,,
33458,FL,5.06,51416.29379,06/01/2009,,
32052,FL,2.16,23580.04931,07/03/2009,,
32601,FL,3.3,11731.72237,11/18/2013,,
32080,FL,4.1,25871.7086,12/07/2009,,
32550,FL,2.73,24329.93481,02/19/2010,,
32211,FL,2,18636.40026,12/01/2009,,
32825,FL,5.28,49279.61809,10/09/2009,,
32605,FL,25.2,234842.7204,02/10/2008,,
34145,FL,2.1,15346.20246,09/11/2009,,
32113,FL,7.92,78234.0738,06/01/2009,,
32547,FL,5.07,30660.68327,10/01/2009,,
32317,FL,3.24,20459.03855,02/28/2009,,
32641,FL,4.8,32926.79874,06/05/2009,,
32653,FL,47.088,202850.394,10/02/2013,,
34293,FL,5.46,53775.28332,11/23/2009,,
34786,FL,5.04,35432.92103,04/26/2010,,
33936,FL,5.16,43663.69158,11/30/2009,,
32827,FL,6.21,36325.22222,12/19/2014,,
34606,FL,5.06,32034.05364,04/27/2010,,
34474,FL,5.04,32837.61973,04/29/2010,,
32608,FL,27.675,108836.5415,12/30/2011,,
34243,FL,5.07,49468.63493,07/17/2009,,
33813,FL,6,55744.76196,12/01/2009,,
32459,FL,5.04,51187.02449,06/26/2009,,
32765,FL,5.184,41037.30412,11/21/2009,,
33486,FL,5.2,39461.66348,09/14/2009,,
34232,FL,6,65659.68659,11/04/2009,,
34744,FL,5.61,19410.293,02/03/2014,,
33904,FL,6,39092.40444,04/13/2010,,
34773,FL,4,18697.7192,09/24/2014,,
32606,FL,49.68,278774.9335,01/06/2011,,
33327,FL,2.52,20051.89011,05/17/2010,,
32750,FL,24.84,191325.1916,01/29/2010,,
34748,FL,4.95,38387.23047,02/15/2010,,
32738,FL,5.25,43174.34832,09/16/2009,,
34498,FL,5.04,34532.15343,12/01/2009,,
32607,FL,50.4,242167.0899,07/24/2012,,
32607,FL,10.2,27427.1591,12/09/2013,,
32322,FL,5.2,31807.76489,06/10/2010,,
33956,FL,5.29,42149.11641,05/07/2010,,
34990,FL,4.92,38848.6479,11/05/2009,,
32608,FL,6.6,23032.18845,10/29/2014,,
32601,FL,10.12,58049.08661,01/11/2011,,
32054,FL,5.25,42804.83836,06/26/2009,,
32605,FL,6,20316.41414,12/13/2013,,
33844,FL,11.7,78710.17903,05/10/2010,,
32808,FL,5.61,26906.35556,06/16/2014,,
33076,FL,4.8,49504.08745,07/16/2009,,
32244,FL,5.04,45698.63251,10/21/2009,,
33437,FL,4.92,39239.13376,01/11/2010,,
32605,FL,102.24,439989.4718,06/29/2012,,
32712,FL,5.28,43325.29629,08/31/2009,,
34242,FL,4.928,43873.71776,08/06/2009,,
32312,FL,27.6,432986.279,05/27/2010,,
34212,FL,5.06,38346.03793,12/15/2009,,
32312,FL,26.32,378773.2555,06/30/2010,,
34293,FL,4,40413.35972,02/26/2010,,
32607,FL,1.92,7737.212282,06/26/2012,,
32825,FL,5.28,35834.70407,04/12/2010,,
32607,FL,102.6,444929.4698,12/24/2013,,
32566,FL,5.25,32173.24643,11/23/2009,,
32303,FL,2.16,24092.25773,10/01/2009,,
32117,FL,7,65810.57665,08/02/2009,,
32653,FL,5.9,18868.76479,01/29/2014,,
32312,FL,49.68,735813.222,05/27/2010,,
34787,FL,5.148,40561.57704,12/31/2009,,
32164,FL,4.576,43298.2141,09/02/2009,,
33455,FL,4.92,39239.13376,01/07/2010,,
32174,FL,4.9,46919.31771,11/04/2009,,
33487,FL,5.74,55902.23909,05/18/2010,,
34232,FL,5,43444.77324,06/04/2010,,
33433,FL,5.2,41613.98552,12/11/2009,,
32459,FL,5.04,41297.40561,06/26/2009,,
32607,FL,4.6,28439.08535,07/28/2011,,
32819,FL,1016.4,8845158.613,05/20/2009,,
33036,FL,6.9,61392.63757,05/18/2010,,
34242,FL,5,43850.35356,12/09/2009,,
32605,FL,7.2,34032.66583,05/06/2014,,
33569,FL,4.1,30452.01268,02/23/2010,,
34787,FL,5.148,42182.39654,01/08/2010,,
34224,FL,6.48,46591.00065,12/12/2009,,
32312,FL,5.25,52551.17078,06/05/2009,,
33767,FL,4.3,31260.79951,10/29/2009,,
33852,FL,5.04,45385.11593,12/15/2009,,
32303,FL,4.86,43850.35356,12/30/2009,,
34607,FL,5.06,34500.36192,12/31/2009,,
32653,FL,4.9,17630.80771,01/09/2013,,
34484,FL,4.715,30494.54711,11/02/2009,,
33330,FL,5.04,53246.24555,12/30/2009,,
32607,FL,5.76,19301.73614,12/14/2012,,
34285,FL,5.25,50125.72255,08/10/2009,,
34209,FL,5,43850.35356,12/15/2009,,
34223,FL,4.92,44367.86901,07/30/2009,,
32606,FL,9.99,63662.37904,12/28/2010,,
33950,FL,5,43850.35356,12/30/2009,,
32092,FL,2.8,21283.64242,04/14/2010,,
34987,FL,8.16,44181.63246,02/24/2010,,
32653,FL,6.72,20624.25838,09/20/2012,,
32601,FL,6.885,22629.56343,01/14/2014,,
32724,FL,3.15,24684.58408,11/11/2009,,
34251,FL,5,44516.27492,07/22/2009,,
32605,FL,4.992,36067.87408,12/23/2007,,
32605,FL,4.464,37004.70996,04/21/2009,,
34221,FL,5.2,38301.48384,11/06/2009,,
33441,FL,5.3,45446.75891,10/30/2009,,
34434,FL,4.928,41323.38652,05/04/2010,,
34604,FL,5.06,32577.0037,04/22/2010,,
34481,FL,5.52,47779.60543,04/20/2010,,
32606,FL,27.73,84326.2905,10/02/2013,,
32830,FL,21.6,202807.8852,12/17/2009,,
34236,FL,5,43690.11862,02/23/2010,,
33037,FL,4.15,35826.06989,11/20/2009,,
32608,FL,51.66,211378.9216,12/28/2011,,
34772,FL,5.1,,11/19/2014,,
32736,FL,9.6,75851.90689,07/07/2009,,
33563,FL,4.5,33018.43922,10/23/2009,,
32117,FL,4.928,32905.28832,08/20/2009,,
34432,FL,4.95,48098.35656,12/29/2009,,
32746,FL,5.52,43077.49107,12/29/2009,,
32608,FL,19.065,81773.26456,01/04/2011,,
33446,FL,5.04,50989.9585,12/31/2009,,
32301,FL,4.86,36176.54168,12/31/2009,,
34453,FL,5.06,48967.78389,03/30/2010,,
32608,FL,17.64,77962.19936,04/02/2010,,
32606,FL,4.725,33078.26201,06/05/2009,,
33957,FL,2.87,21948.83053,01/14/2010,,
32174,FL,2,21278.75312,08/06/2009,,
33914,FL,5,49279.61809,10/15/2009,,
33626,FL,5.2,38631.68976,01/12/2010,,
32102,FL,6.16,56479.25538,12/23/2009,,
32606,FL,7.2,25164.28427,04/17/2014,,
32086,FL,5.46,43972.11993,07/14/2009,,
32779,FL,5.06,31497.4606,06/29/2010,,
34481,FL,5.04,38301.86915,04/30/2010,,
33525,FL,4.32,29835.68771,10/14/2009,,
32605,FL,4.8,32110.07719,08/26/2009,,
32615,FL,285.6,1039870.679,01/06/2012,,
32904,FL,8,46115.00701,05/21/2010,,
32608,FL,23.985,103366.0648,12/10/2010,,
32784,FL,5.04,42645.25367,08/15/2009,,
32301,FL,25.2,164438.8258,12/30/2009,,
32608,FL,6.105,38530.34604,02/08/2011,,
32311,FL,5.184,40413.35972,02/06/2010,,
32608,FL,8.28,51330.83764,12/16/2010,,
32607,FL,9.99,61816.99868,06/20/2011,,
32958,FL,4.14,31524.04428,03/29/2010,,
33921,FL,3.42,25563.48483,09/29/2009,,
32609,FL,254.27,988763.6333,06/02/2011,,
34739,FL,4.928,32359.82368,04/28/2010,,
32608,FL,6.9,40634.36063,01/18/2011,,
33956,FL,5.377,34034.76996,01/20/2010,,
32608,FL,52.2,220628.1229,01/24/2014,,
33157,FL,4.928,42662.76733,06/18/2010,,
32137,FL,21.504,164438.8258,12/16/2009,,
34481,FL,4.14,41936.955,10/07/2009,,
32303,FL,4.86,43850.35356,12/24/2009,,
33990,FL,5.2,38414.59853,06/25/2009,,
33880,FL,4.95,37918.46901,11/11/2009,,
32607,FL,4,14435.05908,12/27/2012,,
34994,FL,6.9,64971.15927,06/02/2009,,
32669,FL,4.2,30692.40493,09/18/2009,,
34711,FL,5.04,41657.83588,12/15/2009,,
32909,FL,4.92,39238.09553,02/25/2010,,
32724,FL,5.4,33339.52248,05/07/2010,,
32317,FL,22.616,173214.9365,02/12/2010,,
32789,FL,52.92,345799.5031,12/30/2009,,
32765,FL,5.06,35679.38759,03/19/2010,,
32937,FL,6.22,46350.80331,11/23/2009,,
32608,FL,532.84,3411038.067,12/03/2010,,
32608,FL,5.6,26751.57442,04/19/2012,,
34219,FL,5,43278.38284,11/24/2010,,
32073,FL,5.2,50352.89076,05/30/2007,,
32607,FL,6.24,30960.45198,03/15/2012,,
32609,FL,74.8,640349.4112,06/17/2011,,
33435,FL,8.4,84633.14736,11/18/2009,,
32608,FL,11.76,51974.43761,04/30/2010,,
32779,FL,5.06,40509.5041,04/20/2010,,
34731,FL,5.125,32023.9132,12/29/2009,,
32605,FL,9.9,34735.83597,11/20/2014,,
32608,FL,17.64,77962.19936,04/02/2010,,
34951,FL,5.04,49151.38345,02/24/2010,,
32233,FL,4.9,38917.18878,12/30/2009,,
32601,FL,157.5,339182.5341,12/30/2013,,
32608,FL,34.02,150354.817,04/02/2010,,
32211,FL,5.46,45994.31022,10/08/2009,,
32514,FL,5.04,30971.67416,11/10/2009,,
32068,FL,4.32,32887.76517,12/17/2009,,
32608,FL,6.9,32162.71288,03/15/2011,,
32606,FL,23.01,69792.67936,09/20/2013,,
32129,FL,4.48,42678.79628,11/28/2009,,
32060,FL,3.51,22980.89031,11/18/2009,,
34237,FL,5,43436.00494,04/01/2010,,
33990,FL,5.04,42872.81694,07/17/2009,,
32607,FL,3.6,24666.65719,01/13/2009,,
32608,FL,5.04,31644.3294,11/15/2011,,
32953,FL,5.28,38301.48384,11/09/2009,,
33477,FL,3.69,29422.01813,02/23/2010,,
33317,FL,5.2,39925.08317,08/24/2009,,
32608,FL,21.84,96524.57607,04/02/2010,,
34110,FL,5.04,40262.51982,11/20/2009,,
34481,FL,4.95,47685.34739,11/19/2009,,
32619,FL,4.32,30945.18977,09/18/2009,,
34685,FL,5.6,34668.31452,11/06/2009,,
32301,FL,24.75,239312.9655,03/02/2010,,
32608,FL,20.295,87463.59327,12/10/2010,,
34953,FL,5.06,45959.59196,11/18/2009,,
33914,FL,5.04,35018.49951,11/03/2009,,
32309,FL,5.25,29965.4139,04/06/2010,,
33498,FL,2.34,30995.09321,06/29/2009,,
34205,FL,5,47056.10872,11/10/2009,,
34232,FL,5,43064.63148,06/01/2010,,
32308,FL,4.86,41657.83588,12/14/2009,,
32828,FL,5,43850.35356,12/16/2009,,
32605,FL,6.08,23476.50173,09/12/2011,,
32801,FL,7.128,56614.10442,07/27/2009,,
32608,FL,25.2,148705.579,08/25/2009,,
33993,FL,5.33,40762.11383,01/27/2010,,
32608,FL,258.72,1656226.351,12/03/2010,,
32609,FL,96.35,374669.262,06/08/2011,,
32608,FL,13.65,97759.66545,06/29/2009,,
34224,FL,25,175562.5443,05/19/2010,,
32308,FL,5.184,33493.56375,07/02/2009,,
33980,FL,4.14,30612.80882,12/31/2009,,
33596,FL,2.986,32734.28893,12/30/2009,,
32608,FL,3.92,16884.88821,06/03/2013,,
32789,FL,74.1,559384.4173,08/19/2009,,
34428,FL,5.04,35574.08804,04/06/2010,,
33146,FL,4,43972.11993,07/14/2009,,
32605,FL,10.2,29389.81832,07/03/2013,,
33322,FL,5.16,54863.8662,11/10/2009,,
32164,FL,3.15,27577.06837,11/19/2009,,
33912,FL,5.2,39861.73552,10/26/2009,,
32605,FL,4.992,34917.31255,11/30/2007,,
32608,FL,20.91,90114.00518,12/21/2010,,
33486,FL,5.25,51469.82334,10/05/2009,,
34491,FL,5.04,41317.99564,12/24/2009,,
32608,FL,25.83,114158.5082,04/02/2010,,
33706,FL,5.06,32571.5742,04/30/2010,,
33583,FL,4.2,33453.43473,12/07/2009,,
32920,FL,5.17,37315.19694,01/27/2010,,
34470,FL,4.95,50644.69177,12/16/2009,,
33912,FL,5.3,36891.28489,04/09/2010,,
34104,FL,25.2,184133.2522,07/07/2009,,
32606,FL,6.12,19060.23984,11/08/2013,,
32607,FL,26.04,136928.8666,09/21/2011,,
32312,FL,5.184,34331.18415,08/05/2009,,
32505,FL,5.06,42898.23522,02/18/2010,,
34614,FL,3.04,29888.67275,05/08/2009,,
32653,FL,5.25,40609.71844,06/03/2009,,
32608,FL,25.2,148705.579,08/07/2009,,
32063,FL,5.16,48995.25813,11/19/2009,,
32608,FL,29.6,130891.4989,06/08/2010,,
33701,FL,6.3,64808.1733,10/22/2009,,
32409,FL,8,60173.64752,07/01/2009,,
32601,FL,84,180897.3515,12/30/2013,,
32097,FL,5,38369.05936,12/01/2009,,
34145,FL,6.72,52471.33306,12/22/2009,,
32608,FL,9.84,44277.4783,01/26/2011,,
33912,FL,4.92,32813.46934,09/03/2009,,
32608,FL,15.99,68584.02834,01/06/2011,,
32606,FL,2.8,28115.34142,06/23/2008,,
33967,FL,4.8,38372.39595,10/05/2009,,
33578,FL,4.928,31044.75767,10/12/2009,,
32608,FL,17.64,77962.19936,04/02/2010,,
34683,FL,3.52,24130.54477,08/28/2009,,
34491,FL,4.6,38191.46543,12/29/2009,,
34715,FL,5.33,39465.3182,12/30/2009,,
33713,FL,4.86,24939.75162,08/26/2009,,
32609,FL,67.2,363702.0289,05/20/2011,,
34655,FL,5.52,45551.04742,03/08/2010,,
32608,FL,535.92,3430755.356,12/03/2010,,
32607,FL,27.104,121452.6809,05/08/2012,,
32301,FL,5.4,31355.47218,01/17/2010,,
33908,FL,2.07,11239.06628,04/30/2010,,
32607,FL,30.24,158840.2682,09/21/2011,,
32609,FL,9.24,47337.58088,10/27/2011,,
32606,FL,73.71,550476.3915,03/12/2009,,
32608,FL,21.115,90566.08871,01/04/2011,,
32608,FL,5.17,29081.91697,08/18/2011,,
32825,FL,5,40721.25463,04/27/2010,,
33330,FL,4.92,35099.96745,06/02/2009,,
34685,FL,5.46,37583.92206,10/10/2009,,
32034,FL,3.44,30305.20646,11/24/2009,,
34491,FL,5.04,34708.52249,02/25/2010,,
32766,FL,2.004,16700.49236,04/25/2010,,
32607,FL,23.895,72664.14394,10/03/2013,,
32608,FL,26.46,116942.7561,04/30/2010,,
32605,FL,5.06,28946.4932,04/22/2011,,
34747,FL,5.184,44970.56071,08/19/2009,,
32608,FL,21.42,94667.68686,04/30/2010,,
32608,FL,20.91,89686.80629,01/11/2011,,
32351,FL,5.184,33932.82325,07/27/2009,,
32608,FL,25.2,111396.7431,06/08/2010,,
32605,FL,3.15,36739.63823,12/21/2007,,
32564,FL,4.32,24558.71719,04/06/2010,,
32608,FL,25.2,148705.579,08/17/2009,,
34223,FL,5.06,60277.79226,12/15/2009,,
32308,FL,4.992,32817.04274,06/25/2009,,
33976,FL,5.125,39461.66348,09/25/2009,,
34286,FL,5.08,55230.16908,03/08/2010,,
32735,FL,5.06,37941.9829,03/08/2010,,
32608,FL,10.12,61573.68329,12/29/2011,,
33756,FL,5.04,51777.17122,07/13/2009,,
33469,FL,3.888,24272.63155,01/20/2010,,
32601,FL,124.96,945333.4711,06/17/2011,,
34990,FL,5.2,35617.44968,12/30/2009,,
32609,FL,1039.5,2525113.576,11/22/2013,,
33948,FL,5.04,33625.98322,04/07/2010,,
32224,FL,5.52,39910.87593,03/18/2010,,
34695,FL,4.51,27670.90694,04/03/2010,,
32606,FL,156.2,937305.5408,12/30/2011,,
32607,FL,4.992,33813.63195,12/19/2007,,
32162,FL,4.92,37162.18801,12/15/2009,,
32747,FL,5.06,38440.86437,04/30/2010,,
32609,FL,61.6,433036.1661,12/02/2010,,
32606,FL,10.03,32937.05281,05/20/2014,,
32643,FL,5.28,38475.60494,07/25/2009,,
33432,FL,25.432,225301.6204,06/03/2009,,
32608,FL,18.45,79135.41732,01/06/2011,,
32607,FL,6.105,38530.34604,02/16/2011,,
34481,FL,4.95,47685.34739,11/19/2009,,
33040,FL,3.28,27893.2099,12/08/2009,,
34684,FL,4.2,31899.36724,12/21/2009,,
32608,FL,21.84,96524.57607,04/30/2010,,
32141,FL,7.2,40884.09818,11/03/2009,,
33070,FL,21,190699.389,07/14/2009,,
34102,FL,12,131538.8783,09/01/2009,,
32958,FL,5.06,37294.7257,12/24/2009,,
32606,FL,9.856,68867.71638,01/11/2011,,
32608,FL,99.45,254141.7538,10/01/2014,,
32607,FL,100.24,315277.8028,03/08/2013,,
34608,FL,2,27377.56561,10/06/2009,,
33981,FL,4,21986.05997,07/27/2009,,
34433,FL,5.04,35741.84308,05/10/2010,,
32601,FL,5.28,40134.86856,04/29/2010,,
32608,FL,9.99,63360.57803,01/25/2011,,
32320,FL,3.6,33873.82912,05/27/2009,,
34145,FL,4.8,46837.2431,11/02/2009,,
32311,FL,5.16,38862.37584,12/23/2009,,
33140,FL,2.97,27358.20275,11/17/2009,,
32608,FL,19.68,84411.11181,01/06/2011,,
32607,FL,5.6,54667.51495,02/06/2009,,
33950,FL,5,48865.50555,04/24/2010,,
32963,FL,5.52,38478.68525,12/22/2009,,
32608,FL,25.2,148705.579,08/07/2009,,
33525,FL,4.32,29835.68771,10/27/2009,,
32605,FL,5,14955.96653,10/10/2014,,
33950,FL,5.07,62804.88323,06/04/2009,,
34208,FL,2.82,31791.50633,12/31/2009,,
32609,FL,25.2,195836.7586,04/27/2009,,
34698,FL,2.24,20392.50402,08/15/2009,,
32608,FL,25.2,148705.579,08/07/2009,,
33076,FL,5.16,57843.74476,01/27/2010,,
32934,FL,25.432,175494.8711,08/11/2009,,
32812,FL,4.928,40474.99299,10/20/2009,,
33950,FL,5,43690.11862,02/08/2010,,
32174,FL,7,48451.08544,03/10/2010,,
32714,FL,25,154900.2777,12/18/2009,,
34769,FL,4.928,40474.99299,10/29/2009,,
32608,FL,15.99,68584.02834,01/06/2011,,
34474,FL,5.04,35574.08804,04/13/2010,,
34221,FL,5.06,44599.23448,03/23/2010,,
33618,FL,5.2,47318.7,03/08/2010,,
32608,FL,19.68,84813.18135,12/21/2010,,
32641,FL,26.1,109708.6364,12/24/2013,,
32606,FL,35.515,104689.019,09/19/2013,,
32608,FL,5.31,20257.54327,12/27/2012,,
32607,FL,6.24,20565.97791,11/19/2012,,
32456,FL,5.25,31883.59207,12/29/2009,,
32605,FL,4.509,33813.63195,12/15/2007,,
32316,FL,12.32,116214.7684,06/22/2010,,
34223,FL,5,54305.96655,06/19/2010,,
32034,FL,5.52,42805.85709,04/22/2010,,
32609,FL,64.32,347712.8884,05/20/2011,,
32736,FL,5.04,30312.88864,11/27/2009,,
33812,FL,5.18,39047.60881,08/26/2009,,
32301,FL,10.8,85500.27087,09/15/2009,,
32570,FL,6.93,48657.0868,12/18/2009,,
32583,FL,7,37522.74754,12/14/2009,,
33860,FL,5.46,54877.9979,06/22/2009,,
33765,FL,10,73043.34504,10/24/2009,,
33972,FL,2.64,16125.61683,04/06/2010,,
33405,FL,11.52,101021.8585,09/28/2009,,
32653,FL,21.6,73095.42001,08/26/2014,,
32653,FL,9.44,33405.04311,09/13/2013,,
32608,FL,4.6,,11/21/2012,,
32940,FL,5.2,67809.09048,12/28/2009,,
34474,FL,5.6,51865.81965,05/17/2010,,
32312,FL,6.44,73449.34221,12/15/2009,,
32086,FL,4.1,22173.43404,03/15/2010,,
33946,FL,4.5,33852.90742,10/10/2009,,
32608,FL,2.7,29648.86316,09/24/2009,,
32931,FL,5,27878.02293,06/30/2009,,
33904,FL,5.25,31380.29274,08/12/2009,,
34228,FL,5,47318.7,03/10/2010,,
32607,FL,9.735,34611.55105,12/30/2013,,
32258,FL,25.83,194290.9174,10/02/2009,,
32563,FL,4.92,31442.23525,11/15/2009,,
32714,FL,4.6,38072.51724,03/31/2010,,
34211,FL,9.2,62804.54552,02/11/2010,,
34233,FL,4.928,44723.21861,09/04/2009,,
32653,FL,16.8,156293.4219,02/12/2008,,
34448,FL,5.04,49327.07935,09/04/2009,,
33904,FL,3.5,22550.84007,06/24/2009,,
32653,FL,3,33425.0561,07/10/2007,,
32127,FL,4.928,41264.20469,04/08/2010,,
32601,FL,25.2,242331.029,12/19/2007,,
34787,FL,5.064,44207.73394,12/23/2009,,
32334,FL,25.024,192577.3231,05/18/2007,,
32780,FL,4.1,29215.29806,12/16/2009,,
32609,FL,26.2,239285.7848,03/02/2009,,
32653,FL,25.2,269171.12,01/29/2008,,
32259,FL,3.6,34134.33891,09/21/2009,,
34292,FL,5.25,49974.80793,08/10/2009,,
32653,FL,5.06,29562.03485,01/12/2011,,
32920,FL,5,37977.0646,05/05/2010,,
34112,FL,4.8,38170.13446,08/18/2009,,
33138,FL,2.05,15202.60173,04/02/2010,,
32608,FL,525,1039946.449,12/30/2013,,
33896,FL,4.95,42055.22971,12/01/2009,,
32609,FL,7.5,26107.18772,09/04/2014,,
34771,FL,4.25,14738.24437,07/09/2014,,
32653,FL,4.72,16781.35808,12/05/2013,,
32606,FL,52.2,221448.9142,12/18/2013,,
32809,FL,2.07,18134.53206,04/16/2010,,
32608,FL,75,448935.0387,02/21/2011,,
34240,FL,12.3,92377.76184,07/15/2009,,
34465,FL,4.8,27852.45062,02/08/2010,,
32605,FL,5.04,42287.38783,10/09/2009,,
34771,FL,3.75,6464.636959,09/30/2014,,
32608,FL,5.52,34281.06875,04/27/2011,,
34202,FL,5,43850.35356,12/18/2009,,
34238,FL,5.2,41131.6104,08/16/2009,,
32608,FL,3.22,29110.37864,07/30/2008,,
33606,FL,4.83,34751.50595,03/02/2010,,
33922,FL,4.8,46975.5662,06/13/2009,,
33572,FL,5,43444.77324,06/01/2010,,
34609,FL,3,22980.89031,11/27/2009,,
32768,FL,5.52,35972.27225,06/25/2010,,
32570,FL,5.04,30227.02263,10/22/2009,,
33433,FL,5.2,41613.98552,12/21/2009,,
33704,FL,5.04,39226.576,10/28/2009,,
32563,FL,5.25,31125.91453,03/12/2010,,
33405,FL,4.75,62186.9016,05/23/2007,,
32953,FL,5.52,42359.44153,12/19/2009,,
32606,FL,156.24,937305.5408,12/30/2011,,
32309,FL,4.48,50812.76176,10/19/2009,,
32653,FL,10,33522.08334,12/30/2013,,
34470,FL,4.95,47606.78398,01/26/2010,,
33319,FL,5.071,43764.68128,10/05/2009,,
32303,FL,5.184,33858.53235,07/08/2009,,
32641,FL,24.8,164423.5978,09/11/2009,,
32442,FL,5.4,31916.47984,12/20/2009,,
32312,FL,14.4,215364.4299,06/30/2010,,
32607,FL,10.4,66111.45975,01/04/2011,,
33037,FL,7.175,29973.01521,04/05/2010,,
32607,FL,19.5,216892.1353,05/15/2009,,
32608,FL,14,,11/06/2014,,
32312,FL,49.68,735999.8522,05/03/2010,,
32784,FL,5.28,46508.94467,11/09/2009,,
33572,FL,4.032,35080.28284,12/05/2009,,
32309,FL,5.52,30695.24749,12/20/2009,,
32561,FL,6.9,58567.68649,05/11/2010,,
34769,FL,5.83,21052.0218,11/19/2014,,
32609,FL,1006.74,4105139.036,04/29/2011,,
32625,FL,5.04,46720.37743,07/28/2009,,
32653,FL,5.04,54305.96655,06/21/2010,,
34607,FL,5.06,49304.29886,02/26/2010,,
34771,FL,4.92,33595.14876,01/21/2010,,
32606,FL,6.93,80751.33599,01/15/2008,,
32605,FL,2.9,23417.35247,07/02/2009,,
32807,FL,10.2,54629.16889,06/20/2014,,
32609,FL,11.07,90108.81341,05/13/2009,,
32607,FL,25.2,129034.6787,08/17/2011,,
34947,FL,4.32,36761.9439,12/01/2009,,
32608,FL,4.8,49089.1971,02/05/2009,,
32744,FL,5.06,34755.81859,06/07/2010,,
33463,FL,5.2,41570.34758,08/31/2009,,
32701,FL,4.92,35597.71702,12/07/2009,,
32653,FL,9.735,34611.55105,12/31/2013,,
32608,FL,3.15,14883.14473,01/24/2012,,
32315,FL,5.06,35834.70407,04/29/2010,,
33617,FL,3.36,18322.87023,12/11/2009,,
32903,FL,5.17,35594.42824,12/30/2009,,
34209,FL,5.25,46097.51823,06/12/2009,,
32607,FL,72.57,239074.0044,10/23/2013,,
33166,FL,2.8,31110.27485,07/23/2009,,
34983,FL,5.06,45959.59196,11/11/2009,,
34946,FL,2.53,25236.82995,09/29/2009,,
32609,FL,1006.74,4105139.036,04/29/2011,,
34476,FL,6.99,69528.87423,08/25/2009,,
34117,FL,5,43804.10497,10/15/2009,,
32796,FL,2.64,17801.49584,06/27/2010,,
32608,FL,23.65,266064.5369,05/15/2009,,
32224,FL,4.9,36450.60639,12/24/2009,,
34714,FL,5.376,45994.31022,10/25/2009,,
33041,FL,2.07,43009.64502,02/08/2010,,
32606,FL,3,33216.29912,04/30/2007,,
32606,FL,52.2,221448.9142,12/13/2013,,
32601,FL,25.2,199833.4271,04/17/2009,,
34117,FL,5,43804.10497,10/15/2009,,
33141,FL,5.04,35219.81467,12/14/2009,,
34251,FL,25.3,253937.8087,01/16/2010,,
34748,FL,5.4,33114.43769,01/13/2010,,
32568,FL,5.04,46511.2259,12/28/2009,,
32953,FL,5.52,42284.83816,11/19/2009,,
34216,FL,4.928,51268.32446,10/28/2009,,
33432,FL,3.6,46273.08559,12/30/2009,,
34997,FL,4.896,51059.5868,06/09/2009,,
32541,FL,5.25,32196.01715,10/30/2009,,
33596,FL,2.986,32734.28893,12/30/2009,,
32653,FL,5.2,34550.55274,08/19/2009,,
34465,FL,5.06,41281.48655,03/26/2010,,
32653,FL,126,271346.0273,12/30/2013,,
33418,FL,5.06,38470.34671,06/02/2010,,
34785,FL,7.13,63522.71842,12/15/2009,,
32653,FL,9.84,65582.56807,01/11/2011,,
32314,FL,25.2,207991.7057,05/16/2007,,
33972,FL,2.2,18397.72409,10/15/2009,,
32137,FL,4.92,34938.95471,01/21/2010,,
34433,FL,5.4,39975.74326,05/14/2010,,
32822,FL,5.94,34143.03703,11/16/2009,,
33334,FL,5.04,43850.35356,12/24/2009,,
32608,FL,525,1039946.449,12/30/2013,,
32608,FL,1.8,,02/02/2004,,
32334,FL,25.024,192577.3231,05/18/2007,,
32653,FL,2.58,17286.57662,05/09/2011,,
33946,FL,5,48865.50555,04/07/2010,,
32258,FL,6.02,39133.15881,01/06/2010,,
33896,FL,5.06,38681.67752,03/29/2010,,
33408,FL,3.9,52909.45331,07/24/2009,,
33066,FL,5.184,35437.89905,03/24/2010,,
33037,FL,7.35,27597.06574,04/01/2010,,
34201,FL,2.43,23887.57236,02/25/2010,,
32967,FL,2.76,18655.76412,04/05/2010,,
32922,FL,10.752,85501.10118,08/06/2009,,
32601,FL,25.2,164423.5978,09/08/2009,,
32563,FL,5.25,32764.82964,01/26/2010,,
32653,FL,6.44,40845.05731,01/13/2011,,
34202,FL,5.06,43436.00494,04/08/2010,,
32723,FL,5.06,43444.77324,06/29/2010,,
33972,FL,5.33,39705.71458,08/24/2009,,
34442,FL,5.04,48235.38891,12/28/2009,,
32608,FL,2.4,,12/18/2002,,
32724,FL,4.928,42284.83816,11/09/2009,,
34209,FL,5.06,48359.50005,02/25/2010,,
32217,FL,4.95,40807.21177,03/15/2010,,
32713,FL,5.006,46040.67872,12/30/2009,,
32547,FL,9.6,62393.11718,11/15/2009,,
34231,FL,5.2,53617.53657,10/16/2006,,
34119,FL,4.8,46944.87801,08/03/2009,,
34714,FL,4.928,37136.60083,02/01/2010,,
32641,FL,5.06,29562.03485,01/20/2011,,
33317,FL,5.2,41570.09562,10/23/2009,,
32641,FL,25.2,139869.6739,09/18/2009,,
32174,FL,2.016,58499.94576,06/12/2009,,
32024,FL,5.184,54877.9979,06/26/2009,,
32174,FL,6.58,49764.5758,06/25/2010,,
32312,FL,4.83,35135.49448,03/04/2010,,
33904,FL,5.06,30508.88349,12/01/2009,,
34748,FL,5.06,37272.80052,12/30/2009,,
33415,FL,5.2,39925.08317,08/19/2009,,
32055,FL,5.04,51316.50897,10/28/2009,,
32653,FL,12.54,72023.46959,04/27/2012,,
34116,FL,4.92,36778.28111,07/23/2009,,
33811,FL,3.145,24130.54477,08/27/2009,,
32601,FL,8.28,44578.32118,11/29/2011,,
32653,FL,25.83,225759.7864,10/06/2009,,
32605,FL,5.06,26191.78276,05/11/2011,,
32136,FL,4.9,44316.26356,12/30/2009,,
32605,FL,9.99,63360.57803,01/14/2011,,
32608,FL,10.08,71630.31891,04/17/2008,,
32653,FL,2.4,,12/18/2002,,
32778,FL,5.06,43862.18963,07/11/2009,,
32073,FL,5.06,50478.3345,12/15/2009,,
34110,FL,4.1,32811.02705,12/14/2009,,
32812,FL,4.8,37846.74669,10/12/2009,,
32259,FL,2.52,20485.82222,11/17/2009,,
32819,FL,25.272,210824.7347,05/13/2009,,
33330,FL,5.04,47687.25949,12/29/2009,,
33647,FL,5.4,41476.95317,12/08/2009,,
