Zipcode,State,Size (kW DC),Cost,Date Installed,Filters=state=MN
56435,MN,12.3,0,04/09/2015,,
55320,MN,39.36,119360.0,09/10/2010,,
56093,MN,26.0,,10/01/2012,,
56003,MN,7.14,,04/01/2012,,
55927,MN,28.0,,08/01/2012,,
55441,MN,32.0,,05/01/2013,,
55431,MN,14.0,,02/01/2012,,
55423,MN,27.0,,09/01/2012,,
55429,MN,23.0,,03/01/2012,,
55424,MN,27.0,,11/01/2012,,
55428,MN,36.0,,08/01/2012,,
55396,MN,18.0,,05/01/2013,,
55121,MN,40.0,,07/01/2013,,
55033,MN,38.0,,12/01/2013,,
55987,MN,8.0,30160.0,12/04/2013,,
55910,MN,39.78,149866.2,10/18/2013,,
55987,MN,2.08,13499.0,08/12/2013,,
55991,MN,16.0,55130.0,07/11/2013,,
55964,MN,26.0,121490.0,10/04/2013,,
55105,MN,40.0,,08/29/2014,,
55744,MN,105.0,321000.0,11/01/2013,,
55960,MN,517.0,,06/30/2014,,
55104,MN,39.7,177850.0,06/30/2011,,
55902,MN,145.53,,07/31/2010,,
55407,MN,22.0,,12/31/2012,,
56258,MN,30.0,,06/01/2007,,
55387,MN,39.36,,03/19/2014,,
56304,MN,39.36,,03/06/2014,,
55340,MN,97.0,,10/13/1997,,
55415,MN,40.0,,03/31/2012,,
55120,MN,39.7,177145.0,12/01/2012,,
55103,MN,39.7,184865.0,03/01/2012,,
55102,MN,10.4,76880.0,06/01/2010,,
56572,MN,39.36,,11/26/2013,,
55418,MN,39.9,,11/22/2013,,
55012,MN,40.0,,09/01/2013,,
55117,MN,39.9,,09/01/2013,,
56373,MN,7.55,84000.0,04/01/2011,,
55373,MN,32.49,,09/09/2013,,
55406,MN,7.68,55000.0,12/01/2012,,
56601,MN,2.88,7000.0,10/13/1997,,
56063,MN,3.15,,06/15/2009,,
55421,MN,14.7,,01/23/2009,,
55406,MN,7.6,72000.0,10/17/2008,,
55082,MN,1.68,,07/31/2008,,
55047,MN,1.84,,05/12/2008,,
55057,MN,4.6,,06/10/2007,,
55319,MN,4.3,33566.0,03/21/2008,,
56470,MN,35.0,119400.0,01/01/2013,,
55044,MN,200.0,750000.0,10/01/2012,,
55114,MN,7.92,34355.0,09/01/2011,,
55110,MN,100.0,787000.0,08/31/2008,,
55033,MN,15.0,95543.0,12/15/2010,,
55073,MN,4.14,37455.56822,11/11/2009,,
55804,MN,3.6,29444.95398,04/29/2008,,
55411,MN,4.1,46887.34385,12/15/2003,,
55803,MN,2.672,26720.33997,07/26/2006,,
55803,MN,2.528,16286.04057,09/01/2004,,
55424,MN,3.8,38765.96443,01/17/2007,,
55406,MN,1.6,17857.61594,01/26/2005,,
55804,MN,2.528,25538.1686,07/11/2005,,
55446,MN,3.9,46819.59096,01/11/2008,,
55804,MN,1.3,20781.94319,11/09/2006,,
55371,MN,2.56,36812.33807,02/20/2007,,
55744,MN,3.6,37965.08707,11/07/2007,,
55082,MN,4.2,41559.1991,08/21/2007,,
55803,MN,3.8,30324.27937,08/30/2006,,
55405,MN,1.75,16934.14947,07/16/2007,,
55720,MN,2.528,22048.6004,01/03/2005,,
55330,MN,1.02,15282.31321,02/24/2004,,
55406,MN,5.2,35656.60771,02/03/2009,,
55408,MN,1.66,18576.59272,08/31/2004,,
55409,MN,9.75,86539.93897,02/05/2007,,
55806,MN,3.2,20745.79032,12/04/2007,,
55118,MN,0.96,14903.31518,03/11/2003,,
56037,MN,2.1,19129.36922,10/22/2007,,
55406,MN,1.06,11327.74528,08/17/2005,,
56401,MN,2.1,30100.97615,11/01/2007,,
55123,MN,2,28152.52753,02/15/2007,,
55804,MN,2.672,24449.94073,11/17/2005,,
55612,MN,2.672,27517.69804,08/14/2006,,
55057,MN,1.575,25908.218,11/19/2009,,
55810,MN,1.738,18424.8818,08/03/2004,,
55082,MN,1.728,19453.26586,07/08/2009,,
55802,MN,2.72,27392.05876,04/26/2006,,
55804,MN,2.8,29428.10585,11/02/2006,,
55340,MN,15.84,,07/17/2012,,
56172,MN,2000.0,7000000.0,01/04/2013,,
55962,MN,8.1,51682.0,10/15/2010,,
56461,MN,35.0,119411.0,12/15/2012,,
56073,MN,82.5,308683.0,12/15/2012,,
56156,MN,10.0,57748.0,12/15/2012,,
55731,MN,5.5,33200.0,11/15/2012,,
55790,MN,40.0,142950.0,11/15/2012,,
55012,MN,10.07,56000.0,11/15/2012,,
55053,MN,7.2,52100.0,12/15/2011,,
56319,MN,5.76,37500.0,12/15/2011,,
56273,MN,4.8,31000.0,12/15/2011,,
55047,MN,9.9,59400.0,11/15/2011,,
56685,MN,3.87,47000.0,06/15/2011,,
55120,MN,3.6,23933.0,12/30/2010,,
55605,MN,7.36,60330.0,12/01/2010,,
56295,MN,16.1,102550.0,10/15/2010,,
55987,MN,4.3,35000.0,09/15/2010,,
55741,MN,10.32,98825.0,09/15/2010,,
56515,MN,4.48,42630.0,09/01/2010,,
55804,MN,2.05,25000.0,06/15/2009,,
55947,MN,7.6,,08/13/2012,,
55991,MN,7.0,34230.0,07/19/2012,,
55987,MN,6.76,34999.0,06/15/2012,,
55910,MN,0.25,457.0,05/15/2012,,
55125,MN,40.0,290000.0,11/01/2012,,
56349,MN,9.12,,10/10/2012,,
55115,MN,9.72,,10/13/1997,,
55045,MN,22.81,,09/20/2012,,
55045,MN,23.4,,09/20/2012,,
55045,MN,22.815,,09/20/2012,,
55424,MN,24.0,200000.0,01/20/2012,,
55105,MN,40.0,,02/09/2012,,
55439,MN,27.495,,05/01/2012,,
55413,MN,26.352,,05/01/2012,,
55449,MN,38.43,,09/01/2010,,
55418,MN,20.0,167000.0,12/08/2010,,
55803,MN,1.32,29007.0,05/01/2004,,
55803,MN,11.8,80088.0,05/01/2003,,
55072,MN,23.0,145000.0,12/01/2011,,
55072,MN,8.4,75000.0,07/01/2005,,
55901,MN,5.88,,10/13/1997,,
56387,MN,4.5,,08/15/2010,,
55407,MN,34.0,195000.0,01/01/2004,,
55406,MN,2.016,18000.0,07/01/2010,,
55442,MN,40.0,,10/01/2010,,
55947,MN,12.9,,01/26/2012,,
55053,MN,7.2,52100.0,01/09/2012,,
56561,MN,10.0,99500.0,08/05/2011,,
55056,MN,3.22,,06/29/2011,,
55430,MN,8.0,53818.0,05/27/2011,,
55435,MN,9.6,,01/01/2006,,
55376,MN,40.0,,01/01/2007,,
55419,MN,9.75,,02/01/2007,,
55128,MN,40.0,,11/16/2010,,
55107,MN,21.06,175000.0,07/16/2012,,
55408,MN,10.0,88000.0,12/12/2011,,
55112,MN,5.5,,06/11/2012,,
55734,MN,11.4,90000.0,06/08/2012,,
55746,MN,1.6,9000.0,05/15/2012,,
55746,MN,1.3,9000.0,05/17/2011,,
55705,MN,2.1,14700.0,06/01/2011,,
56669,MN,2.4,16200.0,06/09/2011,,
56629,MN,6.0,36000.0,12/21/2011,,
55987,MN,0.5,2295.0,12/22/2011,,
55343,MN,11.28,,06/02/2011,,
55438,MN,30.36,,05/20/2011,,
55414,MN,38.4,230000.0,01/01/2012,,
55354,MN,10.24,,09/01/2010,,
55971,MN,38.4,205169.1,10/27/2011,,
55405,MN,2.6,35000.0,01/21/2006,,
55405,MN,101.0,343000.0,02/01/2012,,
55403,MN,5.0,40000.0,11/01/2005,,
55414,MN,9.8,,10/01/2011,,
55403,MN,40.0,192000.0,03/01/2012,,
55103,MN,1.98,35000.0,04/11/2012,,
55108,MN,1.98,35000.0,04/11/2012,,
55969,MN,39.84,184060.8,03/16/2012,,
55718,MN,8.4,60200.0,03/03/2011,,
56288,MN,4.935,29120.0,04/20/2011,,
56358,MN,4.0,56000.0,05/26/2011,,
56470,MN,3.52,29928.0,06/06/2011,,
56152,MN,9.996,82600.0,06/15/2011,,
56464,MN,5.184,29605.0,09/20/2011,,
55044,MN,4.7,30637.0,09/20/2011,,
55406,MN,1.75,12725.0,09/29/2011,,
55117,MN,2.66,,10/20/2011,,
55305,MN,6.25,34050.0,10/28/2011,,
56329,MN,4.8,,05/01/2008,,
55962,MN,8.0,51682.0,10/21/2010,,
55910,MN,2.0,16435.0,12/27/2011,,
55987,MN,4.0,19960.0,12/13/2011,,
55987,MN,1.5,7500.0,12/13/2011,,
55954,MN,1.5,8985.0,12/13/2011,,
55987,MN,0.75,4199.0,11/28/2011,,
55949,MN,5.52,30739.0,09/08/2011,,
55981,MN,8.28,42642.0,06/15/2011,,
55949,MN,5.64,31389.0,05/19/2011,,
56156,MN,4.2,,05/06/2011,,
55409,MN,25.0,,10/01/2011,,
55102,MN,82.0,629732.0,10/18/2011,,
55426,MN,12.22,,04/28/2010,,
55418,MN,0.67,,08/04/2011,,
55437,MN,5.06,,10/06/2010,,
55406,MN,5.06,,10/07/2010,,
55407,MN,5.06,,10/07/2010,,
55418,MN,5.06,,10/07/2010,,
55430,MN,5.06,,10/06/2010,,
55408,MN,10.0,90000.0,10/13/1997,,
55125,MN,40.0,290000.0,08/31/2011,,
55125,MN,40.0,290000.0,08/31/2011,,
55125,MN,40.0,290000.0,08/31/2011,,
55125,MN,10.0,65000.0,02/03/2011,,
55045,MN,10.0,73000.0,06/03/2010,,
56207,MN,10.416,,09/07/2010,,
55960,MN,8.3,,12/29/2010,,
55410,MN,9.18,84000.0,06/08/2007,,
55354,MN,10.28,,12/03/2010,,
55413,MN,10.0,,10/18/2006,,
55369,MN,72.0,,04/01/2008,,
55102,MN,9.8,,08/01/2008,,
56001,MN,10.34,,02/01/2011,,
55001,MN,12.24,65560.0,12/20/2010,,
55454,MN,10.0,,09/01/2010,,
55454,MN,39.79,,11/01/2010,,
55104,MN,36.8,178750,07/01/2009,,
55109,MN,10.0,,01/01/2011,,
55415,MN,12.19,,11/01/2010,,
55414,MN,39.96,330000.0,02/01/2011,,
55102,MN,1.4,,04/01/2007,,
55102,MN,8.8,,06/01/2003,,
55104,MN,10.0,55000.0,11/23/2005,,
55109,MN,34.0,195000.0,08/01/2005,,
55438,MN,40.0,300000.0,05/01/2007,,
55047,MN,38.0,255069.0,12/20/2010,,
55804,MN,2.1,25000.0,06/01/2009,,
56123,MN,13.8,73143.0,12/20/2010,,
56295,MN,16.1,102550.0,12/01/2010,,
55403,MN,600,2695000,11/19/2010,,
55409,MN,40.0,,04/24/2010,,
55406,MN,32.0,,06/01/2010,,
55741,MN,10.3,98825.0,09/01/2010,,
55987,MN,4.3,35000.0,09/01/2010,,
56515,MN,3.9,47000.0,03/16/2011,,
55111,MN,3.9,47000.0,01/18/2011,,
56685,MN,3.9,47000.0,06/01/2011,,
55033,MN,15.0,95543.0,12/29/2010,,
55128,MN,1.2,4500.0,04/16/2011,,
55718,MN,2.528,,09/01/2008,,
55347,MN,5.265,,11/30/2010,,
55113,MN,9.03,29864.0,11/12/2010,,
55118,MN,2.76,,10/28/2010,,
55431,MN,10.15,,10/22/2010,,
55992,MN,1.07,6451.0,10/10/2010,,
55060,MN,10.56,,09/30/2010,,
55379,MN,4.05,21101.0,08/24/2010,,
55987,MN,5.06,35950.0,09/27/2010,,
55405,MN,2.585,,10/06/2010,,
55987,MN,5.06,34950.0,08/31/2010,,
55987,MN,5.06,34950.0,09/10/2010,,
55987,MN,0.69,4799.0,09/03/2010,,
55987,MN,5.06,34950.0,08/31/2010,,
55959,MN,5.06,34950.0,08/27/2010,,
55987,MN,5.06,35950.0,08/13/2010,,
55959,MN,5.06,34950.0,08/13/2010,,
55987,MN,2.07,14469.0,07/31/2010,,
55987,MN,5.06,34950.0,07/26/2010,,
55969,MN,5.06,35950.0,07/19/2010,,
55987,MN,5.06,35950.0,07/02/2010,,
55987,MN,5.06,35950.0,07/01/2010,,
55051,MN,4.4,,10/01/2007,,
56481,MN,2.8,,07/20/2010,,
56470,MN,2.07,,08/02/2010,,
55707,MN,3.69,,09/08/2008,,
55123,MN,5.16,40677,12/08/2009,,
55033,MN,4.52,,07/02/2010,,
56437,MN,2.16,,01/29/2010,,
55960,MN,3.58,,03/30/2010,,
56118,MN,4.14,,07/19/2010,,
55802,MN,0.51,,07/16/2010,,
55119,MN,4.5,,07/19/2010,,
55419,MN,3.01,,07/19/2010,,
55406,MN,2.7,,07/02/2010,,
55720,MN,5.04,,07/20/2010,,
56374,MN,4.83,,07/19/2010,,
56310,MN,5.16,,07/19/2010,,
55802,MN,4.2,,07/14/2010,,
55337,MN,5.38,,07/28/2010,,
56334,MN,4.14,,07/19/2010,,
55406,MN,3.01,,07/19/2010,,
55417,MN,3.8,,07/19/2010,,
55113,MN,4.5,,07/19/2010,,
55082,MN,5.88,,07/19/2010,,
56470,MN,3.44,,07/19/2010,,
55051,MN,7.68,,06/17/2010,,
56514,MN,7.56,,04/19/2010,,
55431,MN,5.38,,07/20/2010,,
55112,MN,2.4,,06/17/2010,,
55089,MN,7.56,,04/19/2010,,
55736,MN,3.7,,04/19/2010,,
55123,MN,4.84,,04/07/2010,,
56567,MN,2.07,,05/11/2010,,
56209,MN,5.16,,06/17/2010,,
56531,MN,2.8,,06/17/2010,,
55316,MN,4.2,,05/11/2010,,
55449,MN,3.44,,03/10/2010,,
55378,MN,6.72,,05/11/2010,,
55116,MN,2.9,,04/19/2010,,
55027,MN,4.23,,06/17/2010,,
55068,MN,2.07,,04/07/2010,,
55434,MN,5.17,,07/02/2010,,
55606,MN,1.4,,04/22/2010,,
56283,MN,3.68,,04/22/2010,,
55756,MN,3.69,,07/29/2010,,
55803,MN,3.58,,03/02/2010,,
56087,MN,5.52,,07/28/2010,,
56253,MN,5.4,,05/26/2010,,
56252,MN,11.04,,05/26/2010,,
55044,MN,5.76,,03/17/2010,,
56481,MN,2.1,,12/18/2009,,
55405,MN,2.1,,02/08/2010,,
55057,MN,1.58,,02/16/2010,,
55304,MN,2.15,,06/17/2010,,
55987,MN,2.8,,01/18/2010,,
56373,MN,3.15,,01/28/2010,,
55437,MN,3.96,,11/25/2009,,
55408,MN,3.36,,11/20/2009,,
56041,MN,3.6,,12/18/2009,,
56087,MN,5.16,,10/09/2009,,
56353,MN,6.88,,01/18/2010,,
55449,MN,2.15,,12/22/2009,,
55746,MN,3.69,,12/21/2009,,
55051,MN,5.18,,01/30/2010,,
55123,MN,4.44,,11/23/2009,,
56464,MN,5.18,,12/19/2009,,
56470,MN,5.18,,12/18/2009,,
55956,MN,10.37,,12/21/2009,,
55104,MN,0.87,,01/11/2010,,
55346,MN,1.32,,11/25/2009,,
55073,MN,4.14,34227,12/18/2009,,
55408,MN,4.4,,12/01/2009,,
56063,MN,3.01,,04/07/2010,,
56087,MN,4.14,,10/09/2009,,
56283,MN,3.36,,01/28/2010,,
56464,MN,2.8,,12/21/2009,,
56464,MN,2.1,,12/10/2009,,
56087,MN,3.36,,10/06/2009,,
56438,MN,2.46,,12/18/2009,,
56336,MN,5.54,,02/08/2010,,
55726,MN,11.0,,09/16/2009,,
55744,MN,3.69,,10/28/2009,,
55082,MN,1.73,,08/06/2009,,
55106,MN,3.2,,06/12/2009,,
55719,MN,2.0,,03/05/2009,,
55076,MN,4.0,,06/16/2009,,
55902,MN,2.52,,10/28/2009,,
55812,MN,5.82,,05/04/2009,,
55803,MN,2.05,,02/10/2010,,
56001,MN,1.0,,09/25/2009,,
55587,MN,1.08,,01/21/2010,,
56303,MN,0.8,,05/04/2009,,
55901,MN,1.95,,05/04/2009,,
55439,MN,9.84,,08/06/2009,,
55116,MN,2.37,,01/21/2010,,
55442,MN,18.72,,07/23/2009,,
55756,MN,6.4,,08/18/2009,,
56063,MN,2.93,,09/14/2009,,
55126,MN,2.69,,02/19/2009,,
56374,MN,5.6,,01/08/2009,,
56304,MN,2.11,,10/09/2009,,
55912,MN,2.93,,08/06/2009,,
55719,MN,9.84,,05/05/2009,,
55024,MN,4.14,37989,02/17/2009,,
56501,MN,4.32,,05/11/2009,,
55406,MN,3.2,,03/24/2009,,
55904,MN,5.82,,09/15/2009,,
55712,MN,2.73,,11/17/2008,,
55971,MN,4.48,,09/10/2009,,
55979,MN,7.17,,03/13/2009,,
55057,MN,9.98,,09/10/2009,,
55047,MN,2.94,29322,02/26/2009,,
55069,MN,2.0,,11/03/2009,,
56601,MN,2.1,,10/08/2008,,
56087,MN,2.04,,11/07/2008,,
56464,MN,3.9,,11/14/2008,,
55735,MN,2.8,,08/12/2008,,
55369,MN,4.8,,03/04/2009,,
55330,MN,4.68,,12/05/2008,,
55044,MN,4.5,38300,02/17/2009,,
56477,MN,2.34,,11/17/2008,,
56758,MN,28.8,,02/12/2009,,
55109,MN,12.04,,12/07/2009,,
55721,MN,2.88,,08/19/2009,,
56716,MN,4.0,,11/10/2009,,
55720,MN,7.38,,02/25/2009,,
55720,MN,3.15,,05/15/2009,,
55407,MN,6.66,,02/17/2009,,
55744,MN,3.69,,09/11/2008,,
55407,MN,0.96,,12/19/2008,,
55082,MN,3.12,,10/25/2008,,
55116,MN,1.44,,09/18/2008,,
55107,MN,2.93,,08/22/2008,,
55408,MN,1.6,,02/27/2008,,
56288,MN,1.95,,09/12/2008,,
55407,MN,1.6,,02/06/2009,,
56359,MN,3.04,,01/08/2009,,
55107,MN,1.95,,04/29/2008,,
55345,MN,3.6,,12/12/2008,,
55408,MN,2.88,,04/09/2008,,
55331,MN,9.36,,12/09/2008,,
56438,MN,1.04,,05/18/2008,,
55316,MN,1.26,,05/22/2008,,
55127,MN,1.95,,01/14/2009,,
55718,MN,3.6,,05/23/2008,,
55413,MN,4.68,,04/09/2008,,
56037,MN,2.1,,12/18/2007,,
56477,MN,1.95,,01/16/2008,,
56477,MN,3.12,,01/16/2008,,
55446,MN,3.9,,06/18/2008,,
56401,MN,2.1,,11/20/2007,,
55806,MN,3.2,,01/16/2008,,
55105,MN,2.1,,11/07/2008,,
55744,MN,3.6,,01/16/2008,,
55604,MN,1.75,,01/16/2008,,
55411,MN,1.82,,12/18/2007,,
55612,MN,1.98,,10/16/2007,,
55126,MN,8.4,,10/25/2008,,
55127,MN,6.0,,10/25/2007,,
56201,MN,2.38,,05/20/2008,,
55804,MN,0.52,,04/29/2008,,
55771,MN,2.0,,10/16/2007,,
55008,MN,10.08,,11/30/2007,,
55017,MN,2.04,,06/25/2008,,
56442,MN,6.12,,05/20/2008,,
55803,MN,3.15,,12/18/2007,,
55804,MN,2.8,,10/17/2007,,
56001,MN,9.75,,10/08/2008,,
56442,MN,3.38,,09/18/2008,,
55771,MN,4.16,,11/15/2007,,
55328,MN,3.2,,06/18/2008,,
55082,MN,2.72,,08/03/2007,,
55024,MN,2.04,,01/16/2008,,
55733,MN,2.8,,02/27/2008,,
55046,MN,2.0,,10/17/2007,,
55616,MN,2.88,,12/15/2008,,
55337,MN,4.0,,09/24/2007,,
55812,MN,3.15,,02/27/2008,,
56444,MN,1.44,,07/01/2008,,
55963,MN,3.33,,08/06/2007,,
55603,MN,2.16,,09/14/2007,,
55604,MN,1.4,,08/12/2008,,
56387,MN,4.32,,07/10/2008,,
55449,MN,2.0,,08/16/2007,,
55419,MN,2.63,,05/20/2008,,
55126,MN,3.0,,08/03/2007,,
55912,MN,2.34,,11/20/2007,,
55438,MN,10.617,,07/17/2007,,
55405,MN,2.7,10350.0,05/25/2010,,
55771,MN,4.16,23662,09/01/2007,,
55407,MN,0.96,9781,06/25/2008,,
55033,MN,1.84,30605,01/11/2009,,
55411,MN,1.82,14845.3,10/01/2007,,
56321,MN,400.4,2900000,12/08/2009,,
55912,MN,2.34,14902,09/19/2007,,
55735,MN,2.8,38300,01/15/2009,,
55116,MN,2.53,17618.0,06/01/2010,,
56387,MN,4.32,30786,07/31/2007,,
55408,MN,2.88,,02/01/2008,,
55902,MN,2.7,35864,10/30/2008,,
56374,MN,2,29880,10/15/2009,,
56477,MN,1.95,,12/01/2007,,
56442,MN,6.12,47751,04/04/2008,,
56464,MN,3.9,49800,10/15/2009,,
55803,MN,2.05,17745,10/30/2008,,
55328,MN,3.2,31350,08/30/2007,,
55127,MN,6,,09/18/2007,,
56477,MN,3.12,,12/01/2007,,
55719,MN,9.84,31960,02/03/2009,,
55960,MN,3.3,41509,02/19/2009,,
55024,MN,2.04,19804,12/14/2007,,
55107,MN,3,19450,06/12/2007,,
56438,MN,1.04,,11/01/2007,,
55126,MN,8.4,69294,05/21/2008,,
55487,MN,95,900000,01/20/2009,,
55438,MN,10.617,,05/02/2007,,
55101,MN,3,27777,11/01/2007,,
55105,MN,2.1,,01/20/2008,,
55720,MN,7.38,75950,10/30/2008,,
55731,MN,9.36,115000,12/21/2007,,
55904,MN,6.05,51130,01/01/2008,,
55912,MN,2.93,32057,04/22/2009,,
55391,MN,3.976,30389,02/02/2010,,
55906,MN,6.105,45901.81,01/27/2010,,
55051,MN,4.4,67739.95,12/14/2007,,
55425,MN,1014.0,,08/28/2012,,
55413,MN,4.68,,01/10/2008,,
55803,MN,4.2,26118.21,10/01/2008,,
55108,MN,10.11,83500.0,02/25/2011,,
56288,MN,10.36,60000.0,02/25/2011,,
55438,MN,2.1,22145.0,02/25/2011,,
55104,MN,3.24,34995.0,12/10/2010,,
55318,MN,4.68,27895.0,12/07/2010,,
55347,MN,10.34,58421.0,12/07/2010,,
56241,MN,10.71,93800.0,12/03/2010,,
55405,MN,11.985,80564.0,11/24/2010,,
55604,MN,2.72,21784.0,11/19/2010,,
56159,MN,11.04,95337.0,11/03/2010,,
55056,MN,11.52,77800.0,10/29/2010,,
55416,MN,3.68,29850.0,10/28/2010,,
56156,MN,8.568,68310.0,10/27/2010,,
55407,MN,2.76,20541.0,10/27/2010,,
55126,MN,1.75,11854.0,10/27/2010,,
55119,MN,2.76,16532.0,10/27/2010,,
56310,MN,7.68,68260.0,10/27/2010,,
55419,MN,9.66,66171.0,10/26/2010,,
55344,MN,10.15,83500.0,10/25/2010,,
55421,MN,39.96,330000.0,10/25/2010,,
55405,MN,10.15,84753.0,10/25/2010,,
55421,MN,39.96,330000.0,10/25/2010,,
55108,MN,10.11,83500.0,10/25/2010,,
55430,MN,15.24,126492.0,10/25/2010,,
55415,MN,10.11,83500.0,10/25/2010,,
55108,MN,10.15,83500.0,10/25/2010,,
55001,MN,3.22,19981.0,10/25/2010,,
55418,MN,3.6,26469.0,10/22/2010,,
55438,MN,4.2,23980.0,10/21/2010,,
55946,MN,9.87,86362.0,10/21/2010,,
55117,MN,1.935,14028.0,10/19/2010,,
56431,MN,1.84,10191.0,10/19/2010,,
55001,MN,4.23,27984.0,10/14/2010,,
55033,MN,10.12,62575.0,10/14/2010,,
55426,MN,14.85,89397.0,10/13/2010,,
55042,MN,4.5,59666.0,10/11/2010,,
55420,MN,10.0,72000.0,10/07/2010,,
55406,MN,2.7,24969.0,10/06/2010,,
55042,MN,5.25,33575.0,10/06/2010,,
55057,MN,2.76,27539.0,10/06/2010,,
55417,MN,2.585,22157.0,10/02/2010,,
55043,MN,8.1,63832.0,10/01/2010,,
55060,MN,5.28,30400.0,09/30/2010,,
55350,MN,10.0,49900.0,09/29/2010,,
55347,MN,6.376,38937.0,09/28/2010,,
56482,MN,2.1,12731.0,09/28/2010,,
56304,MN,4.6,34270.0,09/27/2010,,
55987,MN,5.06,34950.0,09/27/2010,,
56542,MN,4.6,29487.0,09/24/2010,,
55987,MN,5.06,34950.0,09/23/2010,,
55033,MN,3.15,36345.0,09/22/2010,,
55405,MN,3.76,30972.0,09/20/2010,,
55016,MN,2.04,10015.0,09/17/2010,,
56170,MN,8.28,72860.0,09/16/2010,,
55405,MN,3.0,30000.0,09/15/2010,,
55021,MN,11.28,74820.0,09/14/2010,,
55118,MN,3.68,43381.0,09/13/2010,,
55354,MN,10.81,78105.0,09/10/2010,,
55410,MN,3.76,31385.0,09/10/2010,,
55426,MN,4.6,24830.0,09/10/2010,,
56304,MN,5.16,23939.0,09/10/2010,,
55336,MN,5.04,21990.0,09/08/2010,,
55343,MN,2.115,14050.0,09/07/2010,,
55438,MN,5.16,39819.0,09/07/2010,,
55336,MN,5.04,21990.0,09/03/2010,,
55110,MN,5.06,31395.0,09/02/2010,,
55082,MN,3.87,57150.0,09/02/2010,,
55987,MN,5.06,34200.0,09/01/2010,,
55959,MN,5.06,33700.0,09/01/2010,,
55987,MN,5.06,33700.0,09/01/2010,,
55987,MN,5.06,33700.0,09/01/2010,,
55374,MN,4.995,35677.0,08/31/2010,,
55410,MN,1.38,8665.0,08/26/2010,,
56283,MN,10.12,36800.0,08/26/2010,,
55379,MN,4.995,34965.0,08/24/2010,,
56267,MN,7.56,62473.0,08/24/2010,,
55352,MN,8.28,58754.0,08/24/2010,,
56477,MN,2.07,14798.0,08/20/2010,,
56601,MN,3.44,28436.0,08/19/2010,,
55118,MN,3.01,26572.0,08/19/2010,,
55107,MN,4.05,29965.0,08/18/2010,,
55347,MN,5.55,41011.0,08/18/2010,,
55987,MN,5.17,34065.0,08/17/2010,,
55057,MN,5.52,39684.0,08/17/2010,,
55959,MN,5.06,29746.0,08/14/2010,,
55001,MN,8.6,72830.0,08/11/2010,,
55108,MN,5.4,42911.0,08/11/2010,,
55387,MN,5.04,29760.0,08/10/2010,,
55902,MN,3.45,22545.0,08/10/2010,,
55987,MN,5.06,36200.0,08/09/2010,,
55129,MN,5.52,31388.0,08/09/2010,,
56255,MN,3.68,36800.0,08/09/2010,,
55051,MN,4.4,67739.95,12/13/2007,,
55328,MN,1.98,23221.08652,09/23/2005,,
55047,MN,8.28,64288.23775,08/02/2010,,
55379,MN,4.14,61139.16054,08/24/2010,,
55444,MN,4.9,32538.69869,07/23/2010,,
55051,MN,7.68,140515.139,05/01/2010,,
55128,MN,1.344,11601.65049,07/05/2010,,
55802,MN,2.528,23209.78336,11/23/2004,,
55912,MN,1.6,16920.90686,09/19/2007,,
55042,MN,10.12,65912.39356,08/16/2011,,
55787,MN,2.6,23046.3407,10/01/2007,,
56283,MN,3.36,31309.15244,12/01/2009,,
56334,MN,4.14,41272.53458,06/01/2010,,
56001,MN,1,12613.69386,08/26/2009,,
55726,MN,2.05,21283.44717,07/02/2010,,
56283,MN,3.68,36614.88373,03/16/2010,,
55396,MN,4.14,44955.85269,07/09/2010,,
55110,MN,5.06,34024.72416,09/02/2010,,
55060,MN,5.28,32946.38045,09/30/2010,,
55107,MN,1.95,20087.99898,02/21/2008,,
55413,MN,10.22,92149.21009,10/25/2010,,
55408,MN,3.36,29076.06978,10/06/2009,,
55804,MN,2.8,29620.74159,12/01/2007,,
55417,MN,2.53,23983.06236,10/02/2010,,
55959,MN,5.06,36522.79675,09/01/2010,,
56316,MN,4.14,36710.83339,06/07/2010,,
55987,MN,8.46,56428.28224,07/29/2010,,
55719,MN,2,38074.25067,02/26/2009,,
55069,MN,2,19396.08738,08/15/2008,,
55731,MN,11.04,75328.2005,07/15/2010,,
55719,MN,9.84,93269.47449,02/20/2009,,
55406,MN,2.7,22727.047,06/02/2010,,
56087,MN,3.36,33168.53063,08/18/2009,,
55810,MN,1.44,12422.66232,06/30/2004,,
55057,MN,9.984,86480.17891,01/13/2009,,
55969,MN,5.06,38679.40755,07/20/2010,,
55082,MN,3.87,61937.02773,09/02/2010,,
55428,MN,39.96,356434.1474,12/15/2010,,
55124,MN,3.1,26824.2183,10/23/2006,,
55104,MN,2.025,15978.6057,10/21/2010,,
56041,MN,3.6,33924.1714,11/05/2009,,
55736,MN,3.7,45951.35274,03/15/2010,,
55749,MN,2.22,17476.94166,06/29/2010,,
56001,MN,9.75,161659.697,06/27/2008,,
56327,MN,7.56,67745.28257,08/24/2010,,
55127,MN,2.1,22739.06037,05/04/2007,,
56619,MN,3.44,32774.33685,07/15/2010,,
55056,MN,10.08,84211.86314,10/29/2010,,
55987,MN,3.42,25711.55911,01/23/2006,,
55804,MN,2.528,14211.6556,08/31/2004,,
55051,MN,3.96,54137.68917,06/08/2005,,
56304,MN,5.16,25944.19085,09/10/2010,,
55126,MN,4.7,31406.32727,10/27/2010,,
56118,MN,4.14,40468.80628,06/14/2010,,
56288,MN,3.68,39969.19138,06/30/2010,,
55125,MN,10.12,66374.8306,01/05/2011,,
55001,MN,8.6,78976.34065,08/11/2010,,
55720,MN,3.15,26314.28416,07/10/2008,,
55987,MN,5.06,36522.79675,09/01/2010,,
55089,MN,7.56,22494.00058,01/15/2010,,
56470,MN,5.184,35216.5729,11/02/2009,,
55431,MN,5.375,50178.7131,06/23/2010,,
55442,MN,18.72,310801.3014,12/31/2008,,
56063,MN,2.925,38628.62272,06/15/2009,,
55318,MN,4.68,30129.48649,12/07/2010,,
55042,MN,5.25,36342.07333,10/06/2010,,
55129,MN,5.52,34036.92682,08/09/2010,,
56481,MN,2.1,17967.77324,11/12/2009,,
55744,MN,2.1,17410.55697,08/25/2006,,
55057,MN,2.76,29808.61824,10/06/2010,,
56464,MN,5.184,35216.5729,11/05/2009,,
55119,MN,3.15,28619.7211,07/14/2010,,
55612,MN,1.98,19812.60145,10/02/2007,,
55123,MN,4.84,44221.9853,12/23/2009,,
56087,MN,4.14,40330.77147,10/04/2010,,
55113,MN,9.03,32311.64063,11/12/2010,,
55803,MN,4.34,39839.21864,01/30/2006,,
55802,MN,0.51,5483.795623,04/28/2010,,
55118,MN,10.111,91737.89251,10/25/2010,,
55082,MN,5.67,36829.23874,08/02/2010,,
55803,MN,3.58,30377.66216,01/15/2010,,
55912,MN,2.925,36816.89782,02/04/2009,,
55406,MN,1.72,20589.32026,09/01/2010,,
55331,MN,4.995,38363.41352,07/28/2010,,
55116,MN,2.53,19604.45393,06/28/2010,,
55439,MN,9.84,120322.0847,02/27/2009,,
55112,MN,4.995,38523.06057,08/13/2010,,
55987,MN,5.06,36522.79675,09/01/2010,,
55082,MN,2.72,27901.56842,07/01/2007,,
55123,MN,5.16,44545.48945,10/30/2009,,
56209,MN,5.16,43436.00494,04/15/2010,,
55438,MN,4.83,45461.00685,08/25/2010,,
56063,MN,3.01,36053.33038,01/13/2010,,
55378,MN,6.72,61890.38901,12/22/2009,,
55757,MN,3.69,34429.9828,06/20/2010,,
56601,MN,3.36,30835.79875,08/19/2010,,
55374,MN,4.995,38687.88831,08/31/2010,,
55406,MN,3.68,26418.87883,09/15/2010,,
55387,MN,5.04,32271.53505,08/10/2010,,
56470,MN,2.07,16981.17317,05/25/2010,,
55910,MN,2.1,18344.42766,08/17/2006,,
55901,MN,1.95,30693.17003,01/23/2009,,
55116,MN,0.84,8922.616785,09/15/2010,,
56374,MN,2.1,21827.17459,08/06/2009,,
55604,MN,3.69,38197.52267,11/20/2009,,
55607,MN,8.4,75724.65926,05/21/2008,,
55113,MN,4.5,43300.31937,06/14/2010,,
55116,MN,2.82,25902.52817,05/19/2010,,
55082,MN,2.8,20859.08877,08/14/2006,,
55379,MN,4.995,37915.80051,08/24/2010,,
55985,MN,3.68,35964.68215,07/16/2010,,
55606,MN,1.02,16982.87794,11/13/2009,,
55343,MN,3.76,32920.68971,05/15/2010,,
55604,MN,1.4,15744.44429,07/01/2008,,
55001,MN,3.22,21627.72799,10/25/2010,,
55803,MN,2.05,21925.17678,12/22/2009,,
55033,MN,3.68,47014.70166,09/13/2010,,
55735,MN,2.8,35855.20732,08/09/2008,,
55409,MN,5.4,42107.55701,11/30/2009,,
56601,MN,2.1,24736.17232,01/16/2009,,
55987,MN,5.06,37064.67801,09/01/2010,,
55337,MN,2.16,24289.30214,10/15/2007,,
55051,MN,5.18,39318.41952,12/17/2009,,
55987,MN,5.06,37877.4999,09/27/2010,,
56081,MN,19.35,154169.8325,12/29/2008,,
55756,MN,5.58,58456.57808,10/31/2009,,
55906,MN,2.59,20599.90064,06/08/2004,,
55987,MN,5.17,36939.84682,08/17/2010,,
55124,MN,2.04,22321.50557,12/14/2007,,
56082,MN,4.14,43227.54938,06/09/2010,,
56001,MN,4.14,41372.41515,07/24/2010,,
55109,MN,12.04,120461.2887,10/01/2009,,
55408,MN,4.4,40557.8208,09/28/2009,,
56336,MN,5.535,36724.55704,11/13/2009,,
55959,MN,5.06,32256.35355,08/14/2010,,
55112,MN,2.4,28124.72898,05/20/2010,,
55802,MN,6.3,58334.15072,12/18/2007,,
55304,MN,2.15,14673.76837,04/01/2010,,
55426,MN,12.22,77670.84443,05/28/2010,,
55126,MN,1.75,12830.94378,10/27/2010,,
55411,MN,5.9,16820.54285,10/01/2007,,
55971,MN,4.48,30461.52224,08/04/2009,,
55603,MN,2.16,22112.18209,10/01/2007,,
55082,MN,5.88,57231.97203,06/02/2010,,
56379,MN,3.63,45394.48961,08/09/2005,,
56087,MN,5.16,45249.37412,09/01/2009,,
55119,MN,4.5,35841.93793,06/14/2010,,
55812,MN,5.824,39202.94729,10/30/2008,,
55349,MN,4.14,40468.80628,06/07/2010,,
56464,MN,2.8,34152.96554,10/23/2009,,
55110,MN,1.4,11254.6048,05/16/2006,,
55979,MN,7.168,61417.27955,02/22/2009,,
56087,MN,4.14,44965.34031,06/24/2010,,
56387,MN,4.8,26604.30896,07/28/2010,,
56442,MN,3.38,38636.82121,06/30/2008,,
55379,MN,4.05,61774.61483,08/24/2010,,
56470,MN,3.44,37403.06839,05/24/2010,,
55107,MN,1.95,25179.62106,07/15/2010,,
56353,MN,6.8,65227.40091,12/07/2009,,
55044,MN,5.76,38237.5083,12/31/2009,,
55434,MN,5.17,34176.10296,05/26/2010,,
56501,MN,4.32,35589.22319,04/22/2009,,
55337,MN,2.52,29231.69247,11/19/2009,,
56438,MN,2.4,20282.38436,03/23/2005,,
55804,MN,2.05,22637.0609,02/27/2006,,
55082,MN,6.3,48586.34834,10/27/2010,,
56003,MN,2,22240.96912,07/31/2006,,
55395,MN,8.28,89911.70537,07/02/2010,,
55920,MN,6.048,46310.07914,02/19/2009,,
55001,MN,5.67,54175.04526,01/13/2010,,
55008,MN,10.08,126310.5622,11/06/2007,,
55407,MN,6.66,83020.96383,10/30/2008,,
55110,MN,10.34,75952.92989,01/07/2011,,
56481,MN,2.8,28103.0278,05/10/2010,,
55746,MN,3.69,40301.91563,11/30/2009,,
55057,MN,5.52,43033.05097,08/17/2010,,
55119,MN,4.515,37546.05916,06/25/2010,,
55720,MN,7.38,70636.33651,01/09/2009,,
55987,MN,5.06,37877.4999,09/23/2010,,
55123,MN,4.44,38422.50634,09/17/2009,,
55733,MN,2.8,28339.23275,01/15/2008,,
55116,MN,1.44,10582.0662,06/25/2008,,
55051,MN,3.96,54137.68917,06/08/2005,,
55771,MN,2,14694.74367,09/15/2007,,
55021,MN,5.6,44440.46255,04/10/2010,,
55414,MN,5.42,46761.76421,01/18/2011,,
56374,MN,4.83,40495.95926,06/17/2010,,
56567,MN,2.07,17157.22195,04/06/2010,,
55108,MN,2.82,26789.02137,05/01/2010,,
55406,MN,3.06,32093.72368,10/29/2003,,
55113,MN,9.9,64614.74512,10/14/2010,,
55406,MN,2.1,28659.89903,07/02/2010,,
55447,MN,4.9,34449.86537,07/09/2010,,
55044,MN,4.5,42942.40775,01/15/2009,,
55756,MN,6.4,85060.89674,06/26/2009,,
56374,MN,9.9,44410.23006,08/31/2010,,
55411,MN,1.224,16293.52038,09/13/2004,,
55449,MN,2.15,22586.93219,11/13/2009,,
55437,MN,3.96,40387.38478,10/23/2009,,
55337,MN,5.375,50907.49917,06/23/2010,,
55042,MN,3.36,30083.84282,01/10/2003,,
55016,MN,2.04,10853.88159,09/17/2010,,
56288,MN,5.52,60822.68254,06/30/2010,,
55987,MN,2.8,43675.97796,10/15/2009,,
55043,MN,8.1,69092.69471,10/01/2010,,
56347,MN,10.105,71833.76032,06/23/2010,,
55057,MN,5.25,35796.36917,07/23/2010,,
55108,MN,2.34,27061.46871,07/17/2010,,
55803,MN,2.672,25230.70834,12/01/2004,,
56304,MN,2.112,17894.45908,05/12/2009,,
55419,MN,3.01,29384.9585,06/21/2010,,
55044,MN,10.15,94900.70824,10/25/2010,,
55304,MN,6.5,42570.44718,06/01/2010,,
55001,MN,4.23,30290.29278,10/14/2010,,
56087,MN,5.52,53905.73055,05/19/2010,,
55604,MN,2.72,23569.40729,11/19/2010,,
55369,MN,37.95,253824.3171,12/01/2010,,
55987,MN,2.07,14878.95606,08/04/2010,,
55125,MN,5.6,46336.13017,08/19/2009,,
55073,MN,1.38,9780.612685,07/12/2010,,
55379,MN,4.14,22881.77625,08/24/2010,,
55068,MN,3,21109.58924,11/23/2009,,
56082,MN,7.56,67956.87047,12/15/2010,,
55047,MN,7.425,50334.26666,07/02/2010,,
55057,MN,4.62,71618.78714,11/20/2007,,
55987,MN,5.06,33119.64993,07/15/2010,,
56464,MN,2.1,16865.47651,09/22/2009,,
55406,MN,3.01,31370.38464,06/02/2010,,
55118,MN,3.01,28814.49023,08/19/2010,,
55391,MN,2.925,32661.83541,10/20/2008,,
55987,MN,5.06,39255.02583,08/09/2010,,
55802,MN,4.2,43423.05086,06/06/2010,,
55587,MN,1.075,11324.23808,01/15/2009,,
55744,MN,3.69,39218.31655,09/21/2009,,
55021,MN,9.66,98135.897,11/02/2010,,
56288,MN,1.84,20571.10013,06/30/2010,,
56310,MN,7.68,73885.62697,10/27/2010,,
55042,MN,4.5,64583.35509,10/11/2010,,
55987,MN,5.06,38630.5425,07/15/2010,,
56288,MN,5.376,39705.57376,07/30/2010,,
55350,MN,10.08,54079.7495,09/29/2010,,
55802,MN,2.08,23170.67676,08/06/2007,,
56304,MN,4.6,37140.54139,09/27/2010,,
55720,MN,3.136,26149.32098,07/12/2010,,
55606,MN,1.4,14519.54536,11/21/2009,,
55720,MN,5.04,40599.1406,06/07/2010,,
55044,MN,4.7,31966.64815,09/20/2011,,
55418,MN,5.17,35719.02199,12/01/2010,,
56001,MN,4.56,48449.93459,10/02/2006,,
