Zipcode,State,Size (kW DC),Cost,Date Installed,Filters=state=NH
03824,NH,1.53,5000,06/18/2015,,
03104,NH,19.08,,08/09/2013,,
03222,NH,15.0,44850.0,07/25/2013,,
03833,NH,13.26,,03/07/2014,,
03750,NH,5.33,15000.0,08/10/2010,,
03824,NH,7.54,37067.0,07/25/2013,,
03824,NH,7.28,25936.0,03/08/2014,,
03823,NH,3.9,17500.0,03/26/2011,,
03824,NH,120.0,410000.0,12/23/2013,,
03824,NH,4.85,15000.0,07/24/2013,,
03431,NH,127.68,898100.0,05/07/2013,,
03278,NH,1.23,,12/01/2009,,
03079,NH,2.16,,09/05/2008,,
03301,NH,13.8,,12/05/2011,,
03062,NH,9.6,,06/29/2009,,
03101,NH,14.04,,10/07/2009,,
,NH,7.8,42156.55935,12/20/2013,,
03805,NH,6.48,24861.05064,12/01/2014,,
03801,NH,14.4,,02/26/2013,,
03824,NH,4.8,20369.0,10/09/2012,,
03824,NH,2.8,13384.0,03/21/2012,,
03216,NH,70.98,,01/11/2013,,
03257,NH,127.0,509000.0,11/30/2012,,
03053,NH,5.88,,09/21/2011,,
03878,NH,140.0,,11/06/2012,,
03781,NH,80.96,424100.0,01/11/2012,,
03264,NH,9.2,,12/21/2011,,
03861,NH,4.845,,02/24/2012,,
03824,NH,29.375,,12/29/2011,,
03431,NH,10.56,,06/05/2010,,
03833,NH,20.68,,05/15/2012,,
03053,NH,50.0,,10/18/2005,,
03246,NH,15.57,,09/21/2011,,
03818,NH,15.02,,06/03/2010,,
03827,NH,61.49,300000.0,10/25/2011,,
03827,NH,18.4,,10/05/2011,,
03053,NH,99.33,,05/10/2010,,
03103,NH,525.0,3300000.0,08/10/2012,,
03833,NH,97.65,,10/25/2010,,
03257,NH,41.4,,11/17/2011,,
03063,NH,10.8,,07/27/2011,,
03824,NH,2.0,13000.0,06/01/2009,,
03823,NH,3.76,17500.0,03/30/2012,,
03824,NH,3.86,18156.0,11/02/2011,,
03824,NH,4.8,18000.0,03/30/2012,,
03750,NH,0.4,3095.0,05/01/2010,,
03824,NH,4.59,12100.0,12/17/2011,,
03825,NH,1.1,3400.0,10/06/2006,,
03825,NH,0.9,12000.0,11/15/1997,,
03824,NH,3.0,28000.0,08/01/2007,,
03824,NH,2.99,16800.0,05/15/2011,,
03242,NH,4.6,26209.0,08/13/2010,,
03580,NH,2.3,17135.0,01/15/2010,,
03259,NH,2.176,15000.0,12/30/2009,,
03237,NH,1.05,15033.0,12/01/2009,,
03842,NH,3.22,22540.0,12/01/2009,,
03254,NH,4.73,26000.0,12/15/2009,,
03254,NH,4.73,30500.0,12/20/2009,,
03045,NH,1.88,15950.0,12/18/2009,,
03216,NH,2.04,18667.0,11/13/2009,,
03602,NH,2.05,22212.0,11/15/2009,,
03773,NH,0.92,2760.0,05/20/2009,,
03602,NH,0.52,1560.0,03/01/2009,,
03038,NH,2.24,6000.0,09/19/2008,,
03752,NH,0.738,2214.0,09/28/2008,,
03465,NH,1.75,5250.0,09/29/2009,,
03449,NH,0.42,1260.0,08/28/2009,,
03823,NH,4.2,6000.0,09/23/2009,,
03227,NH,4.29,6000.0,09/28/2009,,
03449,NH,2.58,6000.0,09/29/2009,,
03266,NH,1.02,3060.0,09/24/2009,,
03227,NH,4.68,6000.0,09/30/2009,,
03227,NH,2.05,6000.0,09/30/2009,,
03227,NH,4.68,6000.0,09/30/2009,,
03873,NH,1.5,4500.0,09/25/2009,,
03602,NH,2.76,6000.0,09/30/2009,,
03227,NH,2.73,6000.0,09/22/2009,,
03215,NH,4.1,6000.0,09/28/2009,,
03224,NH,4.92,6000.0,09/29/2009,,
03581,NH,0.96,1823.15,10/20/2008,,
03087,NH,1.5,4500.0,09/29/2009,,
03779,NH,2.4,6000.0,08/27/2009,,
03450,NH,0.4,919.5,09/28/2009,,
03603,NH,2.1,6000.0,09/30/2009,,
03752,NH,2.1,6000.0,09/25/2009,,
03592,NH,0.6,1800.0,09/30/2009,,
03773,NH,2.1,6000.0,09/28/2009,,
03241,NH,2.05,6000.0,09/14/2009,,
03246,NH,2.05,6000.0,09/23/2009,,
03455,NH,3.5,6000.0,07/08/2009,,
03824,NH,2.76,6000.0,09/30/2009,,
03743,NH,2.1,6000.0,03/09/2009,,
03467,NH,2.7,6000.0,09/19/2009,,
03768,NH,0.68,2040.0,01/09/2009,,
03462,NH,2.7,6000.0,09/25/2009,,
03057,NH,3.01,6000.0,09/18/2009,,
03037,NH,2.38,6000.0,09/17/2009,,
03585,NH,3.36,6000.0,09/29/2009,,
03464,NH,2.45,6000.0,09/22/2009,,
03462,NH,1.8,5400.0,09/29/2009,,
03774,NH,4.92,6000.0,09/27/2009,,
03603,NH,4.0,6000.0,05/02/2009,,
03745,NH,4.92,6000.0,09/29/2009,,
03280,NH,1.62,4860.0,07/11/2009,,
03077,NH,2.1,6000.0,09/29/2009,,
03222,NH,3.9,6000.0,09/29/2009,,
03054,NH,2.16,6000.0,09/30/2009,,
03883,NH,4.92,6000.0,08/11/2009,,
03264,NH,1.6,2549.5,09/02/2009,,
03844,NH,2.108,6000.0,09/02/2009,,
03856,NH,1.7,5100.0,09/24/2009,,
03256,NH,2.05,5375.0,09/24/2009,,
03033,NH,2.16,6000.0,06/01/2009,,
03801,NH,3.36,6000.0,09/15/2009,,
03886,NH,3.5,6000.0,09/01/2009,,
03768,NH,2.4,6000.0,09/17/2009,,
03870,NH,3.42,6000.0,09/09/2009,,
03225,NH,2.04,6000.0,09/18/2009,,
03743,NH,2.28,6000.0,08/04/2009,,
03229,NH,4.725,6000.0,08/25/2009,,
03864,NH,3.15,6000.0,12/18/2008,,
03227,NH,3.28,6000.0,08/07/2009,,
03820,NH,2.178,6000.0,09/03/2009,,
03216,NH,3.6,6000.0,08/18/2009,,
03280,NH,3.075,6000.0,09/09/2009,,
03824,NH,1.05,3150.0,05/04/2009,,
03784,NH,2.66,6000.0,08/11/2009,,
03227,NH,3.28,6000.0,07/29/2009,,
03070,NH,4.9,6000.0,08/13/2009,,
03269,NH,4.94,6000.0,08/13/2009,,
03748,NH,2.46,5769.0,08/27/2009,,
03781,NH,3.36,6000.0,08/03/2009,,
03741,NH,1.75,5250.0,08/30/2008,,
03601,NH,1.36,4080.0,07/29/2009,,
03287,NH,4.0,6000.0,08/17/2009,,
03249,NH,2.05,6000.0,05/21/2009,,
03077,NH,2.16,6000.0,08/05/2009,,
03224,NH,4.68,6000.0,12/20/2009,,
03770,NH,3.8,6000.0,04/02/2009,,
03470,NH,2.736,6000.0,05/14/2009,,
03244,NH,0.81,2430.0,07/03/2009,,
03841,NH,4.68,6000.0,07/01/2009,,
03051,NH,4.92,6000.0,08/13/2009,,
03241,NH,2.52,6000.0,12/10/2008,,
03820,NH,2.1,6000.0,07/08/2008,,
03431,NH,3.04,6000.0,07/16/2009,,
03818,NH,3.36,6000.0,08/06/2009,,
03603,NH,2.0,6000.0,07/20/2008,,
03063,NH,2.1,6000.0,01/27/2009,,
03049,NH,3.69,6000.0,07/06/2009,,
03580,NH,3.15,6000.0,07/29/2009,,
03784,NH,3.42,6000.0,07/15/2009,,
03038,NH,2.0,6000.0,01/22/2009,,
03823,NH,4.2,6000.0,07/25/2009,,
03603,NH,2.0,6000.0,07/22/2009,,
03755,NH,3.8,6000.0,08/29/2008,,
03223,NH,2.0,6000.0,05/15/2009,,
03253,NH,3.15,6000.0,06/16/2009,,
03801,NH,3.15,6000.0,04/30/2009,,
03598,NH,4.18,6000.0,11/05/2008,,
03825,NH,4.68,6000.0,10/20/2008,,
03816,NH,2.912,6000.0,08/28/2008,,
03576,NH,2.08,6000.0,07/14/2008,,
03765,NH,4.1,6000.0,06/10/2009,,
03226,NH,1.7,5100.0,11/15/2008,,
03608,NH,3.2,6000.0,09/15/2008,,
03253,NH,1.95,5850.0,11/12/2008,,
03824,NH,2.0,6000.0,06/01/2009,,
03249,NH,4.92,6000.0,05/05/2009,,
03110,NH,3.04,6000.0,02/01/2009,,
03431,NH,2.46,6000.0,06/15/2009,,
03449,NH,2.28,6000.0,05/08/2009,,
03768,NH,1.44,4320.0,10/04/2008,,
03570,NH,4.8,6000.0,05/06/2009,,
03222,NH,2.1,6000.0,11/25/2008,,
03264,NH,1.32,3960.0,10/08/2009,,
03103,NH,1.8,5400.0,07/18/2009,,
03602,NH,4.2,6000.0,09/08/2009,,
03233,NH,4.8,6000.0,06/22/2009,,
03307,NH,3.06,6000.0,10/13/2008,,
03581,NH,3.04,6000.0,11/08/2008,,
03561,NH,1.52,4500.0,08/20/2008,,
03275,NH,2.1,6000.0,07/21/2009,,
03240,NH,2.38,6000.0,12/14/2008,,
03264,NH,2.38,6000.0,11/24/2008,,
03269,NH,4.68,6000.0,03/24/2009,,
03031,NH,2.7,6000.0,06/23/2009,,
03049,NH,1.755,5265.0,07/31/2008,,
03229,NH,2.94,6000.0,08/12/2008,,
03602,NH,4.2,6000.0,02/24/2009,,
03848,NH,2.04,6000.0,08/21/2008,,
03227,NH,2.43,6000.0,06/05/2009,,
03431,NH,4.68,6000.0,05/29/2009,,
03226,NH,2.1,6000.0,08/01/2008,,
03561,NH,2.08,6000.0,08/20/2008,,
03576,NH,3.6,6000.0,10/08/2008,,
03461,NH,2.28,6000.0,07/10/2009,,
03447,NH,2.85,6000.0,08/21/2008,,
03864,NH,3.36,6000.0,03/10/2009,,
03062,NH,1.302,3675.0,09/04/2008,,
03226,NH,3.2,6000.0,07/22/2008,,
03281,NH,1.4,4200.0,02/12/2009,,
03053,NH,4.41,6000.0,02/06/2009,,
03301,NH,3.69,6000.0,07/10/2009,,
03583,NH,0.7,2100.0,07/10/2009,,
03285,NH,3.04,6000.0,09/16/2008,,
03245,NH,2.04,6000.0,08/06/2008,,
03748,NH,4.8,30000.0,10/19/2010,,
03101,NH,51.3,355891.23,07/08/2009,,
03053,NH,3.8,18000.0,06/09/2012,,
03856,NH,4.5,16200.0,12/21/2012,,
03820,NH,4.8,17750.0,12/24/2012,,
03769,NH,3.84,25461.34,08/01/2012,,
03766,NH,1.05,6000.0,12/07/2012,,
03301,NH,4.9,15739.9,12/15/2012,,
03592,NH,4.56,15200.0,12/01/2012,,
03034,NH,4.9,24000.0,12/11/2012,,
03781,NH,4.75,26880.0,10/29/2012,,
03449,NH,4.9,19000.0,12/01/2012,,
03281,NH,4.75,23000.0,11/30/2012,,
03570,NH,0.72,5500.0,10/17/2012,,
03255,NH,4.8,20400.0,08/25/2012,,
03884,NH,4.8,9115.0,12/03/2012,,
03077,NH,4.0,9500.0,10/28/2012,,
03264,NH,4.94,16293.0,12/01/2012,,
03102,NH,1.152,7360.0,10/10/2012,,
03266,NH,4.94,16200.0,11/01/2012,,
03574,NH,3.06,16524.0,11/30/2012,,
03605,NH,4.99,10000.0,12/15/2012,,
03266,NH,2.805,12173.0,11/01/2012,,
03837,NH,2.64,12409.0,10/22/2012,,
03820,NH,4.845,26163.0,11/30/2012,,
03845,NH,4.9,32792.0,11/01/2012,,
03237,NH,4.935,21350.0,11/17/2012,,
03281,NH,4.7,24000.0,10/12/2012,,
03450,NH,3.25,30280.0,11/30/2012,,
03447,NH,4.5,19050.0,11/09/2012,,
03782,NH,2.82,13500.0,10/30/2012,,
03824,NH,4.9,18000.0,12/01/2012,,
03256,NH,4.8,17930.78,12/01/2012,,
03226,NH,4.8,21484.0,12/01/2012,,
03223,NH,4.9,16543.0,11/01/2012,,
03303,NH,4.935,31500.0,10/28/2012,,
03470,NH,4.905,18550.0,10/31/2012,,
03820,NH,4.335,19181.0,12/01/2012,,
03447,NH,4.9,20283.0,10/07/2012,,
03045,NH,4.8,18310.0,09/28/2012,,
03452,NH,4.9,20580.0,09/30/2012,,
03884,NH,4.23,10500.0,09/06/2012,,
03817,NH,4.8,19086.0,12/01/2012,,
03224,NH,3.36,27664.0,11/05/2012,,
03249,NH,4.8,20791.0,10/01/2012,,
03824,NH,4.8,29769.0,10/01/2012,,
03467,NH,4.9,18794.0,08/11/2012,,
03062,NH,4.68,19516.0,10/01/2012,,
03801,NH,4.9,26705.0,10/30/2012,,
03451,NH,2.5,11645.0,08/15/2012,,
03824,NH,2.88,10653.0,10/01/2012,,
03593,NH,4.9,21755.0,10/01/2012,,
03246,NH,4.8,19064.0,09/11/2012,,
03281,NH,4.8,24000.0,09/21/2012,,
03462,NH,4.8,19104.0,09/04/2012,,
03242,NH,4.8,22500.0,09/28/2012,,
03593,NH,4.56,20399.0,09/01/2012,,
03848,NH,4.8,20000.0,10/01/2012,,
03222,NH,4.0,17500.0,09/06/2012,,
03043,NH,2.88,13410.0,09/01/2012,,
03224,NH,4.8,21350.0,09/15/2012,,
03223,NH,2.3,8712.03,09/01/2012,,
03258,NH,4.32,20000.0,08/30/2012,,
03833,NH,3.84,16116.0,09/01/2012,,
03894,NH,4.8,19641.0,10/01/2012,,
03748,NH,4.9,21676.0,07/31/2012,,
03243,NH,3.84,16417.0,10/01/2012,,
03768,NH,3.31467,17900.0,07/18/2012,,
03243,NH,4.8,23231.0,11/01/2012,,
03264,NH,4.9,20231.0,11/01/2012,,
03824,NH,4.32,19116.0,10/01/2012,,
03467,NH,4.8,23134.0,10/01/2012,,
03588,NH,2.88,11780.0,07/01/2012,,
03581,NH,4.9,17000.0,07/01/2012,,
03825,NH,5.0,21002.0,09/19/2012,,
03303,NH,4.88,20191.0,08/01/2012,,
03457,NH,4.9,29495.0,09/15/2012,,
03461,NH,4.9,20580.0,08/15/2012,,
03824,NH,4.8,20369.0,09/01/2012,,
03584,NH,4.0,9698.0,10/01/2012,,
03301,NH,3.84,15499.0,09/01/2012,,
03037,NH,2.115,23077.0,06/01/2012,,
03102,NH,3.12,15151.0,08/01/2012,,
03037,NH,4.8,19600.0,10/01/2012,,
03584,NH,3.84,17522.0,09/01/2012,,
03825,NH,4.88,17735.0,09/01/2012,,
03755,NH,4.935,21610.0,10/01/2012,,
03110,NH,4.845,26405.0,09/15/2012,,
03864,NH,4.59,15600.0,07/01/2012,,
03590,NH,4.05,22600.0,07/01/2012,,
03849,NH,4.95,25800.0,07/01/2012,,
03812,NH,4.32,19223.0,08/01/2012,,
03818,NH,4.8,18740.0,07/01/2012,,
03223,NH,4.8,22147.0,07/01/2012,,
03452,NH,4.0,31373.0,07/14/2012,,
03304,NH,3.36,15000.0,07/03/2012,,
03588,NH,4.8,20666.0,08/15/2012,,
03264,NH,4.1,15659.0,09/15/2012,,
03816,NH,4.83,24000.0,07/01/2012,,
03258,NH,3.6,18375.0,06/01/2012,,
03051,NH,1.962,16126.0,06/01/2012,,
03102,NH,4.4,20500.0,08/01/2012,,
03106,NH,4.8,25450.0,05/24/2012,,
03261,NH,4.8,18585.0,07/01/2012,,
03245,NH,4.95,19479.0,05/18/2012,,
03063,NH,4.8,22000.0,05/25/2012,,
03450,NH,4.935,17275.0,05/21/2012,,
03878,NH,2.88,11825.0,07/01/2012,,
03782,NH,3.99,16299.0,05/20/2012,,
03801,NH,4.9,26705.0,09/01/2012,,
03583,NH,4.6,19800.0,05/01/2012,,
03867,NH,4.8,18129.0,07/01/2012,,
03226,NH,4.83,16714.0,08/01/2012,,
03867,NH,4.8,20449.0,07/01/2012,,
03820,NH,2.88,17450.0,07/01/2012,,
03287,NH,4.8,23000.0,09/04/2012,,
03833,NH,4.8,34519.0,06/01/2012,,
03275,NH,3.36,17187.15,05/02/2012,,
03431,NH,3.055,14745.0,05/11/2012,,
03580,NH,0.72,4937.9,04/03/2012,,
03741,NH,2.964,25270.0,07/01/2012,,
03470,NH,4.0,24128.0,05/15/2012,,
03046,NH,0.96,6478.0,05/01/2012,,
03263,NH,3.36,9975.0,04/30/2012,,
03868,NH,4.7,20203.0,05/01/2012,,
03031,NH,4.25,23975.0,03/27/2012,,
03282,NH,4.95,19859.0,05/01/2012,,
03845,NH,3.84,21515.0,07/01/2012,,
03588,NH,4.59,35200.0,05/01/2012,,
03592,NH,1.35,5625.7,03/01/2012,,
03290,NH,3.84,18442.0,05/01/2012,,
03253,NH,4.7,24255.0,04/01/2012,,
03086,NH,4.8,31000.0,06/01/2012,,
03819,NH,4.8,20804.0,05/01/2012,,
03303,NH,4.32,20723.0,05/30/2012,,
03303,NH,2.88,14325.0,04/30/2012,,
03263,NH,4.7,23970.0,03/01/2012,,
03087,NH,4.6,24720.0,04/01/2012,,
03224,NH,3.29,16830.0,07/01/2012,,
03443,NH,4.8,19200.0,02/17/2012,,
03741,NH,2.88,15960.0,02/01/2012,,
03810,NH,3.64,14990.0,04/01/2012,,
03070,NH,4.8,11500.0,10/01/2012,,
03269,NH,4.8,20667.0,04/12/2012,,
03801,NH,4.845,27374.0,04/15/2012,,
03824,NH,2.82,13384.0,03/01/2012,,
03580,NH,4.8,15000.0,10/01/2012,,
03884,NH,4.8,22080.0,05/01/2012,,
03053,NH,4.935,22249.0,04/01/2012,,
03824,NH,2.82,17262.0,02/01/2012,,
03833,NH,3.76,17487.0,04/01/2012,,
03259,NH,3.6,22000.0,03/01/2012,,
03768,NH,4.7,23997.56,01/16/2012,,
03431,NH,4.7,23596.0,02/01/2012,,
03051,NH,4.7,20433.0,02/01/2012,,
03087,NH,3.9,21554.0,04/01/2012,,
03830,NH,4.7,21862.0,01/01/2012,,
03303,NH,4.7,40422.0,02/01/2012,,
03862,NH,4.7,21210.0,01/01/2012,,
03840,NH,2.3,14771.0,01/01/2012,,
03046,NH,3.78,9900.0,08/01/2012,,
03584,NH,4.08,26784.0,01/01/2012,,
03055,NH,4.5,25892.0,02/01/2012,,
03861,NH,4.845,25500.0,02/15/2012,,
03276,NH,3.29,15644.0,02/01/2012,,
03825,NH,2.724,10140.0,02/01/2012,,
03848,NH,3.76,17851.0,02/01/2012,,
03885,NH,4.7,19422.0,02/01/2012,,
03051,NH,4.6,13000.0,08/01/2012,,
03224,NH,3.76,17361.0,02/01/2012,,
03245,NH,4.935,25650.0,04/15/2012,,
03824,NH,4.7,20083.0,01/01/2012,,
03036,NH,4.14,25921.0,01/01/2012,,
03845,NH,3.76,22737.0,01/01/2012,,
03110,NH,4.9,24900.0,08/01/2012,,
03844,NH,39.78,,09/24/2012,,
03860,NH,167.4,1200000.0,08/12/2010,,
03278,NH,11.52,,12/14/2011,,
03801,NH,23.265,,06/16/2011,,
03874,NH,276.0,1250000.0,06/09/2011,,
03110,NH,2.52,15820.0,10/25/2010,,
03886,NH,3.68,20000.0,10/01/2010,,
03241,NH,4.73,30449.0,10/15/2010,,
03855,NH,2.3,13776.0,11/30/2010,,
03777,NH,3.15,18767.0,10/31/2010,,
03851,NH,4.83,17006.0,10/31/2010,,
03042,NH,2.925,7420.0,09/30/2010,,
03045,NH,1.2,17944.0,09/17/2010,,
03227,NH,4.62,22000.0,09/30/2010,,
03603,NH,4.95,14850.0,09/17/2010,,
03833,NH,2.82,13750.0,10/15/2010,,
03222,NH,2.1,13188.0,10/29/2010,,
03227,NH,2.7,19490.0,09/01/2010,,
03861,NH,3.68,23088.0,09/10/2010,,
03862,NH,2.585,12500.0,09/15/2010,,
03264,NH,2.115,14958.0,10/01/2010,,
03259,NH,4.725,28000.0,09/13/2010,,
03304,NH,2.0,12005.0,10/13/2010,,
03044,NH,2.115,13000.0,11/30/2010,,
03838,NH,4.9,29285.0,11/25/2010,,
03602,NH,1.76,9810.0,09/10/2010,,
03768,NH,2.7,22080.0,08/18/2010,,
03605,NH,2.07,14095.0,10/05/2010,,
03253,NH,4.6,26750.0,09/01/2010,,
03303,NH,2.88,16643.0,09/10/2010,,
03462,NH,1.92,13354.0,08/02/2010,,
03227,NH,1.0,9000.0,08/31/2010,,
03816,NH,3.36,24172.0,07/30/2010,,
03581,NH,2.3,12508.0,09/15/2010,,
03862,NH,2.1,17500.0,07/24/2010,,
01827,NH,2.025,11950.0,08/25/2010,,
03768,NH,1.38,11500.0,09/30/2010,,
03046,NH,2.4,26971.0,08/27/2010,,
03229,NH,4.7,19667.0,08/13/2010,,
03576,NH,2.3,18949.0,08/01/2010,,
03801,NH,2.7,18024.0,08/20/2010,,
03301,NH,2.0,13299.0,08/27/2010,,
03833,NH,4.83,23626.0,09/01/2010,,
03886,NH,4.14,23000.0,08/24/2010,,
03467,NH,4.86,19500.0,08/25/2010,,
03827,NH,0.47,4447.66,07/14/2010,,
03259,NH,4.83,29000.0,11/01/2010,,
03844,NH,4.83,23196.0,09/01/2010,,
03894,NH,3.136,20792.0,08/18/2010,,
03755,NH,2.76,16718.0,09/01/2010,,
03768,NH,4.5,25300.0,09/20/2010,,
03431,NH,2.025,18750.0,08/21/2010,,
03576,NH,2.3,12000.0,07/01/2010,,
03278,NH,4.6,23222.0,07/16/2010,,
03259,NH,4.0,23500.0,09/01/2010,,
03284,NH,2.0,10738.0,07/09/2010,,
03450,NH,1.935,19318.0,07/29/2010,,
03608,NH,3.76,20321.0,07/02/2010,,
03458,NH,2.016,13958.0,07/29/2010,,
03450,NH,2.1,12414.0,07/25/2010,,
03608,NH,2.6,11960.0,07/03/2010,,
03750,NH,2.25,15495.0,07/21/2010,,
03444,NH,1.2,7712.0,05/01/2010,,
03264,NH,4.725,33483.0,08/24/2010,,
03813,NH,4.83,23000.0,06/01/2010,,
03038,NH,4.2,18000.0,06/01/2010,,
03768,NH,1.38,12462.0,07/28/2010,,
03608,NH,4.2,32500.0,08/05/2010,,
03833,NH,4.608,29952.0,07/30/2010,,
03051,NH,4.81,15000.0,07/31/2010,,
03086,NH,3.36,20358.0,07/01/2010,,
03462,NH,2.7,14850.0,07/09/2010,,
03253,NH,4.83,25253.0,08/01/2010,,
03443,NH,4.6,27600.0,07/02/2010,,
03820,NH,3.22,19320.0,08/01/2010,,
03032,NH,3.76,23162.0,06/18/2010,,
03077,NH,2.0,16510.0,06/30/2010,,
03835,NH,3.22,17046.0,07/01/2010,,
03753,NH,4.8,27120.0,06/15/2010,,
03748,NH,1.68,13856.0,08/01/2010,,
03226,NH,4.8,27120.0,07/01/2010,,
03259,NH,4.14,27700.0,08/10/2010,,
03603,NH,4.8,27120.0,06/30/2010,,
03603,NH,2.688,20892.0,06/30/2010,,
03823,NH,2.3,18000.0,04/17/2010,,
03467,NH,2.64,13200.0,06/03/2010,,
03466,NH,2.64,12464.0,07/16/2010,,
03045,NH,4.7,28678.0,06/11/2010,,
03605,NH,2.0,12020.0,07/15/2010,,
03222,NH,2.53,19481.0,06/17/2010,,
03253,NH,4.6,23500.0,06/12/2010,,
03583,NH,2.1,12000.0,07/01/2010,,
03858,NH,2.94,26405.0,06/30/2010,,
03841,NH,3.08,27550.0,05/30/2010,,
03826,NH,3.22,18136.0,07/01/2010,,
03784,NH,4.92,25662.0,06/10/2010,,
03253,NH,4.8,52360.0,07/01/2010,,
03841,NH,4.83,24789.0,07/01/2010,,
03431,NH,2.88,17827.0,04/01/2010,,
03601,NH,2.1,16500.0,05/06/2010,,
03748,NH,2.76,12564.0,07/01/2010,,
03601,NH,4.32,14481.0,10/01/2010,,
03049,NH,2.85,23512.0,12/04/2009,,
03748,NH,4.8,31445.0,05/31/2010,,
03227,NH,2.2,15900.0,05/20/2010,,
03227,NH,4.6,24250.0,06/01/2010,,
03894,NH,4.14,22400.0,05/20/2010,,
03057,NH,3.22,18224.0,06/01/2010,,
03857,NH,2.3,13638.0,06/01/2010,,
03576,NH,2.3,13744.0,05/01/2010,,
03582,NH,2.3,12508.0,05/01/2010,,
03833,NH,3.01,21221.0,05/01/2010,,
03809,NH,4.1,26300.0,06/01/2010,,
03276,NH,2.1,12650.0,06/01/2010,,
03603,NH,2.1,16000.0,09/02/2009,,
03605,NH,2.1,16029.0,05/04/2010,,
03870,NH,4.14,21415.0,06/01/2010,,
03227,NH,2.2,13500.0,04/28/2010,,
03840,NH,4.7,28464.0,04/30/2010,,
03227,NH,4.8,26000.0,05/05/2010,,
03860,NH,4.2,25000.0,04/30/2010,,
03602,NH,2.2,19840.0,04/01/2010,,
03455,NH,2.115,15571.0,03/29/2010,,
03047,NH,4.23,29371.0,04/23/2010,,
03446,NH,3.055,17200.0,04/29/2010,,
03750,NH,4.92,27841.0,05/05/2010,,
03049,NH,4.95,32000.0,04/10/2010,,
03301,NH,4.7,29285.0,04/15/2010,,
03825,NH,2.5,14565.0,02/10/2010,,
03230,NH,4.6,26000.0,05/01/2010,,
03227,NH,3.2,30035.0,08/14/2009,,
03825,NH,3.29,16640.0,04/01/2010,,
03031,NH,4.2,26301.0,04/15/2010,,
03254,NH,3.96,28600.0,07/01/2010,,
03817,NH,4.62,17000.0,05/01/2010,,
03466,NH,2.64,14062.0,04/13/2010,,
03602,NH,2.0,24791.0,12/25/2009,,
03110,NH,2.2,13050.0,04/12/2010,,
03037,NH,3.22,16201.0,05/01/2010,,
03278,NH,2.3,12420.0,03/19/2010,,
03467,NH,2.64,11970.0,03/26/2010,,
03259,NH,4.1,20750.0,03/30/2010,,
03249,NH,4.84,24950.0,03/30/2010,,
03598,NH,4.05,20300.0,08/01/2010,,
03242,NH,3.22,16497.0,04/01/2010,,
03598,NH,2.85,25718.0,04/01/2010,,
03258,NH,4.92,33000.0,05/15/2010,,
03874,NH,4.935,34128.0,03/30/2010,,
03576,NH,2.45,12050.0,05/01/2010,,
03835,NH,4.6,22587.0,05/01/2010,,
03875,NH,4.4,23000.0,03/15/2010,,
03897,NH,4.6,23000.0,03/10/2010,,
03816,NH,4.928,35029.0,04/30/2010,,
03839,NH,2.16,15155.0,11/23/2009,,
03743,NH,1.32,6487.0,04/30/2010,,
03857,NH,3.22,15484.0,04/16/2010,,
03773,NH,4.8,29424.0,03/31/2010,,
03743,NH,2.42,12000.0,03/15/2010,,
03801,NH,2.45,12942.0,03/31/2010,,
03886,NH,4.3,37000.0,10/01/2009,,
03042,NH,4.5,33000.0,02/26/2010,,
03824,NH,2.4,29937.0,12/31/2009,,
03585,NH,3.28,39600.0,12/30/2009,,
03254,NH,3.6,47796.0,03/01/2010,,
03245,NH,2.52,17246.0,04/01/2010,,
03307,NH,4.7,30743.0,12/23/2009,,
03586,NH,2.76,15000.0,02/01/2009,,
03431,NH,4.1,30000.0,12/18/2009,,
03824,NH,2.76,19320.0,12/10/2009,,
03227,NH,4.14,25300.0,12/30/2009,,
03037,NH,2.1,17375.0,12/28/2009,,
03110,NH,3.28,22649.0,12/30/2009,,
03855,NH,4.41,27232.0,03/31/2010,,
03301,NH,4.41,18548.72,11/11/2009,,
03034,NH,2.5,18995.0,12/11/2009,,
03257,NH,4.95,26730.0,12/15/2009,,
03269,NH,1.9,20872.5,12/11/2009,,
03278,NH,3.36,21800.0,12/27/2009,,
03781,NH,2.52,16500.0,12/31/2009,,
03249,NH,4.4,24000.0,12/31/2009,,
03444,NH,4.6,32200.0,11/16/2009,,
03608,NH,3.15,26000.0,11/30/2009,,
03743,NH,2.1,16550.0,11/24/2009,,
03839,NH,3.456,23955.0,11/30/2009,,
03824,NH,4.83,22533.0,01/29/2010,,
03576,NH,2.24,15654.0,12/15/2009,,
03253,NH,2.0,15500.0,11/13/2009,,
03259,NH,2.2,14500.0,11/15/2009,,
03846,NH,4.94,14760.0,11/30/2009,,
03110,NH,2.42,18500.0,10/19/2009,,
03076,NH,4.5,45000.0,11/19/2009,,
03280,NH,2.0,18000.0,11/15/2009,,
03781,NH,2.94,26000.0,10/31/2009,,
03743,NH,2.88,27418.0,11/30/2009,,
03824,NH,2.28,15860.0,12/31/2009,,
03227,NH,2.64,16000.0,11/15/2009,,
03254,NH,4.5,24750.0,11/12/2009,,
03467,NH,2.1,10433.44,11/13/2009,,
03276,NH,2.16,12557.0,10/23/2009,,
03824,NH,2.07,16200.0,10/24/2009,,
03264,NH,2.1,15141.0,12/01/2009,,
03431,NH,2.94,12200.0,10/20/2009,,
03229,NH,4.92,33000.0,11/28/2009,,
03237,NH,3.78,42100.0,12/31/2009,,
03070,NH,4.92,19000.0,10/23/2009,,
03833,NH,2.442,6000.0,09/25/2009,,
03276,NH,2.4,6000.0,09/29/2009,,
03861,NH,2.64,6000.0,07/23/2009,,
03076,NH,2.05,5622.5,09/08/2009,,
03278,NH,4.92,6000.0,09/10/2009,,
03885,NH,4.62,6000.0,09/01/2009,,
03082,NH,1.9,5700.0,05/30/2009,,
03886,NH,4.6,26138.50415,12/01/2010,,
03755,NH,6,22854.00461,11/06/2013,,
03269,NH,4.94,27342.10091,05/01/2014,,
03216,NH,3.6,49044.2354,05/01/2014,,
03768,NH,2.75,10908.57575,08/06/2014,,
03601,NH,1.36,14202.99474,07/29/2009,,
03576,NH,2.08,17623.57477,07/14/2008,,
03046,NH,4.8,20268.55312,05/01/2012,,
03819,NH,9.9,32081.82679,07/01/2014,,
03257,NH,9.75,37013.75763,10/28/2013,,
03221,NH,1.92,8381.864887,10/01/2012,,
03755,NH,9.9,37440.84584,06/01/2014,,
03440,NH,3.22,18129.13101,07/01/2011,,
03285,NH,3.22,19473.09543,04/01/2011,,
03462,NH,1.8,15017.35527,05/20/2014,,
03101,NH,38.87,210485.9899,12/24/2011,,
03835,NH,4.6,26520.86078,12/01/2010,,
03043,NH,4.86,17228.57365,11/30/2014,,
03257,NH,6.36,24366.02749,12/01/2014,,
03260,NH,2.15,17840.988,08/23/2011,,
03773,NH,7.7,24608.99046,08/01/2014,,
03032,NH,8.745,43511.06179,05/23/2014,,
03851,NH,4.08,14282.45502,10/01/2013,,
03781,NH,4.75,17536.82808,05/01/2013,,
03603,NH,2,17588.84797,07/01/2014,,
03044,NH,4.94,19421.23103,09/01/2013,,
03581,NH,0.96,3985.771434,06/15/2014,,
03841,NH,2.94,29893.37513,05/30/2010,,
03281,NH,4.16,14386.26462,05/01/2014,,
03216,NH,4.5,18043.12983,10/02/2013,,
03222,NH,7.42,24123.67153,11/30/2013,,
03768,NH,3.3,16491.53155,07/15/2014,,
03051,NH,7.65,26574.72378,08/01/2014,,
03768,NH,1.75,8276.981383,08/14/2014,,
03823,NH,4.845,14425.38094,10/01/2013,,
03849,NH,5.72,18668.60847,07/01/2014,,
03466,NH,8.25,16218.54367,10/21/2013,,
03046,NH,4.77,11919.09139,06/30/2014,,
03223,NH,3,13805.19409,12/15/2011,,
03746,NH,4.16,14048.63572,06/15/2014,,
03227,NH,4.608,26061.36388,07/01/2010,,
03264,NH,5.4,17345.92998,10/01/2014,,
03608,NH,5.94,16673.20127,11/04/2014,,
03576,NH,0.345,3403.014297,09/01/2010,,
03276,NH,9.99,50649.87623,10/01/2014,,
03224,NH,5.88,27488.25748,04/05/2013,,
03588,NH,3,7085.57062,08/31/2013,,
03592,NH,0.6,5587.113854,06/01/2014,,
03280,NH,1.62,20528.38419,06/10/2014,,
03223,NH,2.1,18798.29598,10/20/2010,,
03584,NH,3.525,29658.1626,10/01/2010,,
03076,NH,2.05,12326.28905,09/08/2009,,
03049,NH,1.755,17219.98145,07/31/2008,,
03875,NH,9.99,31784.24372,06/20/2014,,
03246,NH,7.32,24334.8116,06/10/2014,,
03234,NH,5,16920.23611,08/01/2014,,
03455,NH,6.12,21851.66755,06/13/2014,,
03823,NH,4.93,8582.496466,12/31/2013,,
03244,NH,4.23,21984.59844,04/01/2011,,
03561,NH,2.08,20292.95382,08/20/2008,,
03603,NH,2,17219.98145,04/01/2014,,
03257,NH,4,18798.30577,10/14/2013,,
03241,NH,3.22,20980.53813,12/15/2011,,
03053,NH,2.25,19478.05241,10/22/2010,,
03304,NH,5.61,17404.79181,09/30/2014,,
03055,NH,6.13,19389.58295,12/23/2014,,
03216,NH,7.42,36112.76041,08/31/2014,,
03224,NH,4.75,35467.22251,01/01/2013,,
03602,NH,0.52,9137.378108,05/23/2014,,
03835,NH,10.4,34318.91658,12/30/2014,,
03848,NH,2.04,19826.15105,08/21/2008,,
03455,NH,4.23,26355.15787,06/08/2011,,
03886,NH,4.14,30294.86799,11/01/2010,,
03307,NH,5,17388.79328,07/01/2014,,
03256,NH,21.2,,09/19/2013,,
03857,NH,11.925,38272.20359,08/19/2013,,
03226,NH,9.805,46224.22501,11/01/2014,,
03582,NH,2.35,13059.3383,09/30/2010,,
03801,NH,3.36,25704.88913,09/15/2009,,
03431,NH,4.56,27076.62114,11/04/2011,,
03046,NH,9.805,50656.13842,06/17/2014,,
03462,NH,4.935,18767.09135,12/11/2011,,
03036,NH,5.38,10040.78937,05/01/2013,,
03256,NH,7.7,26211.02213,12/01/2014,,
03872,NH,4.8,23603.10539,12/30/2011,,
03307,NH,3.75,16721.79318,07/04/2013,,
03224,NH,7.14,24507.86114,03/31/2014,,
03605,NH,2.025,13052.39974,07/15/2010,,
03745,NH,5,17637.20462,07/14/2014,,
03857,NH,4.9,29244.41735,09/30/2011,,
03043,NH,4.75,20276.82609,06/13/2013,,
03864,NH,3.36,33932.9502,03/10/2009,,
03752,NH,4.88,14365.52334,09/01/2013,,
03278,NH,6.25,25987.54257,11/12/2013,,
03870,NH,9.8,40327.75156,12/20/2014,,
03470,NH,4.5,18984.56577,10/31/2012,,
03824,NH,4.94,24578.83226,08/03/2013,,
03227,NH,4.84,28211.5337,05/05/2010,,
03226,NH,4.83,26262.36383,04/01/2011,,
03255,NH,7.95,20648.47415,05/20/2014,,
03269,NH,6.63,29140.00808,11/01/2014,,
03087,NH,6,21928.87629,04/01/2014,,
03301,NH,5,23882.57251,05/01/2014,,
03264,NH,5.6,18775.29485,09/01/2014,,
03768,NH,4.95,14740.60061,10/18/2014,,
03062,NH,1.302,7953.129814,09/04/2008,,
03832,NH,6.72,21860.19727,07/30/2014,,
03254,NH,4.845,16674.28176,11/01/2013,,
03220,NH,3.68,19808.18889,10/01/2010,,
03451,NH,6.12,26565.90634,12/04/2014,,
03220,NH,3.68,19808.18889,10/01/2010,,
03304,NH,9.69,38830.66587,07/01/2014,,
03768,NH,4.95,19497.08854,08/05/2014,,
03752,NH,0.738,8252.427189,08/14/2014,,
03255,NH,7.425,17947.15983,10/15/2014,,
03894,NH,2.912,23502.22287,08/28/2008,,
03825,NH,4.8,18143.41381,09/01/2012,,
03842,NH,5.98,22811.42935,06/01/2013,,
03864,NH,8.4,21553.26041,11/30/2014,,
03227,NH,3.28,23582.1233,05/01/2014,,
03602,NH,2.76,29554.59363,08/05/2014,,
03431,NH,3.04,30890.41425,03/31/2014,,
03872,NH,8.06,30022.38386,05/01/2014,,
03861,NH,2.64,19409.29374,07/23/2009,,
03576,NH,4.9,14171.14124,08/01/2013,,
03266,NH,4.4,15457.24534,09/01/2014,,
03259,NH,4.68,28226.05096,07/15/2014,,
03894,NH,3.76,47153.9735,07/01/2011,,
03046,NH,5.94,18319.63917,08/01/2014,,
03458,NH,2.07,13492.84331,09/30/2010,,
03226,NH,3,27014.18199,12/28/2012,,
03053,NH,4.845,17289.80454,08/01/2013,,
03601,NH,2.94,19634.54104,03/04/2010,,
03254,NH,4.05,31056.45862,07/01/2010,,
03301,NH,8.48,35843.92554,09/01/2014,,
03464,NH,2.45,27573.83736,07/31/2014,,
03746,NH,5,16885.37947,06/13/2014,,
03042,NH,4.9,15556.10961,05/01/2013,,
03215,NH,4.1,25211.61833,09/28/2009,,
03768,NH,3.575,14301.89226,10/03/2014,,
03253,NH,1.35,13123.25725,12/01/2010,,
03601,NH,4.14,17713.92655,08/16/2013,,
03861,NH,7.8,23405.31576,07/01/2014,,
03443,NH,3.825,18694.95816,10/17/2014,,
03824,NH,3.76,22692.97405,12/01/2010,,
03245,NH,7.7,25258.03279,09/01/2014,,
03844,NH,4.8,19343.5886,04/01/2013,,
03860,NH,5.94,20049.54457,11/01/2014,,
03261,NH,9.54,42719.95158,05/09/2014,,
03244,NH,5,23228.83976,09/23/2013,,
03598,NH,4.18,40348.35105,04/01/2014,,
03825,NH,10,35087.60391,07/10/2014,,
03038,NH,2.25,20336.22722,04/15/2011,,
03588,NH,6.12,19613.40197,12/06/2014,,
03431,NH,2,9441.111548,10/20/2012,,
03846,NH,3.315,13656.69359,12/01/2013,,
03785,NH,4.94,20137.1917,08/09/2013,,
03031,NH,2.76,15508.41795,07/12/2011,,
03824,NH,11.225,40741.92318,12/28/2012,,
03215,NH,4.95,19078.63551,09/01/2014,,
03593,NH,5.72,19201.74205,10/01/2013,,
03303,NH,5.4,25843.91016,10/01/2014,,
03885,NH,7.8,23917.47762,11/01/2013,,
03458,NH,3.22,20916.61654,09/30/2010,,
03745,NH,5,18623.5803,06/27/2014,,
03264,NH,40,148817.7336,12/31/2013,,
03260,NH,4.9,17563.98541,01/31/2013,,
03574,NH,7.2,23736.19966,07/01/2014,,
03820,NH,9.88,33278.10317,06/20/2014,,
03824,NH,7.28,25984.62458,03/01/2014,,
03748,NH,2.46,12655.37389,08/27/2009,,
03103,NH,1.8,18303.39492,07/18/2009,,
03745,NH,7.65,28922.05523,12/15/2014,,
03246,NH,2.05,16168.32045,05/16/2014,,
03825,NH,4.68,18801.37342,06/30/2014,,
03077,NH,9.805,44763.72214,07/31/2014,,
03253,NH,8.829,40632.82829,12/31/2013,,
03853,NH,9.72,26272.64786,10/20/2014,,
03774,NH,1.8,13061.33765,06/17/2014,,
03216,NH,3,20649.89442,07/01/2013,,
03253,NH,6.48,25410.97754,05/25/2014,,
03102,NH,26.55,,10/23/2013,,
03458,NH,7.8,27179.29884,12/01/2013,,
03584,NH,4.5,16063.05587,07/01/2013,,
03842,NH,19.08,84012.59862,08/21/2013,,
03781,NH,8.4,27166.42623,05/15/2014,,
03582,NH,2.115,16236.2204,10/10/2010,,
03823,NH,6.76,24863.9883,09/20/2014,,
03443,NH,9.8,47899.19782,08/30/2014,,
03031,NH,4.86,26406.22516,07/07/2011,,
03266,NH,1.02,21045.12437,09/24/2009,,
03054,NH,9.54,37281.5728,07/01/2014,,
03256,NH,2.05,11783.69118,05/25/2014,,
03227,NH,3.28,15272.61656,04/30/2014,,
03051,NH,4.92,41477.11593,08/13/2009,,
03038,NH,4.42,18136.46291,12/01/2013,,
03229,NH,7.28,27723.34696,09/10/2014,,
03770,NH,5,14154.67929,09/10/2013,,
03766,NH,8.96,32776.70394,09/30/2014,,
03746,NH,3,10152.14167,08/05/2014,,
03259,NH,9.9,31784.24372,06/30/2014,,
03782,NH,13.8,62989.03955,03/02/2012,,
03768,NH,1.75,8219.502346,08/06/2014,,
03457,NH,7.65,17909.25569,11/30/2014,,
03104,NH,9.635,49715.13474,08/08/2011,,
03261,NH,10.675,34937.83665,06/01/2014,,
03870,NH,7.8,28336.31863,12/01/2013,,
03087,NH,1.5,13139.63778,09/29/2009,,
03224,NH,4.68,51962.66896,12/20/2009,,
03748,NH,4.86,19044.60227,07/01/2013,,
03037,NH,4.16,14020.3574,12/01/2013,,
03603,NH,4,44279.51519,07/31/2014,,
03780,NH,9.99,38312.20092,10/01/2014,,
03245,NH,14.025,,07/29/2014,,
03063,NH,2.1,30093.32178,01/27/2009,,
03064,NH,1,3208.225574,05/12/2014,,
03576,NH,8.96,42450.73212,09/27/2011,,
03820,NH,2.1,23659.17827,04/30/2014,,
03440,NH,9.805,51128.92905,06/06/2014,,
03281,NH,4.8,27840.98368,11/15/2010,,
03465,NH,1.75,17654.09593,06/27/2014,,
03253,NH,4.725,44513.87491,07/01/2011,,
03561,NH,11,38525.96958,06/07/2013,,
03057,NH,4.8,16074.38914,10/31/2011,,
03102,NH,7.84,27900.94623,11/15/2014,,
03087,NH,1.8,16152.39652,09/15/2010,,
03053,NH,4.41,44273.99313,02/06/2009,,
03259,NH,12,,11/19/2013,,
03462,NH,3.68,21161.09885,11/01/2011,,
03848,NH,5.2,10084.68678,04/30/2014,,
03287,NH,2.115,25114.15995,01/31/2014,,
03245,NH,4.9,20065.62036,05/18/2012,,
03070,NH,2.94,24821.41288,09/10/2010,,
03032,NH,6.72,30033.21529,11/18/2014,,
03110,NH,10,18879.26128,07/31/2014,,
03249,NH,4.92,32047.29912,12/17/2013,,
03110,NH,3.04,30562.48785,02/01/2009,,
03110,NH,9.6,,12/02/2013,,
03835,NH,8.215,19941.2887,10/20/2014,,
03223,NH,2.6,7955.519786,07/24/2013,,
03285,NH,2.1,19478.05241,10/22/2010,,
03264,NH,2.05,13153.88783,06/06/2014,,
03873,NH,1.5,13564.94682,09/25/2009,,
03745,NH,6,18612.25972,08/05/2014,,
03894,NH,4.14,24360.31974,11/15/2010,,
03753,NH,7.5,23191.5189,02/01/2014,,
03268,NH,7.95,39555.51072,05/07/2014,,
03259,NH,6,11923.74397,07/05/2014,,
03861,NH,3.06,16289.31875,11/01/2013,,
03034,NH,5.1,17804.02823,02/01/2014,,
03229,NH,5.94,18392.44971,11/01/2014,,
03833,NH,7.28,23688.33056,08/31/2014,,
03458,NH,3.22,20916.61654,09/30/2010,,
03782,NH,2.76,18192.4988,06/01/2010,,
03884,NH,4.62,30385.48088,08/07/2013,,
03755,NH,9.88,17285.92658,10/01/2013,,
03820,NH,4.9,19570.62124,04/01/2013,,
03281,NH,8.1,10081.93789,12/30/2014,,
03450,NH,5.5,21892.35813,05/16/2014,,
03825,NH,4.68,41060.12461,03/01/2014,,
03816,NH,10,36033.14727,11/23/2013,,
03451,NH,2.5,11966.32818,08/15/2012,,
03431,NH,4.75,20325.48456,05/17/2013,,
03801,NH,15.3,77225.78224,02/26/2013,,
03278,NH,11.52,78152.50452,12/14/2011,,
03857,NH,4.94,18392.84218,10/01/2013,,
03801,NH,4.845,17653.69961,05/01/2013,,
03773,NH,23.04,90729.6461,06/21/2012,,
03102,NH,4.59,15118.72862,08/01/2014,,
03087,NH,6.89,37311.38216,07/01/2014,,
03042,NH,2,17931.83016,06/30/2010,,
03846,NH,7.02,24745.33044,05/01/2014,,
03862,NH,3.06,10983.55333,03/28/2014,,
03038,NH,5.565,26778.17173,11/01/2014,,
03860,NH,5.04,15454.49874,10/30/2014,,
03608,NH,5.5,16703.73803,11/29/2013,,
03226,NH,7.02,30821.49233,12/01/2014,,
03768,NH,2.4,19143.29142,05/15/2014,,
03809,NH,4.2,28564.93841,06/01/2010,,
03301,NH,4.77,18249.14348,06/30/2013,,
03450,NH,6.12,21560.22418,12/15/2014,,
03884,NH,9,28314.58811,11/20/2013,,
03229,NH,3,5771.839101,06/20/2013,,
03258,NH,4.8,5996.395717,12/30/2012,,
03768,NH,4.95,19981.21395,07/15/2014,,
03033,NH,9.69,32013.56307,04/01/2014,,
03443,NH,4.8,19938.14943,04/01/2013,,
03042,NH,5.4,14762.40835,08/01/2014,,
03240,NH,4.72,18732.73843,04/19/2013,,
03824,NH,2,15531.57096,12/15/2013,,
03872,NH,6.12,20056.53144,03/01/2014,,
03886,NH,4.77,13665.02905,08/15/2013,,
03602,NH,4.2,44060.97517,09/08/2009,,
03842,NH,6.3,24296.46212,12/31/2014,,
03037,NH,5.1,17826.48505,09/01/2014,,
03253,NH,4.3,43278.38284,11/25/2010,,
03860,NH,12.24,30922.15979,06/17/2013,,
03245,NH,12.22,61374.95557,01/20/2012,,
03770,NH,2.5,8833.358559,08/19/2014,,
03218,NH,2.6,5510.214436,09/20/2013,,
03570,NH,0.94,11488.2128,06/01/2012,,
03275,NH,4.935,30727.04711,12/15/2011,,
03264,NH,1.175,7177.683039,08/01/2013,,
03301,NH,1.56,9479.738775,10/01/2013,,
03245,NH,9.35,74925.544,06/02/2014,,
03862,NH,7.56,25170.89166,10/30/2014,,
03833,NH,2.442,18932.19344,09/25/2009,,
03608,NH,6.05,18922.76017,11/18/2014,,
03258,NH,9.6,30702.80178,10/31/2012,,
03580,NH,3.15,25800.64137,07/29/2009,,
03245,NH,2.04,23396.3278,08/06/2008,,
03442,NH,5,21028.92173,07/09/2013,,
03824,NH,2.76,15126.971,09/30/2009,,
03253,NH,1.95,15901.34844,04/11/2014,,
03046,NH,3.92,18057.16048,05/01/2013,,
03287,NH,4,29374.55089,05/01/2014,,
03870,NH,6.12,15395.49305,06/14/2014,,
03227,NH,2.73,18086.59576,09/22/2009,,
03054,NH,2.16,21230.37495,06/14/2014,,
03221,NH,3.64,12190.06305,05/20/2014,,
03284,NH,2.66,20977.12131,05/31/2014,,
03258,NH,6,22854.00461,11/30/2013,,
03844,NH,5.04,17276.40877,12/29/2014,,
03431,NH,13.75,51802.41044,11/06/2013,,
03782,NH,8,27948.24883,08/15/2014,,
03443,NH,5.83,18421.19078,07/24/2014,,
03281,NH,1.4,13543.43056,02/12/2009,,
03867,NH,3.78,18162.88243,11/01/2014,,
03031,NH,3.01,25102.0026,09/18/2009,,
03055,NH,7.42,33274.13014,06/30/2014,,
03846,NH,4.68,17891.37882,02/01/2013,,
03590,NH,2.07,22759.01281,09/01/2010,,
03431,NH,3.57,13352.51854,12/21/2014,,
03225,NH,7.25,25375.23329,05/01/2014,,
03229,NH,0.94,5620.912972,10/21/2011,,
03608,NH,4.675,15381.71304,10/30/2014,,
03249,NH,4.5,26841.2937,04/01/2011,,
03824,NH,1.05,11710.82478,05/31/2014,,
03258,NH,7.2,42278.01043,06/18/2014,,
03304,NH,2.3,14531.0878,09/01/2010,,
03237,NH,4.8,21954.18142,11/17/2012,,
03301,NH,4.92,38301.36881,11/15/2010,,
03470,NH,2.736,22493.99372,04/20/2014,,
03873,NH,8.695,22750.10143,05/29/2012,,
03264,NH,4,12695.2839,09/01/2014,,
03259,NH,4.8,13407.6827,11/30/2013,,
03820,NH,4.42,13943.21037,04/30/2014,,
03458,NH,4.7,17042.11289,11/15/2014,,
03304,NH,9.01,36335.30416,12/01/2014,,
03886,NH,3.5,37883.19694,04/25/2014,,
03304,NH,7.42,27833.74307,09/30/2014,,
03768,NH,5.5,21770.90816,09/16/2014,,
03745,NH,7.56,25959.62343,08/01/2014,,
03257,NH,9.75,37896.21381,04/11/2014,,
03771,NH,4.8,19004.32806,05/01/2013,,
03222,NH,4.935,15433.88116,03/01/2014,,
03046,NH,9.805,40327.75156,12/01/2014,,
03840,NH,5.1,13600.82345,12/01/2013,,
03245,NH,1.92,30037.05825,01/20/2012,,
03865,NH,9.72,41991.11595,08/30/2013,,
03227,NH,3.84,20405.56955,11/01/2011,,
03768,NH,4.4,14905.13698,12/10/2014,,
03465,NH,6.5,14427.7302,07/01/2014,,
03234,NH,8.415,31758.10436,12/15/2014,,
03076,NH,5.2,18177.623,05/31/2014,,
03820,NH,2.178,18448.32768,09/03/2009,,
03445,NH,0.3,2496.456773,04/20/2014,,
03110,NH,6.36,26930.87249,12/01/2014,,
03037,NH,6.86,26949.44996,07/10/2013,,
03598,NH,3.04,27927.17937,04/01/2010,,
03840,NH,9.805,47917.40905,11/01/2014,,
03043,NH,6.05,21463.03746,11/14/2014,,
03110,NH,4.94,17195.0706,07/01/2013,,
03110,NH,8.28,35819.93541,10/01/2012,,
03245,NH,3.84,25148.78586,07/01/2011,,
03833,NH,8.58,27808.75281,11/01/2013,,
03886,NH,4.2,40518.7971,10/01/2009,,
03740,NH,3.36,35938.61386,09/29/2009,,
03886,NH,21.2,53862.53407,05/29/2013,,
03862,NH,4.77,27178.48785,07/30/2013,,
03824,NH,7.8,24676.66805,05/31/2014,,
03768,NH,6.48,9118.867711,09/01/2014,,
03826,NH,6.72,23530.72067,10/02/2014,,
03743,NH,2.28,23571.15487,08/04/2009,,
03603,NH,4.392,23390.14957,10/10/2011,,
03602,NH,4.2,47394.50414,02/24/2009,,
03860,NH,28.05,87071.87894,05/30/2014,,
03049,NH,2.07,12886.71458,12/12/2010,,
03605,NH,8.4,38311.36398,12/01/2014,,
03818,NH,3.36,24004.40783,05/01/2014,,
03110,NH,41.4,,12/02/2013,,
03768,NH,0.68,30833.32149,06/01/2014,,
03456,NH,6.75,29408.00947,12/31/2013,,
03820,NH,7.7,25774.11565,10/23/2014,,
03222,NH,5.94,22792.55335,08/01/2014,,
03870,NH,3.5,16502.11724,04/20/2013,,
03264,NH,3.22,13504.72719,09/01/2011,,
03457,NH,1.935,20977.22614,07/29/2010,,
03070,NH,3.12,12741.66274,10/19/2012,,
03882,NH,4.05,21098.21163,11/01/2010,,
03049,NH,6.095,23226.03523,04/25/2014,,
03608,NH,2.64,13716.35899,10/15/2010,,
03835,NH,3.36,12363.59899,10/09/2014,,
03824,NH,4.845,15914.44598,10/01/2013,,
03846,NH,8.1,26773.59426,12/01/2014,,
03259,NH,9.9,26717.13541,12/01/2014,,
03049,NH,3.69,32045.78171,07/06/2009,,
03844,NH,9.8,37389.91631,10/20/2014,,
03844,NH,7.84,25563.16933,11/15/2014,,
03230,NH,5.04,31571.07474,01/20/2014,,
03870,NH,5.5,22664.71638,06/15/2013,,
03049,NH,4.68,46170.72593,11/30/2013,,
03768,NH,6.05,24613.53264,10/30/2014,,
03449,NH,5.3,20773.53434,07/03/2013,,
03266,NH,1.84,10701.19451,08/02/2011,,
03235,NH,4.16,18910.85213,08/06/2014,,
03278,NH,5,20822.53753,11/07/2013,,
03284,NH,4.94,19827.17831,04/04/2013,,
03872,NH,2.76,14905.42798,12/01/2010,,
03574,NH,28.56,80456.20811,09/25/2013,,
03042,NH,10,38335.1334,10/01/2014,,
03458,NH,2.07,13492.84331,09/30/2010,,
03820,NH,4.845,14810.84978,09/01/2013,,
03287,NH,5.64,13179.93696,06/04/2013,,
03303,NH,4.8,20748.14361,08/01/2012,,
03603,NH,6.24,25846.54207,12/16/2013,,
03255,NH,6.89,29858.24489,08/01/2014,,
03809,NH,8.48,35422.2323,09/30/2014,,
03576,NH,19.11,72331.86675,07/02/2012,,
03235,NH,9.54,40099.08914,11/01/2014,,
03227,NH,4.29,20826.98906,05/12/2014,,
03451,NH,9.15,21676.16647,12/01/2014,,
03221,NH,7.8,26930.39438,03/01/2014,,
03598,NH,2.52,17279.93876,06/01/2011,,
03084,NH,3.75,18537.27986,09/20/2012,,
03590,NH,1.35,13928.37083,12/01/2011,,
03755,NH,4.8,37283.77411,10/15/2010,,
03743,NH,6.71,18156.75535,05/10/2013,,
03253,NH,2.7,20016.25206,11/01/2010,,
03824,NH,3.525,18226.8425,12/15/2011,,
03444,NH,6,25341.47448,10/04/2013,,
03857,NH,4.845,19804.13588,05/01/2013,,
03061,NH,2.025,12958.4961,08/25/2010,,
03766,NH,8.4,14407.85729,07/31/2014,,
03264,NH,9.2,40389.63395,12/13/2011,,
03773,NH,0.92,16438.77001,05/20/2009,,
03768,NH,6.6,23052.57167,07/31/2014,,
03037,NH,4.59,16059.05103,03/31/2014,,
03266,NH,2.45,33479.41887,12/12/2013,,
03087,NH,8.25,22505.61378,11/28/2014,,
03750,NH,7.7,34835.78023,08/10/2014,,
03740,NH,3.5,15380.74937,08/30/2013,,
03226,NH,2.1,23785.33011,08/01/2008,,
03264,NH,3.655,24029.68672,06/01/2011,,
03254,NH,7.15,19047.06734,11/28/2014,,
03873,NH,2,20483.11153,09/19/2010,,
03748,NH,3,14220.26953,11/01/2013,,
03450,NH,5.1,29039.50167,10/17/2014,,
03446,NH,4.18,17445.64928,09/30/2011,,
03249,NH,2.05,18628.39204,05/21/2009,,
03781,NH,5.2,18025.63922,06/01/2014,,
03844,NH,9.18,24151.7214,04/30/2014,,
03582,NH,3.552,14188.18815,07/10/2013,,
03227,NH,4.68,33597.22182,06/01/2014,,
03825,NH,4.23,22718.99327,09/02/2011,,
03458,NH,5.1,18296.54458,10/01/2013,,
03770,NH,3.5,12619.33801,06/27/2014,,
03809,NH,4.905,38613.33929,05/01/2013,,
03244,NH,9.72,37892.71818,09/23/2014,,
03458,NH,15.9,73647.00127,12/30/2013,,
03303,NH,5,24322.60826,07/20/2013,,
03745,NH,8.415,31343.23733,06/13/2014,,
03048,NH,4.905,46036.54578,12/01/2011,,
03301,NH,37.8,151136.3145,12/31/2014,,
03588,NH,4.68,18140.4411,10/01/2013,,
03823,NH,4.2,31802.24212,02/28/2014,,
03781,NH,3.36,33265.05281,07/01/2014,,
03830,NH,3.76,18823.73881,12/01/2011,,
03223,NH,2,21390.11647,05/15/2009,,
03456,NH,3,15735.40359,12/01/2011,,
03608,NH,6.6,20908.4412,10/22/2014,,
03855,NH,7,26870.88652,10/01/2014,,
03458,NH,2.5,9985.827091,04/30/2014,,
03752,NH,2.1,18086.59576,09/25/2009,,
03766,NH,5.775,22832.77556,10/18/2014,,
03449,NH,4.7,20140.70159,10/15/2014,,
03281,NH,5.2,17940.78749,05/01/2014,,
03842,NH,5.04,17529.89092,07/31/2014,,
03869,NH,5.2,18563.738,03/01/2014,,
03257,NH,4.24,18034.56534,11/07/2014,,
03608,NH,5.5,16265.19303,11/11/2014,,
03054,NH,4.23,29684.73218,09/03/2011,,
03579,NH,4.725,26064.40794,11/01/2014,,
03038,NH,5.775,25748.26118,12/21/2014,,
03257,NH,9.75,22807.32704,10/05/2013,,
03602,NH,4.5,35059.81794,11/07/2010,,
03266,NH,6.05,19439.03594,11/30/2014,,
03781,NH,17.68,62252.8736,07/22/2014,,
03220,NH,1.41,7825.864173,12/15/2012,,
03253,NH,3.15,30419.73033,06/16/2009,,
03216,NH,8,33265.27337,11/16/2013,,
03440,NH,5.3,18206.4121,06/01/2014,,
03449,NH,0.42,8502.81425,08/28/2009,,
03770,NH,8.4,32845.16422,08/25/2014,,
03216,NH,4.77,18212.6452,06/01/2013,,
03824,NH,4.9,19488.07459,05/01/2013,,
03768,NH,6.6,34282.38898,08/06/2014,,
03110,NH,12.24,64749.94616,02/10/2013,,
03818,NH,18.36,54150.68958,07/14/2014,,
03260,NH,1.56,14116.30937,03/01/2013,,
03218,NH,5,19002.03771,07/20/2013,,
03861,NH,4.845,22182.2099,02/01/2013,,
03064,NH,9.6,30111.08675,06/13/2013,,
03602,NH,3.2,37309.10581,09/15/2008,,
03245,NH,4.24,15082.52582,05/01/2013,,
03755,NH,3.8,29008.92876,08/29/2008,,
03264,NH,4.56,12144.80499,06/01/2013,,
03832,NH,9.54,27269.7123,10/01/2014,,
03864,NH,3.15,25900.10845,12/18/2008,,
03301,NH,9.805,66574.23715,07/01/2014,,
03216,NH,5.4,19782.74194,08/01/2014,,
03451,NH,5,18241.9562,07/10/2013,,
03233,NH,4.8,45570.68945,06/22/2009,,
03784,NH,3.42,32002.90889,04/30/2014,,
03743,NH,2.1,21872.94665,05/30/2014,,
03765,NH,4.1,40542.73436,09/10/2014,,
03770,NH,5,16920.23611,08/05/2014,,
03241,NH,2.52,19831.25135,12/10/2008,,
03226,NH,3.2,28438.79937,07/22/2008,,
03046,NH,0.51,2262.335099,08/01/2014,,
03237,NH,7.7,25856.55872,09/15/2014,,
03254,NH,1.7,19057.01118,04/10/2014,,
03748,NH,10.08,54367.00784,08/26/2014,,
03226,NH,6.48,18382.43861,07/15/2014,,
03307,NH,3.06,39925.48656,10/13/2008,,
03812,NH,4.48,14636.16754,11/05/2014,,
03285,NH,5,23845.54749,06/15/2013,,
03584,NH,4.24,26653.10372,12/05/2013,,
03447,NH,1,6584.011454,04/01/2011,,
03825,NH,9.52,33696.78965,10/01/2014,,
03833,NH,3.185,12794.25673,04/01/2013,,
03452,NH,6.6,24283.52475,08/05/2014,,
03584,NH,5.3,24136.51291,05/14/2013,,
03588,NH,4.59,13878.47837,01/30/2013,,
03431,NH,4.48,18675.56399,07/05/2014,,
03036,NH,6.63,18103.94937,10/01/2013,,
03037,NH,4.9,19378.20344,04/01/2013,,
03264,NH,6.16,11090.13168,12/14/2014,,
03824,NH,3.76,16036.47432,12/01/2011,,
03825,NH,6.12,19963.32834,07/01/2014,,
03223,NH,4.14,25602.11878,08/01/2011,,
03104,NH,6,23309.16625,07/14/2013,,
03304,NH,3.92,17202.50924,11/15/2014,,
03262,NH,4.24,13905.60663,06/01/2014,,
03254,NH,23.52,139827.7233,10/26/2012,,
03745,NH,4.96,19500.07447,08/01/2014,,
03766,NH,2.94,14210.48388,07/15/2013,,
03103,NH,5.58,19416.98144,11/20/2014,,
03768,NH,2.2,12302.00696,08/29/2014,,
03038,NH,2,19060.59874,06/01/2014,,
03301,NH,4.2,8852.876405,11/01/2014,,
03833,NH,5.3,17393.63918,02/28/2014,,
03220,NH,4.23,24017.32617,09/27/2013,,
03046,NH,2.07,14177.99822,11/01/2010,,
03246,NH,33.15,98973.37608,12/18/2014,,
03857,NH,9.805,31459.93355,08/19/2013,,
03580,NH,16.83,65230.13815,12/18/2014,,
03462,NH,2.04,18893.33705,08/10/2012,,
03884,NH,2.3,14694.09293,11/01/2010,,
03576,NH,2.3,13571.91783,05/01/2010,,
03449,NH,4.845,19354.94267,05/24/2013,,
03227,NH,4.73,22682.17302,12/01/2010,,
03103,NH,7.5,38510.79642,07/19/2013,,
03841,NH,1.125,11663.56648,01/04/2011,,
03241,NH,4.8,57788.9407,01/14/2011,,
03461,NH,7.02,25605.65783,04/01/2014,,
03045,NH,10,43019.53591,08/28/2013,,
03842,NH,4.08,8700.859006,09/01/2012,,
03046,NH,4.94,16260.38765,05/05/2013,,
03224,NH,4.92,33652.02969,06/01/2014,,
03063,NH,5,22662.54161,05/25/2012,,
03570,NH,12.96,46361.23069,10/11/2012,,
03874,NH,4.935,37123.96767,03/30/2010,,
03276,NH,2.4,19566.40814,09/29/2009,,
03223,NH,7.62,25369.22947,09/25/2013,,
03051,NH,5.61,19702.86964,03/01/2014,,
03037,NH,7.56,45345.23748,08/14/2014,,
03087,NH,9.805,37564.29239,12/31/2014,,
03848,NH,4.94,15463.98712,09/01/2013,,
03278,NH,4,22031.87792,10/28/2013,,
03244,NH,9.36,30307.26964,06/01/2014,,
03301,NH,11,49491.63113,12/13/2012,,
03037,NH,2.38,19489.67713,09/17/2009,,
03598,NH,5,24217.13514,09/01/2012,,
03768,NH,3.3,12983.77307,10/23/2014,,
03242,NH,30,,12/17/2013,,
03781,NH,5,16891.97062,07/14/2014,,
03034,NH,4.8,20565.97791,11/01/2012,,
03842,NH,7.8,23412.63566,12/01/2013,,
03110,NH,4.905,30542.50831,04/01/2013,,
03860,NH,6.6,23221.97052,09/30/2014,,
03768,NH,3.3,12775.8317,12/08/2014,,
03234,NH,9.805,53706.21474,09/01/2014,,
03449,NH,4.5,23318.35001,06/01/2013,,
03462,NH,2.7,14140.42941,09/25/2009,,
03226,NH,5.5,20169.01292,07/01/2014,,
03766,NH,9,37404.01634,10/17/2013,,
03844,NH,76.5,217258.8699,11/04/2014,,
03827,NH,9.24,29923.94527,11/01/2014,,
03781,NH,2.52,18088.27084,12/31/2009,,
03458,NH,2.25,18756.80279,07/08/2011,,
03245,NH,4.8,21932.04105,03/31/2014,,
03055,NH,6.12,20829.06028,09/01/2014,,
03229,NH,4.725,25691.35228,05/01/2014,,
03824,NH,7.56,26608.1711,05/30/2014,,
03608,NH,7.02,21708.08688,10/02/2014,,
03603,NH,2.1,17976.98003,09/30/2009,,
03816,NH,1.365,16818.84209,12/20/2010,,
03824,NH,2.99,18530.71561,07/01/2010,,
03590,NH,4.6,18955.9162,12/01/2011,,
03034,NH,4.75,24745.81557,12/11/2012,,
03290,NH,3.57,12567.62614,07/31/2014,,
03227,NH,5.3,15469.04236,09/30/2013,,
03253,NH,4.24,14193.77827,06/01/2013,,
03449,NH,4.8,53256.37768,07/01/2013,,
03245,NH,2.16,5370.621474,09/01/2014,,
03269,NH,4.68,43193.86655,03/24/2009,,
03431,NH,6.12,22882.62878,10/17/2014,,
03226,NH,7,18796.44804,11/10/2014,,
03280,NH,3.075,24059.55699,04/30/2014,,
03779,NH,4.14,25741.98624,10/25/2010,,
03076,NH,9.54,33174.80438,06/30/2014,,
03257,NH,4.75,23318.35001,06/04/2013,,
03870,NH,5.4,16301.86273,04/10/2014,,
03087,NH,4.94,18388.90529,07/01/2013,,
03844,NH,2.108,17538.5171,09/02/2009,,
03038,NH,2.24,24595.18921,09/19/2008,,
03827,NH,4.9,14981.10033,04/26/2013,,
03264,NH,1.6,5589.306169,05/01/2014,,
03224,NH,7.5,26284.3608,12/15/2013,,
03244,NH,3.24,27209.43546,07/01/2011,,
03844,NH,7.8,24373.12631,07/14/2014,,
03249,NH,29.15,119347.1439,09/24/2014,,
03259,NH,4.05,23053.05371,07/10/2011,,
03258,NH,17.136,111748.1482,09/13/2011,,
03254,NH,4.6,24624.85283,07/15/2011,,
03768,NH,3.315,18496.29164,07/18/2012,,
03086,NH,9.945,28799.39712,05/01/2014,,
03846,NH,5.3,18100.98349,09/21/2014,,
03768,NH,4.675,22987.32055,10/10/2014,,
03595,NH,3.22,23747.93062,11/01/2010,,
03781,NH,3.25,14143.27171,12/01/2013,,
03446,NH,6,11263.54137,06/25/2014,,
03768,NH,3.6,23163.67444,10/17/2010,,
03445,NH,3.76,16131.93577,12/17/2011,,
03256,NH,9.9,27066.88517,11/30/2014,,
03290,NH,1,19199.62263,02/25/2010,,
03779,NH,2.4,19000.61032,08/27/2009,,
03046,NH,7.7,28109.19054,06/01/2014,,
03106,NH,2.07,15172.67521,09/17/2010,,
03225,NH,2.04,18496.5586,09/18/2009,,
03770,NH,7.5,47692.75255,11/15/2013,,
03814,NH,9.9,25858.54784,09/30/2014,,
03883,NH,4.92,37292.6601,08/11/2009,,
03869,NH,2.52,19816.59759,09/01/2010,,
03770,NH,5,18445.58101,11/15/2014,,
03224,NH,4.16,14895.88447,06/01/2014,,
03259,NH,4.77,16879.97338,09/01/2012,,
03055,NH,9,29499.93401,08/01/2014,,
03253,NH,4.6,38148.12106,09/10/2014,,
03466,NH,12.22,48499.20762,01/30/2012,,
03768,NH,6.05,22082.70257,09/12/2014,,
03608,NH,6.6,20047.53962,11/18/2014,,
03215,NH,0.51,4745.610227,02/15/2013,,
03833,NH,1.56,15454.09525,06/01/2014,,
03745,NH,6,20270.36474,07/14/2014,,
03605,NH,3.75,24332.19131,06/07/2013,,
03608,NH,8.745,30778.23387,07/14/2013,,
03038,NH,5.035,20582.40113,10/30/2014,,
03257,NH,6.76,17352.82807,10/01/2013,,
03243,NH,7,29194.02603,09/15/2013,,
03769,NH,3.84,26163.91158,08/01/2012,,
03269,NH,2.76,12585.53442,06/11/2011,,
03278,NH,4.9,46536.32972,06/01/2013,,
03824,NH,2.34,10989.6442,10/30/2014,,
03103,NH,6.325,19182.78434,06/19/2014,,
03230,NH,4.62,28211.5337,05/01/2010,,
03301,NH,6.36,34789.69244,09/01/2014,,
03031,NH,6.375,25835.34524,03/01/2014,,
03825,NH,2.52,15908.66444,02/10/2010,,
03782,NH,4.75,24534.95957,06/25/2013,,
03851,NH,8.4,19941.2887,10/15/2014,,
03284,NH,8,29435.18945,06/01/2014,,
03748,NH,4,19272.03122,02/14/2013,,
03602,NH,8.25,25201.82015,12/29/2014,,
03275,NH,9.54,58552.53647,06/01/2014,,
03253,NH,5.67,11293.54768,06/01/2014,,
03257,NH,41,198823.4982,11/16/2011,,
03773,NH,2.1,18086.59576,05/31/2014,,
03755,NH,3.12,15241.06459,05/01/2013,,
03820,NH,8.25,27997.34073,05/31/2014,,
03593,NH,3.38,15094.9475,12/01/2012,,
03823,NH,4.2,33340.72101,09/23/2009,,
03245,NH,4.7,24736.47384,03/01/2011,,
03254,NH,2.24,4032.775156,12/08/2014,,
03825,NH,1.5,5241.522081,07/05/2013,,
03222,NH,2.1,16972.99885,11/25/2008,,
03848,NH,4.905,19747.22452,05/01/2013,,
03601,NH,4.32,15674.44717,10/01/2010,,
03853,NH,5.28,20980.53813,12/01/2011,,
03276,NH,2.16,13751.20365,10/23/2009,,
03780,NH,4.9,16229.63519,05/01/2013,,
03032,NH,2.05,19532.67327,01/01/2013,,
03833,NH,15.6,52991.07505,09/13/2013,,
03768,NH,8.25,31531.35765,08/14/2014,,
03832,NH,9.75,24926.61088,10/31/2014,,
03246,NH,31.92,361161.1508,08/17/2012,,
03861,NH,3.76,14837.74062,10/05/2010,,
03241,NH,2.115,21424.80159,11/18/2011,,
03755,NH,2.25,16825.86805,07/21/2010,,
03870,NH,5,23770.30307,10/31/2013,,
03593,NH,2.3,13555.70154,09/15/2010,,
03820,NH,4.8,15472.77512,05/31/2013,,
03801,NH,6.6,21810.51501,07/15/2014,,
03447,NH,2.85,37123.2468,08/21/2008,,
03833,NH,5.2,20477.92964,12/23/2013,,
03777,NH,2.585,12644.76845,10/25/2010,,
03224,NH,4.8,19537.67901,11/01/2012,,
03110,NH,4.75,23158.72467,11/30/2013,,
03275,NH,3.84,17342.9893,10/01/2012,,
03070,NH,4.9,40197.10022,08/13/2009,,
03254,NH,9.9,32820.46456,09/30/2014,,
03466,NH,4.95,32115.79679,12/15/2010,,
03455,NH,3.5,34024.5271,07/08/2009,,
03576,NH,9.36,33027.75941,10/01/2014,,
03287,NH,4.2,23529.65986,09/04/2012,,
03222,NH,15.37,48949.24913,07/25/2013,,
03303,NH,3.15,32458.78713,11/30/2010,,
03750,NH,6.1,20845.96779,09/15/2014,,
03462,NH,7.02,18706.67024,09/30/2014,,
03287,NH,5.72,16967.63766,10/01/2013,,
03110,NH,9.88,17369.0435,11/01/2013,,
03894,NH,5.83,18697.7192,09/01/2014,,
03602,NH,4.2,35242.77181,08/05/2010,,
03079,NH,21,69657.50315,05/16/2014,,
03275,NH,5.04,16768.2791,12/29/2014,,
03608,NH,2.64,12987.24633,07/03/2010,,
03801,NH,45,170117.579,12/30/2014,,
03077,NH,5.4,19221.40818,10/01/2014,,
03848,NH,9.9,37061.20369,12/31/2014,,
03076,NH,9.54,25824.69802,06/04/2014,,
03229,NH,4.75,22358.03301,05/29/2013,,
03768,NH,9.35,36311.10751,12/02/2014,,
03087,NH,4.05,12531.45011,09/01/2014,,
03580,NH,9.045,37821.70425,08/10/2014,,
03602,NH,3,34252.8651,02/15/2014,,
03220,NH,4.8,41625.0278,12/30/2010,,
03282,NH,4.95,20457.06426,05/01/2012,,
03854,NH,2.016,26061.36388,07/30/2010,,
03044,NH,5.83,20885.75018,09/01/2014,,
03817,NH,4.77,11453.44062,04/01/2013,,
03032,NH,60.48,198563.7668,12/17/2014,,
03290,NH,5,22498.49787,11/01/2013,,
03254,NH,9.66,37585.36617,12/01/2013,,
03256,NH,5.3,19521.75928,08/01/2013,,
03467,NH,2.7,13153.88783,09/19/2009,,
03884,NH,2.59,18326.24134,08/19/2010,,
03102,NH,4.32,21065.67005,08/01/2012,,
03042,NH,4,15003.83747,06/10/2013,,
03216,NH,3.18,18976.19587,09/30/2014,,
03860,NH,5.67,17042.11289,11/20/2014,,
03031,NH,2.7,19756.07924,06/23/2009,,
03890,NH,8.415,23448.73009,09/01/2014,,
03816,NH,4.83,24799.49717,07/01/2012,,
03110,NH,9.72,16039.63566,11/15/2014,,
03748,NH,2.94,19277.15211,05/29/2011,,
03855,NH,3.264,18779.89493,10/01/2010,,
03254,NH,4.8,29449.34118,07/01/2010,,
03458,NH,2.07,13492.84331,09/30/2010,,
03741,NH,3.36,14209.12823,07/26/2014,,
03246,NH,2.6,7737.435439,04/02/2013,,
03833,NH,7.92,41000.98707,08/06/2012,,
03768,NH,7.15,28013.67262,12/29/2014,,
03841,NH,9.1,37523.4011,12/01/2013,,
03768,NH,1.44,14132.7259,10/04/2008,,
03570,NH,2.65,5863.359467,08/31/2014,,
03825,NH,5.355,19336.14868,12/01/2014,,
03869,NH,4.6,26462.85861,01/01/2011,,
03581,NH,7.56,18245.08556,11/01/2014,,
03052,NH,4.14,26875.87574,11/20/2010,,
03038,NH,8.64,28256.29226,07/01/2014,,
03825,NH,4.94,23951.43502,04/01/2013,,
03846,NH,4.77,16514.4562,05/05/2013,,
03304,NH,7.2,34891.85578,07/01/2014,,
03773,NH,6.89,26799.22375,11/01/2014,,
03782,NH,5,21697.02946,08/07/2013,,
03458,NH,2.07,14968.92786,09/30/2010,,
03046,NH,4.94,16260.38765,05/05/2013,,
03824,NH,6.24,35146.19077,05/01/2014,,
03781,NH,4.9,17673.41523,07/01/2013,,
03470,NH,9.075,21742.72861,11/05/2014,,
03861,NH,9.945,29799.98726,09/30/2014,,
03264,NH,3,12377.5579,10/01/2014,,
03036,NH,5.2,19833.1608,07/01/2014,,
03455,NH,8.25,20879.26835,06/13/2014,,
03256,NH,4.92,36102.16152,11/30/2011,,
03745,NH,4.92,33248.6438,08/31/2014,,
03229,NH,2.94,34655.78354,08/12/2008,,
03851,NH,2.688,18353.90436,06/08/2011,,
03595,NH,4.05,22013.17747,08/01/2010,,
03833,NH,9.52,31673.41608,12/20/2014,,
03870,NH,3.42,24240.42295,05/04/2014,,
03220,NH,7.155,12500.173,05/15/2013,,
03301,NH,9.805,42404.15415,06/13/2014,,
03036,NH,6.12,22297.40122,07/01/2014,,
03256,NH,5.22,15485.21914,09/01/2013,,
03255,NH,9.88,33964.55729,03/28/2014,,
03886,NH,4.94,10689.87791,04/01/2013,,
03048,NH,7.02,23478.43479,03/01/2014,,
03281,NH,9,31626.16016,10/22/2013,,
03450,NH,0.4,2015.833309,05/01/2014,,
03833,NH,99.45,335831.3416,12/23/2013,,
03249,NH,5.4,19314.47793,07/01/2014,,
03077,NH,2.16,20127.06802,04/01/2014,,
03857,NH,48.06,149977.8009,12/19/2013,,
03259,NH,4.05,25468.4191,09/01/2010,,
03101,NH,42.3,183592.5204,10/09/2012,,
03249,NH,50.4,,12/31/2014,,
03303,NH,4.05,19488.15732,11/01/2014,,
03033,NH,2.16,18952.66535,06/01/2009,,
03222,NH,7.5,27116.67087,05/31/2014,,
03079,NH,8.48,37952.39175,09/01/2014,,
03259,NH,4.84,25961.95186,04/30/2011,,
03784,NH,9.945,33422.25434,07/01/2014,,
03755,NH,3.6,15403.18471,12/01/2014,,
03576,NH,4.77,15293.02326,07/01/2012,,
03222,NH,4.32,15147.17865,06/30/2014,,
03458,NH,2.07,13492.84331,09/30/2010,,
03446,NH,4.75,23167.28437,07/05/2013,,
03466,NH,4.75,12117.28021,07/29/2013,,
03781,NH,7,29497.4763,10/07/2013,,
03823,NH,3.76,22050.15457,04/01/2002,,
03249,NH,9.18,33582.98716,11/19/2014,,
03246,NH,2,12923.41252,07/01/2013,,
03858,NH,4.5,24885.09183,09/30/2011,,
03801,NH,28.28,104773.525,10/08/2014,,
03036,NH,7.65,24754.32234,03/01/2014,,
03467,NH,4.48,17248.21766,10/10/2014,,
03894,NH,9.075,26213.03852,12/24/2014,,
03801,NH,3.15,27421.58694,03/01/2014,,
03576,NH,4.41,27781.4759,11/01/2010,,
03216,NH,4.75,17612.60871,07/01/2013,,
03838,NH,4.935,31685.18603,11/25/2010,,
03077,NH,2.1,29077.7652,06/15/2014,,
03102,NH,6,23334.42971,10/07/2013,,
03461,NH,2.115,26254.65232,07/23/2010,,
03301,NH,9.805,45111.47528,11/01/2014,,
03743,NH,2.42,12534.21237,03/15/2010,,
03301,NH,3.5,15485.98668,05/01/2013,,
03254,NH,9.66,20268.84022,07/15/2013,,
03246,NH,2.16,25305.60936,08/01/2013,,
03106,NH,2.1,19724.47777,09/15/2010,,
03049,NH,5.2,19530.52447,11/01/2013,,
03576,NH,3.24,21099.44124,09/01/2014,,
03258,NH,4.75,20594.7597,03/01/2013,,
03748,NH,4.5,39764.69964,11/30/2011,,
03221,NH,6,17974.48876,04/25/2014,,
03768,NH,6.05,21778.81779,11/05/2014,,
03768,NH,4.95,19385.90465,11/24/2014,,
03465,NH,5.5,27725.3292,12/12/2014,,
03781,NH,5,18126.95149,06/21/2014,,
03768,NH,6.6,31291.32421,11/29/2014,,
03856,NH,1.7,14689.51654,04/25/2014,,
03801,NH,20,68016.97847,01/21/2014,,
03304,NH,5.3,21434.22863,09/16/2013,,
03470,NH,8.1,19442.75648,10/15/2014,,
03584,NH,19.08,82698.73138,08/29/2013,,
03240,NH,2.38,20943.05291,12/14/2008,,
03781,NH,5.61,17118.15732,11/01/2013,,
03458,NH,3.22,20916.61654,09/30/2010,,
03449,NH,2.58,18537.11642,05/19/2014,,
03109,NH,3.5,11298.30538,06/15/2014,,
03576,NH,3.6,21626.98841,10/08/2008,,
03269,NH,3.525,14093.00533,09/01/2013,,
03303,NH,8.91,35712.85393,10/31/2014,,
03223,NH,2.38,23213.8914,11/24/2008,,
03840,NH,4.86,16975.96702,12/01/2014,,
03884,NH,4.6,31582.22567,12/01/2010,,
03462,NH,8.085,41719.67887,05/31/2012,,
03779,NH,6.54,27173.20392,12/19/2013,,
03458,NH,2.07,12273.61048,09/01/2010,,
03301,NH,3.84,16903.08124,09/01/2011,,
03049,NH,2.82,21537.57141,12/01/2011,,
03755,NH,4.68,17576.229,03/01/2013,,
03256,NH,4.59,26052.137,10/01/2011,,
03244,NH,0.81,6534.257022,05/31/2014,,
03301,NH,9.54,27803.83431,09/30/2013,,
03254,NH,5.94,16196.41889,07/20/2014,,
03768,NH,5.2,18318.00121,04/01/2014,,
03768,NH,6.875,32288.37521,09/02/2014,,
03809,NH,5.94,19906.16013,08/01/2014,,
03244,NH,8.48,46386.25658,09/01/2014,,
03076,NH,1.4,17665.32899,09/30/2010,,
03301,NH,7.95,32862.07655,12/01/2014,,
03278,NH,10.6,54544.86938,08/01/2014,,
03576,NH,2.76,23710.94536,12/01/2011,,
03257,NH,8.58,28733.72005,05/19/2014,,
03766,NH,2.52,19284.30018,10/01/2010,,
03258,NH,4.8,21747.44758,12/01/2012,,
03082,NH,1.9,18719.16505,05/30/2009,,
03216,NH,7.155,36545.00847,12/01/2014,,
03044,NH,12,38749.92828,12/18/2014,,
03832,NH,8.8,30074.31686,11/10/2014,,
03748,NH,6.825,28316.62995,10/29/2014,,
03301,NH,3.69,31181.72955,07/10/2009,,
03264,NH,4.7,22001.09752,05/01/2011,,
03060,NH,9.805,58107.29402,05/30/2014,,
03823,NH,4.94,17256.53047,10/01/2013,,
03077,NH,10.575,66044.63597,12/22/2011,,
03229,NH,9.9,51178.7377,08/31/2014,,
03079,NH,7.54,31163.09369,08/15/2014,,
03269,NH,4.935,17511.36037,09/01/2013,,
03894,NH,6.75,25687.90118,11/21/2013,,
03285,NH,3.04,30722.88637,09/16/2008,,
03584,NH,6.36,52189.51145,09/01/2014,,
03444,NH,6.6,21146.02774,05/20/2014,,
03216,NH,5.6,18658.25977,05/04/2014,,
03044,NH,3.76,7946.060929,06/01/2014,,
03801,NH,62.16,346307.7517,05/31/2011,,
03781,NH,4.5,29836.78596,09/01/2014,,
03885,NH,4.9,22571.03531,07/25/2011,,
03226,NH,4.14,20538.17512,07/01/2011,,
03867,NH,7.05,34249.00115,12/27/2010,,
03261,NH,2.28,21106.61757,07/10/2009,,
03576,NH,5.4,18879.26128,07/01/2014,,
03245,NH,5.17,19528.61121,06/28/2013,,
03269,NH,4.24,17090.69969,07/01/2014,,
03872,NH,6.12,19996.73316,08/01/2014,,
03745,NH,4.86,16379.77454,10/01/2014,,
03244,NH,8.1,30220.5512,03/01/2014,,
03049,NH,3.68,23011.08792,01/01/2011,,
03768,NH,4.95,20024.46162,09/12/2014,,
03894,NH,4.77,17130.83675,10/01/2013,,
03276,NH,7.65,27947.75117,08/01/2014,,
03224,NH,3,19902.14376,05/31/2014,,
03574,NH,7.2,24609.98577,08/01/2014,,
03820,NH,6.24,14397.00717,11/01/2013,,
03824,NH,2.295,10829.94642,08/31/2014,,
03774,NH,4.92,33305.64398,05/31/2014,,
03848,NH,3.5,13170.47596,03/30/2013,,
03601,NH,3.18,15389.07,12/01/2014,,
03598,NH,4.77,22952.71862,11/01/2014,,
03853,NH,9.72,26064.40794,11/19/2014,,
03042,NH,2,6796.118735,10/19/2011,,
03217,NH,8.1,59886.71107,12/15/2014,,
03226,NH,3.36,20349.39624,10/01/2010,,
03053,NH,3.36,8783.155248,07/14/2012,,
03431,NH,30,100942.1037,12/20/2013,,
03840,NH,19.2,136238.4101,06/22/2011,,
03464,NH,0.59,3552.020183,11/13/2013,,
03458,NH,1.84,12273.61048,09/01/2010,,
03768,NH,5.5,21512.42141,07/31/2014,,
03886,NH,4.725,30345.35042,09/13/2010,,
03266,NH,2.1,19478.05241,10/22/2010,,
03872,NH,1.82,9553.398787,04/13/2012,,
03582,NH,3.76,20183.00203,06/15/2011,,
03801,NH,23.265,111719.2897,07/31/2011,,
03608,NH,4.7,20590.56843,07/16/2011,,
03458,NH,2.07,13492.84331,09/30/2010,,
03781,NH,4.14,28901.40884,12/08/2010,,
03253,NH,4.83,63977.01297,04/01/2011,,
03824,NH,4.14,25954.13952,10/01/2010,,
03848,NH,4.8,27727.55974,01/18/2012,,
03801,NH,15.81,86798.2401,07/09/2012,,
03745,NH,5,16920.23611,08/12/2014,,
03222,NH,3.9,34053.22327,06/30/2014,,
03079,NH,40,138139.7612,11/22/2013,,
03246,NH,15.57,112024.3502,05/31/2011,,
03580,NH,6,22458.1488,09/01/2014,,
03226,NH,4.5,29495.80039,10/01/2010,,
03584,NH,9.36,42156.55935,12/01/2013,,
03262,NH,7.29,23838.18279,06/30/2014,,
03833,NH,7.65,25180.9479,02/01/2014,,
03261,NH,7.65,26187.23705,06/01/2014,,
03873,NH,4.6,31279.7967,12/22/2010,,
03608,NH,3.57,17189.06214,12/01/2012,,
03867,NH,4.59,15546.34823,12/05/2014,,
03851,NH,2.15,19120.00142,05/05/2011,,
03257,NH,2.1,13326.3167,12/31/2010,,
03259,NH,1,9759.53681,08/31/2010,,
03071,NH,4,19386.39367,09/30/2012,,
03458,NH,3.45,22330.92662,09/30/2010,,
03770,NH,3.8,37968.35115,05/20/2014,,
03777,NH,4.48,15914.43978,12/31/2014,,
03608,NH,6.05,18338.00909,10/28/2014,,
03450,NH,1.225,8550.886243,09/17/2010,,
03768,NH,7.425,29863.70823,12/11/2014,,
03102,NH,6.12,19559.40117,03/01/2014,,
03253,NH,5.565,15914.19161,08/01/2013,,
03458,NH,1.38,9309.520003,09/01/2010,,
03581,NH,9.72,30410.46527,10/01/2014,,
03741,NH,1.75,22246.60986,08/30/2008,,
03801,NH,4.575,19863.07978,05/20/2013,,
03060,NH,8.25,27487.63635,09/30/2014,,
03592,NH,2.43,23466.17654,07/01/2014,,
03049,NH,2.475,11411.71554,06/03/2014,,
03245,NH,4.95,15239.16089,08/31/2014,,
03104,NH,8.68,27811.21325,06/25/2014,,
03216,NH,4.75,20594.15511,07/01/2013,,
03255,NH,4.75,21433.22346,05/30/2013,,
03449,NH,2.28,27397.95002,05/08/2009,,
03755,NH,3.69,23016.24098,08/12/2010,,
03458,NH,0.49,2475.66925,10/08/2012,,
03060,NH,2.04,9399.598162,11/01/2013,,
03253,NH,14.04,,12/05/2013,,
03820,NH,49.92,240369.3949,06/16/2012,,
03431,NH,5.5,19254.85922,07/07/2014,,
03771,NH,4.8,20173.04342,05/01/2013,,
03857,NH,9.88,33278.10317,06/20/2014,,
03833,NH,4.7,22981.03244,12/01/2011,,
03245,NH,5.035,12500.173,05/01/2013,,
03224,NH,6.12,22875.26651,12/01/2013,,
03584,NH,3.75,9616.131556,08/21/2013,,
03243,NH,3.84,16801.59656,10/01/2012,,
03801,NH,6.72,28416.3364,10/14/2014,,
03037,NH,5.3,15774.11962,07/01/2014,,
03258,NH,3.6,23297.17451,08/31/2014,,
03218,NH,9.18,36294.97641,12/30/2014,,
03464,NH,4.935,15543.89578,01/10/2013,,
03275,NH,2.1,13431.28403,07/21/2009,,
03590,NH,5.775,15454.49874,10/01/2014,,
03781,NH,5,19672.58072,08/31/2013,,
03245,NH,8.1,32284.57395,01/30/2014,,
03781,NH,5,17637.20462,07/28/2014,,
03598,NH,5.4,18930.08144,10/01/2013,,
03307,NH,4.8,30574.16985,10/26/2011,,
03593,NH,9,37614.24151,09/01/2014,,
03840,NH,2.7,16716.87044,11/15/2011,,
03227,NH,8.25,38358.74909,12/08/2014,,
03227,NH,2.05,17538.5171,06/01/2014,,
03278,NH,4.92,38020.21661,04/30/2014,,
03602,NH,5.2,12415.7202,06/02/2014,,
03833,NH,6,20337.1285,08/01/2014,,
03576,NH,8.1,20590.23038,06/01/2014,,
03053,NH,4.7,35510.08536,06/01/2011,,
03801,NH,2.25,17983.57573,10/07/2011,,
03301,NH,2,14847.54645,09/01/2010,,
03249,NH,5.3,29319.49277,07/01/2014,,
03246,NH,9.36,33475.91119,07/24/2014,,
03768,NH,3.3,18348.65467,07/23/2014,,
03897,NH,4.6,25019.08276,03/10/2010,,
03824,NH,4.8,30466.39021,10/01/2012,,
03470,NH,6.12,26064.40794,11/08/2014,,
03307,NH,40.425,115793.6233,11/22/2013,,
03032,NH,4.8,18602.85631,05/01/2012,,
03590,NH,11.04,54081.0652,05/24/2012,,
03825,NH,48,177390.7385,12/30/2013,,
03060,NH,7.95,45079.70136,07/01/2014,,
03801,NH,0.54,1512.290684,12/31/2014,,
03261,NH,7.14,22243.32394,09/30/2014,,
03858,NH,4.92,22574.64479,01/15/2011,,
03870,NH,4.6,24821.93375,10/31/2010,,
03302,NH,5.64,22748.59171,09/01/2013,,
03815,NH,3,15862.22998,09/01/2014,,
03886,NH,5,23770.30307,10/30/2013,,
03883,NH,8.925,27531.47317,02/06/2013,,
03220,NH,8.4,28069.3624,11/30/2014,,
03781,NH,4.845,30562.98572,09/01/2013,,
03087,NH,30.55,148162.8109,09/29/2011,,
03601,NH,3.38,14558.09449,07/31/2013,,
03561,NH,1.52,19104.33565,08/20/2008,,
03276,NH,4.9,19214.86053,07/01/2013,,
03842,NH,2.07,11603.86273,06/30/2011,,
03755,NH,5.32,22908.69293,10/10/2013,,
03261,NH,4.9,18547.00466,05/10/2013,,
03259,NH,4.77,35380.07797,11/20/2010,,
03467,NH,9.54,29152.06198,08/27/2013,,
03605,NH,4.77,19736.78316,07/01/2013,,
03227,NH,2.43,26307.41463,06/05/2009,,
03226,NH,3.975,20775.56123,07/01/2013,,
03037,NH,7.8,24887.60733,12/01/2013,,
03585,NH,4.86,11918.62436,12/18/2013,,
03582,NH,45.36,145262.3611,12/27/2013,,
03861,NH,3.9,20015.46035,11/01/2014,,
03264,NH,9.9,31039.3005,06/20/2014,,
03853,NH,7.155,19715.44615,09/30/2013,,
03431,NH,2.46,25189.00103,06/15/2009,,
03845,NH,4.93,13143.63077,09/30/2013,,
03819,NH,6.12,20966.5394,12/01/2013,,
03870,NH,4.83,29064.67995,11/01/2010,,
03226,NH,5,39578.05731,11/20/2013,,
03264,NH,0.51,1153.890513,07/12/2014,,
03770,NH,5,16920.23611,08/05/2014,,
03431,NH,3.52,24790.41567,07/10/2011,,
03593,NH,3.04,21143.76505,11/08/2008,,
03106,NH,6.24,23103.31546,10/01/2013,,
03086,NH,4.515,29628.14466,05/15/2011,,
03746,NH,4.75,16047.37209,07/28/2014,,
03857,NH,1.72,8209.160727,09/01/2012,,
03470,NH,5,31998.35228,12/13/2013,,
03602,NH,3.45,13993.88751,02/03/2011,,
03894,NH,3.6,23399.51646,09/18/2010,,
03110,NH,4.77,11681.93813,12/23/2013,,
03602,NH,3.22,20591.48778,09/24/2010,,
03809,NH,2.88,19074.8995,12/28/2012,,
03110,NH,4.84,10089.54078,12/31/2011,,
03276,NH,6.72,21605.33967,06/01/2014,,
03458,NH,2.07,9309.520003,09/30/2010,,
03576,NH,35.88,114623.7933,10/27/2012,,
03259,NH,3.2,32943.67783,08/14/2009,,
03447,NH,3.15,30859.64291,10/27/2010,,
03878,NH,12.88,158027.5625,07/18/2012,,
03743,NH,4.9,46464.75685,09/27/2013,,
03226,NH,3.92,13237.59649,08/30/2014,,
03458,NH,2.53,16422.25339,09/30/2010,,
03046,NH,6.1,41677.29338,10/31/2014,,
03781,NH,80.96,458071.8846,12/23/2010,,
03833,NH,3.43,13139.58657,09/01/2013,,
03049,NH,4.8,25877.52903,10/07/2011,,
03602,NH,1.44,20246.56684,10/01/2010,,
03853,NH,4.94,17807.59759,09/01/2013,,
03858,NH,4.16,18481.27178,04/13/2013,,
03038,NH,7.7,33385.70554,10/19/2014,,
03570,NH,22.5,77122.41716,11/27/2012,,
03240,NH,4.845,16332.07348,10/01/2013,,
03823,NH,4.935,14384.05765,07/15/2011,,
03055,NH,9.945,35841.47525,10/30/2014,,
03593,NH,5.72,20010.64191,10/01/2013,,
03753,NH,6.48,34133.34715,11/30/2014,,
03861,NH,6,22193.36988,12/01/2014,,
03237,NH,5.04,13007.27202,10/01/2013,,
03570,NH,4.8,15940.62547,05/06/2009,,
03444,NH,2.115,15066.96234,06/01/2010,,
03042,NH,8.46,35973.88132,04/09/2012,,
03036,NH,7.15,28148.62944,12/21/2014,,
03825,NH,4.8,20817.71756,01/15/2013,,
03576,NH,8.67,22305.11834,11/01/2014,,
03458,NH,0.9,5888.847266,07/30/2012,,
03431,NH,4.68,54407.08162,05/29/2009,,
03579,NH,2.94,19742.00671,09/30/2014,,
03038,NH,4.8,22303.56546,12/12/2014,,
03588,NH,4.1,21868.02405,10/01/2010,,
03249,NH,4.86,15550.18392,02/04/2013,,
03456,NH,2.94,35600.9188,05/30/2011,,
03458,NH,2.07,13492.84331,09/30/2010,,
03851,NH,5.61,18697.19594,12/01/2013,,
03304,NH,4.928,11539.29597,12/10/2011,,
03431,NH,3.68,27048.98927,11/01/2010,,
03281,NH,7.42,34270.36753,06/01/2014,,
03264,NH,3.5,19543.84881,11/09/2012,,
03768,NH,4.95,19247.26623,08/18/2014,,
03755,NH,3.75,13438.29214,12/31/2013,,
03768,NH,8.8,40831.78274,10/06/2014,,
03253,NH,3.68,19808.18889,10/01/2010,,
03602,NH,4.59,15507.89405,08/01/2014,,
03262,NH,4.05,14279.73274,04/30/2014,,
03882,NH,2.025,25509.60208,09/27/2010,,
03782,NH,4.845,22906.88123,04/26/2013,,
03110,NH,9.5,41048.56993,09/24/2013,,
03886,NH,5.61,23396.81604,11/01/2014,,
03103,NH,8.84,31459.74039,11/28/2014,,
03221,NH,3.3,21935.41757,10/30/2014,,
03833,NH,4.32,16766.41349,11/01/2012,,
03229,NH,6,15204.88469,10/01/2013,,
03583,NH,0.7,5840.59683,07/10/2009,,
03082,NH,3.22,17052.116,04/01/2011,,
03230,NH,3.18,20835.3543,07/01/2013,,
03036,NH,4.9,17591.70688,05/31/2013,,
03874,NH,30.24,,10/25/2011,,
03840,NH,4.8,20342.65303,10/01/2012,,
03259,NH,4.935,21108.68569,08/01/2011,,
03245,NH,5.75,23084.65959,06/28/2013,,
03224,NH,4.77,11841.50285,11/10/2013,,
03768,NH,4.4,17575.84232,12/16/2014,,
03266,NH,9.54,25901.20522,11/15/2013,,
03431,NH,9.9,64217.15439,04/16/2012,,
03082,NH,2.07,13492.84331,09/01/2010,,
03809,NH,6.48,22744.20336,11/01/2014,,
03770,NH,2.52,19974.52132,12/01/2011,,
03227,NH,11.04,43486.44222,07/25/2011,,
03070,NH,4.5,37735.43625,09/30/2012,,
03782,NH,5.5,21383.02994,09/17/2014,,
03457,NH,4.8,21903.6818,12/12/2011,,
03305,NH,8.91,27772.62914,11/30/2014,,
03466,NH,6.5,22782.66451,04/20/2014,,
03824,NH,4,16024.77566,06/01/2013,,
03263,NH,4.8,29273.93938,01/04/2011,,
03261,NH,4.8,17279.18629,07/01/2013,,
03458,NH,2.53,16603.24173,09/30/2010,,
03258,NH,9,11027.24951,11/17/2014,,
03590,NH,4.7,20456.02467,12/01/2011,,
03870,NH,2.4,19219.36127,12/09/2010,,
03103,NH,5.1,19161.73116,12/31/2014,,
03216,NH,8.64,28045.62205,06/30/2014,,
