Zipcode,State,Size (kW DC),Cost,Date Installed,Filters=state=OR
97071,OR,48.0,182400.0,09/12/2013,,
97071,OR,48.0,182400.0,09/17/2013,,
97038,OR,58.0,220400.0,09/10/2013,,
97761,OR,100.0,425000.0,11/13/2013,,
97306,OR,100.0,380000.0,10/08/2013,,
97520,OR,5.0,,08/08/2000,,
97501,OR,55.825,,10/01/2009,,
97850,OR,16.5,105750.0,05/07/2012,,
97862,OR,4.335,19675.0,07/01/2012,,
97862,OR,4.59,25186.0,07/01/2012,,
97838,OR,2.88,13865.0,07/01/2012,,
97828,OR,6.12,34944.0,07/01/2012,,
97824,OR,2.88,10512.0,07/01/2012,,
97801,OR,3.06,16674.0,07/01/2012,,
97801,OR,3.06,15988.0,07/01/2012,,
97801,OR,4.08,21250.0,07/01/2012,,
97760,OR,3.22,14490.0,07/01/2012,,
97760,OR,3.22,15222.0,07/01/2012,,
97760,OR,3.24,14742.0,07/01/2012,,
97759,OR,7.848,49000.0,07/01/2012,,
97756,OR,1.38,11750.0,07/01/2012,,
97756,OR,2.76,12144.0,07/01/2012,,
97756,OR,2.86,21750.0,07/01/2012,,
97756,OR,3.12,14664.0,07/01/2012,,
97756,OR,3.22,14115.0,07/01/2012,,
97756,OR,3.24,15228.0,07/01/2012,,
97756,OR,3.24,14742.0,07/01/2012,,
97754,OR,2.94,13230.0,07/01/2012,,
97754,OR,3.12,13728.0,07/01/2012,,
97754,OR,3.12,14664.0,07/01/2012,,
97754,OR,3.22,14168.0,07/01/2012,,
97754,OR,3.22,14165.0,07/01/2012,,
97754,OR,4.8,19104.0,07/01/2012,,
97754,OR,4.83,21252.0,07/01/2012,,
97753,OR,5.06,16880.0,07/01/2012,,
97753,OR,7.0,28427.0,07/01/2012,,
97741,OR,3.0,15831.0,07/01/2012,,
97739,OR,3.22,13793.0,07/01/2012,,
97739,OR,32.2,127800.0,10/23/2012,,
97736,OR,3.36,33970.0,07/01/2012,,
97734,OR,1.41,9245.0,07/01/2012,,
97734,OR,3.36,12200.0,07/01/2012,,
97708,OR,2.76,24850.0,07/01/2012,,
97702,OR,3.0,13500.0,07/01/2012,,
97702,OR,3.12,14664.0,07/01/2012,,
97702,OR,3.22,15094.0,07/01/2012,,
97702,OR,3.24,15228.0,07/01/2012,,
97702,OR,3.29,15957.0,07/01/2012,,
97702,OR,3.29,15957.0,07/01/2012,,
97702,OR,3.29,15957.0,07/01/2012,,
97702,OR,3.29,15956.0,07/01/2012,,
97701,OR,1.84,10199.0,07/01/2012,,
97701,OR,2.59,11396.0,07/01/2012,,
97701,OR,2.76,12134.0,07/01/2012,,
97701,OR,3.055,14817.0,07/01/2012,,
97701,OR,3.06,14382.0,07/01/2012,,
97701,OR,3.06,15342.0,07/01/2012,,
97701,OR,3.12,14664.0,07/01/2012,,
97701,OR,3.12,15132.0,07/01/2012,,
97701,OR,3.12,15132.0,07/01/2012,,
97701,OR,3.145,14782.0,07/01/2012,,
97701,OR,3.145,14382.0,07/01/2012,,
97701,OR,3.185,14969.0,07/01/2012,,
97701,OR,3.22,14165.0,07/01/2012,,
97701,OR,3.22,15617.0,07/01/2012,,
97701,OR,3.22,23140.0,07/01/2012,,
97701,OR,3.22,14165.0,07/01/2012,,
97701,OR,3.22,14490.0,07/01/2012,,
97701,OR,3.24,15228.0,07/01/2012,,
97701,OR,3.24,15228.0,07/01/2012,,
97701,OR,3.24,14742.0,07/01/2012,,
97701,OR,3.24,14742.0,07/01/2012,,
97701,OR,3.24,14742.0,07/01/2012,,
97701,OR,3.24,14742.0,07/01/2012,,
97701,OR,3.24,14742.0,07/01/2012,,
97701,OR,3.43,15378.0,07/01/2012,,
97701,OR,3.525,14100.0,07/01/2012,,
97701,OR,3.84,22277.0,07/01/2012,,
97701,OR,4.14,19134.0,07/01/2012,,
97701,OR,4.14,18636.0,07/01/2012,,
97701,OR,4.83,19079.0,07/01/2012,,
97701,OR,5.28,22979.0,07/01/2012,,
97701,OR,5.28,28958.0,07/01/2012,,
97701,OR,7.03,32994.0,07/01/2012,,
97603,OR,3.6,28200.0,07/01/2012,,
97603,OR,7.0,31864.0,07/01/2012,,
97540,OR,3.06,14073.0,07/01/2012,,
97540,OR,3.12,15595.0,07/01/2012,,
97539,OR,6.24,23168.0,07/01/2012,,
97537,OR,1.92,10520.0,07/01/2012,,
97537,OR,3.525,18506.0,07/01/2012,,
97537,OR,4.32,21169.0,07/01/2012,,
97537,OR,5.28,57420.0,07/01/2012,,
97530,OR,2.4,13200.0,07/01/2012,,
97530,OR,5.13,22145.0,07/01/2012,,
97527,OR,3.06,16888.0,07/01/2012,,
97527,OR,3.36,15755.0,07/01/2012,,
97527,OR,4.7,25850.0,07/01/2012,,
97527,OR,7.05,42300.0,07/01/2012,,
97526,OR,2.82,15510.0,07/01/2012,,
97526,OR,3.06,15567.0,07/01/2012,,
97526,OR,5.1,22560.0,07/01/2012,,
97526,OR,5.7,31584.0,07/01/2012,,
97525,OR,3.22,15957.0,07/01/2012,,
97525,OR,4.5,18916.0,07/01/2012,,
97524,OR,6.24,20093.0,07/01/2012,,
97520,OR,2.04,12893.0,07/01/2012,,
97520,OR,2.2,13750.0,07/01/2012,,
97520,OR,2.55,15375.0,07/01/2012,,
97520,OR,2.82,16595.0,07/01/2012,,
97520,OR,2.88,16707.0,07/01/2012,,
97520,OR,3.055,23210.0,07/01/2012,,
97520,OR,3.29,22970.0,07/01/2012,,
97520,OR,4.23,28045.0,07/01/2012,,
97520,OR,5.865,25747.0,07/01/2012,,
97504,OR,2.88,10599.0,07/01/2012,,
97504,OR,5.28,23652.0,07/01/2012,,
97502,OR,3.12,11890.0,07/01/2012,,
97502,OR,6.0,26532.0,07/01/2012,,
97502,OR,13.44,89376.0,10/22/2012,,
97502,OR,78.96,323420.0,10/31/2012,,
97501,OR,2.82,14000.0,07/01/2012,,
97501,OR,2.85,22733.0,07/01/2012,,
97501,OR,2.88,32651.0,07/01/2012,,
97501,OR,6.27,28136.0,07/01/2012,,
97501,OR,65.0,345000.0,07/09/2012,,
97501,OR,98.67,270228.0,05/18/2012,,
97496,OR,3.29,23659.0,07/01/2012,,
97487,OR,2.07,17000.0,07/01/2012,,
97486,OR,1.165,14993.0,07/01/2012,,
97479,OR,7.05,37000.0,07/01/2012,,
97478,OR,2.76,13281.0,07/01/2012,,
97478,OR,2.88,12980.0,07/01/2012,,
97478,OR,4.05,21251.0,07/01/2012,,
97477,OR,3.0,14060.0,07/01/2012,,
97471,OR,3.29,21484.0,07/01/2012,,
97470,OR,36.96,196560.0,03/09/2012,,
97456,OR,6.12,24847.0,07/01/2012,,
97455,OR,6.0,24680.0,07/01/2012,,
97448,OR,3.06,13790.0,07/01/2012,,
97423,OR,11.52,44034.0,10/30/2012,,
97420,OR,3.22,22325.0,07/01/2012,,
97420,OR,3.825,21995.0,07/01/2012,,
97415,OR,2.76,25656.0,07/01/2012,,
97410,OR,3.22,16430.0,07/01/2012,,
97408,OR,2.55,12617.0,07/01/2012,,
97408,OR,2.76,13887.0,07/01/2012,,
97408,OR,2.88,14820.0,07/01/2012,,
97408,OR,2.88,13705.0,07/01/2012,,
97405,OR,2.0,12290.0,07/01/2012,,
97405,OR,2.3,11499.0,07/01/2012,,
97405,OR,2.4,12430.0,07/01/2012,,
97405,OR,2.76,14580.0,07/01/2012,,
97405,OR,2.76,13280.0,07/01/2012,,
97405,OR,2.82,13329.0,07/01/2012,,
97405,OR,2.82,13930.0,07/01/2012,,
97405,OR,2.88,13570.0,07/01/2012,,
97405,OR,2.88,15100.0,07/01/2012,,
97405,OR,2.88,12931.0,07/01/2012,,
97405,OR,2.88,14380.0,07/01/2012,,
97405,OR,2.88,13705.0,07/01/2012,,
97405,OR,2.88,14180.0,07/01/2012,,
97405,OR,2.88,16290.0,07/01/2012,,
97405,OR,2.94,15580.0,07/01/2012,,
97405,OR,2.94,14090.0,07/01/2012,,
97405,OR,3.0,14140.0,07/01/2012,,
97405,OR,3.0,14100.0,07/01/2012,,
97405,OR,3.0,14997.0,07/01/2012,,
97405,OR,3.06,16296.0,07/01/2012,,
97405,OR,3.12,14275.0,07/01/2012,,
97405,OR,3.12,14970.0,07/01/2012,,
97405,OR,3.315,37905.0,07/01/2012,,
97405,OR,4.08,20425.0,07/01/2012,,
97405,OR,4.23,20516.0,07/01/2012,,
97405,OR,5.76,27956.0,07/01/2012,,
97405,OR,973.84,5512468.0,03/10/2012,,
97404,OR,2.4,12144.0,07/01/2012,,
97404,OR,2.82,13572.0,07/01/2012,,
97404,OR,2.88,12940.0,07/01/2012,,
97404,OR,3.08,12470.0,07/01/2012,,
97404,OR,3.76,30644.0,07/01/2012,,
97403,OR,2.76,14502.0,07/01/2012,,
97403,OR,2.88,14860.0,07/01/2012,,
97403,OR,3.75,18860.0,07/01/2012,,
97402,OR,2.76,15851.0,07/01/2012,,
97402,OR,2.76,13281.0,07/01/2012,,
97402,OR,2.88,15140.0,07/01/2012,,
97402,OR,2.88,14070.0,07/01/2012,,
97402,OR,2.88,13570.0,07/01/2012,,
97402,OR,2.94,14435.0,07/01/2012,,
97402,OR,4.165,19460.0,07/01/2012,,
97401,OR,2.0,11480.0,07/01/2012,,
97401,OR,2.295,12370.0,07/01/2012,,
97401,OR,2.45,12450.0,07/01/2012,,
97401,OR,2.88,14190.0,07/01/2012,,
97401,OR,2.88,13570.0,07/01/2012,,
97401,OR,2.88,14850.0,07/01/2012,,
97401,OR,3.0,14300.0,07/01/2012,,
97401,OR,3.06,15306.0,07/01/2012,,
97401,OR,4.32,20490.0,07/01/2012,,
97386,OR,2.82,20900.0,07/01/2012,,
97386,OR,3.29,22290.0,07/01/2012,,
97386,OR,6.0,28300.0,07/01/2012,,
97383,OR,2.55,12463.0,07/01/2012,,
97381,OR,3.29,27700.0,07/01/2012,,
97381,OR,3.76,31561.0,07/01/2012,,
97381,OR,9.0,33315.0,07/01/2012,,
97381,OR,51.48,245869.0,08/01/2012,,
97378,OR,7.05,26590.0,07/01/2012,,
97374,OR,4.9,31946.0,07/01/2012,,
97370,OR,3.0,13350.0,07/01/2012,,
97370,OR,3.06,21922.0,07/01/2012,,
97370,OR,3.25,15275.0,07/01/2012,,
97370,OR,3.76,24795.0,07/01/2012,,
97370,OR,4.0,16106.0,07/01/2012,,
97361,OR,2.99,12408.0,07/01/2012,,
97361,OR,7.65,29988.0,07/01/2012,,
97357,OR,2.0,11200.0,07/01/2012,,
97355,OR,2.99,12440.0,07/01/2012,,
97355,OR,3.22,15633.0,07/01/2012,,
97355,OR,3.52,22965.0,07/01/2012,,
97355,OR,3.76,26320.0,07/01/2012,,
97355,OR,6.0,23676.0,07/01/2012,,
97351,OR,2.82,23045.0,07/01/2012,,
97351,OR,2.99,12409.0,07/01/2012,,
97351,OR,5.1,20655.0,07/01/2012,,
97348,OR,2.99,12440.0,07/01/2012,,
97338,OR,5.06,20493.0,07/01/2012,,
97333,OR,2.6,11050.0,07/01/2012,,
97333,OR,2.88,12099.0,07/01/2012,,
97333,OR,3.0,13570.0,07/01/2012,,
97333,OR,3.0,14390.0,07/01/2012,,
97333,OR,3.06,14684.0,07/01/2012,,
97333,OR,3.06,14551.0,07/01/2012,,
97333,OR,3.06,14734.0,07/01/2012,,
97333,OR,3.25,15275.0,07/01/2012,,
97333,OR,3.25,14788.0,07/01/2012,,
97333,OR,3.29,27217.0,07/01/2012,,
97333,OR,3.36,16300.0,07/01/2012,,
97333,OR,3.57,15057.0,07/01/2012,,
97333,OR,3.825,22988.0,07/01/2012,,
97333,OR,4.0,16762.0,07/01/2012,,
97330,OR,2.295,11900.0,07/01/2012,,
97330,OR,2.55,11478.0,07/01/2012,,
97330,OR,2.97,16714.0,07/01/2012,,
97330,OR,3.06,22559.0,07/01/2012,,
97330,OR,3.06,14725.0,07/01/2012,,
97330,OR,3.5,13900.0,07/01/2012,,
97330,OR,3.64,17710.0,07/01/2012,,
97330,OR,3.995,19990.0,07/01/2012,,
97330,OR,4.0,18928.0,07/01/2012,,
97330,OR,4.08,11840.0,07/01/2012,,
97330,OR,4.2,21280.0,07/01/2012,,
97330,OR,4.25,17509.0,07/01/2012,,
97330,OR,4.845,18819.0,07/01/2012,,
97330,OR,8.16,34375.0,07/01/2012,,
97327,OR,8.82,40572.0,07/01/2012,,
97327,OR,15.18,65350.0,07/01/2012,,
97326,OR,3.29,13000.0,07/01/2012,,
97326,OR,5.76,29487.0,07/01/2012,,
97322,OR,1.88,14453.0,07/01/2012,,
97322,OR,4.0,19806.0,07/01/2012,,
97321,OR,3.06,14954.0,07/01/2012,,
97321,OR,3.22,15633.0,07/01/2012,,
97321,OR,3.76,29270.0,07/01/2012,,
97321,OR,3.76,25180.0,07/01/2012,,
97321,OR,4.59,20531.0,07/01/2012,,
97321,OR,8.16,30447.0,07/01/2012,,
97306,OR,2.25,12500.0,07/01/2012,,
97306,OR,4.94,22230.0,07/01/2012,,
97306,OR,5.28,25080.0,07/01/2012,,
97306,OR,7.848,37440.0,07/01/2012,,
97305,OR,2.76,14076.0,07/01/2012,,
97305,OR,3.22,27370.0,07/01/2012,,
97305,OR,3.25,14787.0,07/01/2012,,
97304,OR,3.76,20928.0,07/01/2012,,
97304,OR,4.7,30262.0,07/01/2012,,
97303,OR,2.88,13883.0,07/01/2012,,
97303,OR,4.23,27883.0,07/01/2012,,
97303,OR,75.529,81200.0,08/15/2012,,
97302,OR,2.94,12348.0,07/01/2012,,
97302,OR,3.76,19590.0,07/01/2012,,
97302,OR,4.56,23758.0,07/01/2012,,
97302,OR,4.7,34545.0,07/01/2012,,
97302,OR,5.76,30010.0,07/01/2012,,
97302,OR,41.85,204970.0,12/12/2012,,
97301,OR,3.225,16802.0,07/01/2012,,
97301,OR,4.23,22038.0,07/01/2012,,
97301,OR,18.48,78904.0,08/12/2012,,
97267,OR,3.29,15957.0,07/01/2012,,
97267,OR,3.29,17108.0,07/01/2012,,
97267,OR,5.76,29972.0,07/01/2012,,
97233,OR,3.29,14970.0,07/01/2012,,
97232,OR,3.06,17580.0,07/01/2012,,
97232,OR,7.0,42880.0,03/09/2012,,
97232,OR,95.41,499950.0,10/17/2012,,
97231,OR,3.36,34487.0,07/01/2012,,
97230,OR,3.29,14970.0,07/01/2012,,
97230,OR,3.36,19634.0,07/01/2012,,
97230,OR,3.84,20838.0,07/01/2012,,
97230,OR,5.16,26884.0,07/01/2012,,
97230,OR,10.81,38489.0,07/01/2012,,
97229,OR,2.4,11940.0,07/01/2012,,
97229,OR,2.6,14176.0,07/01/2012,,
97229,OR,3.06,21000.0,07/01/2012,,
97229,OR,3.06,16412.0,07/01/2012,,
97229,OR,3.22,16744.0,07/01/2012,,
97229,OR,3.24,15714.0,07/01/2012,,
97229,OR,3.25,15275.0,07/01/2012,,
97229,OR,3.25,15275.0,07/01/2012,,
97229,OR,3.25,14788.0,07/01/2012,,
97229,OR,3.25,14787.0,07/01/2012,,
97229,OR,3.25,15762.0,07/01/2012,,
97229,OR,3.25,14970.0,07/01/2012,,
97229,OR,3.43,14970.0,07/01/2012,,
97229,OR,3.43,14970.0,07/01/2012,,
97229,OR,3.43,14970.0,07/01/2012,,
97229,OR,3.6,17910.0,07/01/2012,,
97229,OR,3.84,19104.0,07/01/2012,,
97229,OR,4.335,21025.0,07/01/2012,,
97229,OR,5.16,26884.0,07/01/2012,,
97229,OR,5.52,28656.0,07/01/2012,,
97229,OR,6.24,31044.0,07/01/2012,,
97229,OR,6.24,29640.0,07/01/2012,,
97229,OR,6.48,32238.0,07/01/2012,,
97227,OR,3.5,15137.0,07/01/2012,,
97227,OR,15.288,102660.0,06/13/2012,,
97225,OR,2.805,14726.0,07/01/2012,,
97225,OR,3.0,17570.0,07/01/2012,,
97225,OR,4.32,15388.0,07/01/2012,,
97224,OR,2.55,19013.0,07/01/2012,,
97224,OR,3.25,18031.0,07/01/2012,,
97224,OR,4.08,27480.0,07/01/2012,,
97223,OR,3.29,25445.0,07/01/2012,,
97223,OR,22.56,74264.0,01/26/2012,,
97222,OR,3.29,16944.0,07/01/2012,,
97222,OR,3.29,14970.0,07/01/2012,,
97222,OR,3.29,14970.0,07/01/2012,,
97222,OR,3.29,15957.0,07/01/2012,,
97222,OR,3.29,17108.0,07/01/2012,,
97222,OR,4.8,25008.0,07/01/2012,,
97221,OR,3.24,14742.0,07/01/2012,,
97221,OR,4.08,23460.0,07/01/2012,,
97220,OR,3.22,15134.0,07/01/2012,,
97220,OR,3.29,14970.0,07/01/2012,,
97220,OR,500.25,1050000.0,05/12/2012,,
97219,OR,2.35,13513.0,07/01/2012,,
97217,OR,2.55,17025.0,07/01/2012,,
97217,OR,2.805,16120.0,07/01/2012,,
97217,OR,3.06,17889.0,07/01/2012,,
97217,OR,3.06,16524.0,07/01/2012,,
97217,OR,3.24,15714.0,07/01/2012,,
97217,OR,3.25,14788.0,07/01/2012,,
97217,OR,4.23,22038.0,07/01/2012,,
97217,OR,5.559,30315.0,07/01/2012,,
97217,OR,42.02,499995.0,02/13/2012,,
97216,OR,3.185,14520.0,07/01/2012,,
97215,OR,2.94,14113.0,07/01/2012,,
97215,OR,3.0,14100.0,07/01/2012,,
97215,OR,3.29,17898.0,07/01/2012,,
97215,OR,4.32,22507.0,07/01/2012,,
97215,OR,4.7,24487.0,07/01/2012,,
97214,OR,3.0,14100.0,07/01/2012,,
97214,OR,3.06,15912.0,07/01/2012,,
97214,OR,3.185,14970.0,07/01/2012,,
97214,OR,3.24,15714.0,07/01/2012,,
97214,OR,3.25,14625.0,07/01/2012,,
97214,OR,3.29,17108.0,07/01/2012,,
97214,OR,4.0,18200.0,07/01/2012,,
97214,OR,5.0,22750.0,07/01/2012,,
97213,OR,2.295,12843.0,07/01/2012,,
97213,OR,2.55,15575.0,07/01/2012,,
97213,OR,2.805,16848.0,07/01/2012,,
97213,OR,3.06,18824.0,07/01/2012,,
97213,OR,3.29,15956.0,07/01/2012,,
97213,OR,3.96,22440.0,07/01/2012,,
97213,OR,4.08,23652.0,07/01/2012,,
97213,OR,4.335,23409.0,07/01/2012,,
97213,OR,6.24,32510.0,07/01/2012,,
97212,OR,2.76,12528.0,07/01/2012,,
97212,OR,2.88,14328.0,07/01/2012,,
97212,OR,3.06,17124.0,07/01/2012,,
97212,OR,3.29,15463.0,07/01/2012,,
97211,OR,2.295,12393.0,07/01/2012,,
97211,OR,2.805,15477.0,07/01/2012,,
97211,OR,3.06,17213.0,07/01/2012,,
97211,OR,3.06,17889.0,07/01/2012,,
97211,OR,3.06,13923.0,07/01/2012,,
97211,OR,3.25,14787.0,07/01/2012,,
97211,OR,3.315,20856.0,07/01/2012,,
97211,OR,3.825,14253.0,07/01/2012,,
97211,OR,4.08,23052.0,07/01/2012,,
97211,OR,5.76,28656.0,07/01/2012,,
97211,OR,9.95,54950.0,01/13/2012,,
97210,OR,26.085,149286.0,02/20/2012,,
97206,OR,3.29,15956.0,07/01/2012,,
97206,OR,3.29,14970.0,07/01/2012,,
97206,OR,3.68,19173.0,07/01/2012,,
97206,OR,4.23,15863.0,07/01/2012,,
97206,OR,5.39,28742.0,07/01/2012,,
97203,OR,24.0,108092.0,10/31/2012,,
97202,OR,2.04,13260.0,07/01/2012,,
97202,OR,3.06,21635.0,07/01/2012,,
97202,OR,3.24,14742.0,07/01/2012,,
97202,OR,3.25,15275.0,07/01/2012,,
97202,OR,3.25,14787.0,07/01/2012,,
97202,OR,4.18,20796.0,07/01/2012,,
97202,OR,5.28,24288.0,07/01/2012,,
97201,OR,5.28,27509.0,07/01/2012,,
97140,OR,3.22,17965.0,07/01/2012,,
97140,OR,3.25,14787.0,07/01/2012,,
97140,OR,3.29,16944.0,07/01/2012,,
97140,OR,4.165,17832.0,07/01/2012,,
97140,OR,6.24,32510.0,07/01/2012,,
97132,OR,2.585,13184.0,07/01/2012,,
97132,OR,3.185,15005.0,07/01/2012,,
97132,OR,4.6,29950.0,07/01/2012,,
97128,OR,3.06,17824.0,01/27/2012,,
97128,OR,3.29,25264.0,07/01/2012,,
97128,OR,5.46,24574.0,07/01/2012,,
97128,OR,6.48,32785.0,07/01/2012,,
97128,OR,31.68,134770.0,10/16/2012,,
97124,OR,2.16,11645.0,07/01/2012,,
97124,OR,3.06,16559.0,07/01/2012,,
97124,OR,3.25,15275.0,07/01/2012,,
97124,OR,3.29,17602.0,07/01/2012,,
97124,OR,4.68,24167.0,07/01/2012,,
97124,OR,5.04,25074.0,07/01/2012,,
97124,OR,5.52,28759.0,07/01/2012,,
97124,OR,5.52,27600.0,07/01/2012,,
97124,OR,62.51,256041.0,09/28/2012,,
97124,OR,102.96,471848.0,07/31/2012,,
97123,OR,3.25,14787.0,07/01/2012,,
97123,OR,3.25,14788.0,07/01/2012,,
97123,OR,3.29,26916.0,07/01/2012,,
97123,OR,3.36,17196.0,07/01/2012,,
97123,OR,3.36,17998.0,07/01/2012,,
97123,OR,5.59,27810.0,07/01/2012,,
97123,OR,5.76,30010.0,07/01/2012,,
97123,OR,91.0,327600.0,07/31/2012,,
97116,OR,8.82,39826.0,08/23/2012,,
97116,OR,41.0,281650.0,10/15/2012,,
97115,OR,3.64,19292.0,07/01/2012,,
97115,OR,4.935,21753.0,07/01/2012,,
97114,OR,7.92,39320.0,07/01/2012,,
97113,OR,5.04,23820.0,07/01/2012,,
97111,OR,7.92,39402.0,07/01/2012,,
97111,OR,36.66,255721.0,01/12/2012,,
97106,OR,41.36,140700.0,04/01/2012,,
97103,OR,3.76,28353.0,07/01/2012,,
97089,OR,2.88,15004.0,07/01/2012,,
97089,OR,3.06,17610.0,07/01/2012,,
97089,OR,3.22,16297.0,07/01/2012,,
97089,OR,3.22,16295.0,07/01/2012,,
97089,OR,3.29,14970.0,07/01/2012,,
97089,OR,3.29,17108.0,07/01/2012,,
97086,OR,2.55,19462.0,07/01/2012,,
97086,OR,3.22,21941.0,07/01/2012,,
97086,OR,3.22,16583.0,07/01/2012,,
97086,OR,3.24,14742.0,07/01/2012,,
97086,OR,3.25,15275.0,07/01/2012,,
97086,OR,3.25,15275.0,07/01/2012,,
97086,OR,3.29,16450.0,07/01/2012,,
97086,OR,3.29,15957.0,07/01/2012,,
97086,OR,3.29,17108.0,07/01/2012,,
97086,OR,3.29,17108.0,07/01/2012,,
97086,OR,4.08,21624.0,07/01/2012,,
97086,OR,5.64,28295.0,07/01/2012,,
97080,OR,1.88,10902.0,07/01/2012,,
97080,OR,2.35,10693.0,07/01/2012,,
97080,OR,2.5,11375.0,07/01/2012,,
97080,OR,3.25,14788.0,07/01/2012,,
97080,OR,3.25,15275.0,07/01/2012,,
97080,OR,3.29,14970.0,07/01/2012,,
97080,OR,3.29,14970.0,07/01/2012,,
97080,OR,3.29,14970.0,07/01/2012,,
97080,OR,3.29,14970.0,07/01/2012,,
97080,OR,3.29,14970.0,07/01/2012,,
97080,OR,3.29,14970.0,07/01/2012,,
97080,OR,3.29,14970.0,07/01/2012,,
97080,OR,3.29,14970.0,07/01/2012,,
97080,OR,3.29,14970.0,07/01/2012,,
97080,OR,3.29,15957.0,07/01/2012,,
97080,OR,3.3,17193.0,07/01/2012,,
97080,OR,4.08,23256.0,07/01/2012,,
97080,OR,4.5,19575.0,07/01/2012,,
97071,OR,6.12,24510.0,07/01/2012,,
97070,OR,2.04,15700.0,07/01/2012,,
97070,OR,2.82,21176.0,07/01/2012,,
97070,OR,2.99,16071.0,07/01/2012,,
97070,OR,3.12,16255.0,07/01/2012,,
97070,OR,3.22,15588.0,07/01/2012,,
97070,OR,3.22,14651.0,07/01/2012,,
97070,OR,3.57,19255.0,07/01/2012,,
97070,OR,4.08,18799.0,07/01/2012,,
97068,OR,2.0,14550.0,07/01/2012,,
97068,OR,2.75,13375.0,07/01/2012,,
97068,OR,3.06,13923.0,07/01/2012,,
97068,OR,3.22,13226.0,07/01/2012,,
97068,OR,3.22,15134.0,07/01/2012,,
97068,OR,3.29,16645.0,07/01/2012,,
97068,OR,3.29,15957.0,07/01/2012,,
97068,OR,3.36,15792.0,07/01/2012,,
97068,OR,4.7,22795.0,07/01/2012,,
97062,OR,4.08,18854.0,07/01/2012,,
97062,OR,4.32,23090.0,07/01/2012,,
97060,OR,3.36,16716.0,07/01/2012,,
97060,OR,4.62,24070.0,07/01/2012,,
97060,OR,6.37,30308.0,07/01/2012,,
97058,OR,1.84,16654.0,07/01/2012,,
97058,OR,6.885,28183.0,07/01/2012,,
97055,OR,3.22,19844.0,07/01/2012,,
97055,OR,3.29,15776.0,07/01/2012,,
97055,OR,3.29,15298.0,07/01/2012,,
97055,OR,3.36,15792.0,07/01/2012,,
97055,OR,3.36,15792.0,07/01/2012,,
97055,OR,3.36,16325.0,07/01/2012,,
97055,OR,3.5,16275.0,07/01/2012,,
97055,OR,3.68,17848.0,07/01/2012,,
97055,OR,3.76,19048.0,07/01/2012,,
97055,OR,3.78,18048.0,07/01/2012,,
97055,OR,5.64,39480.0,07/01/2012,,
97055,OR,5.76,27205.0,07/01/2012,,
97055,OR,6.11,31833.0,07/01/2012,,
97051,OR,2.25,12334.0,07/01/2012,,
97045,OR,3.22,16100.0,07/01/2012,,
97045,OR,3.22,15134.0,07/01/2012,,
97045,OR,3.22,16271.0,07/01/2012,,
97045,OR,3.29,15298.0,07/01/2012,,
97045,OR,3.29,15630.0,07/01/2012,,
97045,OR,3.29,14970.0,07/01/2012,,
97045,OR,3.29,14970.0,07/01/2012,,
97045,OR,3.29,14970.0,07/01/2012,,
97045,OR,3.29,16450.0,07/01/2012,,
97045,OR,3.29,17108.0,07/01/2012,,
97045,OR,3.29,17108.0,07/01/2012,,
97045,OR,3.76,19535.0,07/01/2012,,
97045,OR,4.085,21283.0,07/01/2012,,
97045,OR,10.92,54650.0,07/01/2012,,
97045,OR,35.75,180656.0,03/08/2012,,
97042,OR,2.3,11500.0,07/01/2012,,
97040,OR,4.32,27285.0,07/01/2012,,
97039,OR,5.28,24467.0,07/01/2012,,
97038,OR,3.29,14970.0,07/01/2012,,
97038,OR,3.29,15957.0,07/01/2012,,
97035,OR,3.25,15290.0,07/01/2012,,
97035,OR,3.29,14970.0,07/01/2012,,
97035,OR,4.32,22507.0,07/01/2012,,
97035,OR,4.465,19423.0,07/01/2012,,
97034,OR,3.24,15275.0,07/01/2012,,
97034,OR,3.29,14970.0,07/01/2012,,
97034,OR,3.29,14970.0,07/01/2012,,
97031,OR,2.5,12000.0,07/01/2012,,
97031,OR,2.55,12000.0,07/01/2012,,
97031,OR,3.06,13079.0,07/01/2012,,
97031,OR,3.22,13995.0,07/01/2012,,
97031,OR,3.24,16848.0,07/01/2012,,
97031,OR,4.32,22507.0,07/01/2012,,
97031,OR,4.8,18776.0,07/01/2012,,
97031,OR,5.1,22016.0,07/01/2012,,
97031,OR,5.61,21599.0,07/01/2012,,
97031,OR,6.615,22614.0,07/01/2012,,
97031,OR,8.085,25400.0,07/01/2012,,
97030,OR,3.25,15275.0,07/01/2012,,
97030,OR,3.25,14788.0,07/01/2012,,
97030,OR,3.29,14970.0,07/01/2012,,
97030,OR,3.29,14970.0,07/01/2012,,
97030,OR,5.64,25662.0,07/01/2012,,
97030,OR,50.4,212554.0,06/15/2012,,
97027,OR,3.36,18041.0,07/01/2012,,
97027,OR,4.14,21771.0,07/01/2012,,
97026,OR,3.29,25120.0,07/01/2012,,
97024,OR,3.25,14788.0,07/01/2012,,
97023,OR,3.22,15134.0,07/01/2012,,
97023,OR,3.22,17050.0,07/01/2012,,
97023,OR,3.29,14970.0,07/01/2012,,
97022,OR,3.29,15957.0,07/01/2012,,
97022,OR,5.04,27010.0,07/01/2012,,
97019,OR,3.06,16200.0,07/01/2012,,
97019,OR,3.06,17000.0,07/01/2012,,
97019,OR,3.25,14788.0,07/01/2012,,
97017,OR,3.29,25986.0,07/01/2012,,
97017,OR,3.29,15957.0,07/01/2012,,
97015,OR,2.94,13045.0,07/01/2012,,
97015,OR,3.29,14970.0,07/01/2012,,
97015,OR,3.29,17108.0,07/01/2012,,
97015,OR,3.315,18285.0,07/01/2012,,
97013,OR,3.22,18478.0,07/01/2012,,
97013,OR,3.22,16600.0,07/01/2012,,
97013,OR,3.22,18861.0,07/01/2012,,
97013,OR,3.22,16100.0,07/01/2012,,
97013,OR,3.22,17100.0,07/01/2012,,
97013,OR,3.25,14787.0,07/01/2012,,
97013,OR,3.29,14970.0,07/01/2012,,
97013,OR,3.29,17108.0,07/01/2012,,
97013,OR,3.36,14570.0,07/01/2012,,
97009,OR,3.08,15323.0,07/01/2012,,
97009,OR,3.29,15791.0,07/01/2012,,
97009,OR,3.29,17108.0,07/01/2012,,
97009,OR,3.68,31050.0,07/01/2012,,
97009,OR,4.32,21671.0,07/01/2012,,
97009,OR,5.52,39744.0,07/01/2012,,
97009,OR,6.11,29328.0,07/01/2012,,
97008,OR,2.04,16995.0,07/01/2012,,
97008,OR,3.06,22400.0,07/01/2012,,
97008,OR,6.24,32510.0,07/01/2012,,
97007,OR,3.22,19589.0,07/01/2012,,
97007,OR,3.25,14787.0,07/01/2012,,
97007,OR,3.29,25781.0,07/01/2012,,
97007,OR,3.36,13280.0,07/01/2012,,
97007,OR,3.5,17109.0,07/01/2012,,
97007,OR,3.68,17180.0,07/01/2012,,
97007,OR,4.0,19400.0,07/01/2012,,
97007,OR,4.32,22507.0,07/01/2012,,
97007,OR,4.7,24487.0,07/01/2012,,
97006,OR,2.82,14692.0,07/01/2012,,
97006,OR,3.25,14787.0,07/01/2012,,
97006,OR,3.25,14787.0,07/01/2012,,
97006,OR,3.25,14787.0,07/01/2012,,
97006,OR,3.43,14970.0,07/01/2012,,
97006,OR,3.43,15956.0,07/01/2012,,
97006,OR,3.43,14970.0,07/01/2012,,
97006,OR,3.43,14970.0,07/01/2012,,
97006,OR,3.43,14970.0,07/01/2012,,
97006,OR,3.43,14970.0,07/01/2012,,
97006,OR,3.43,14970.0,07/01/2012,,
97006,OR,5.28,27509.0,07/01/2012,,
97005,OR,3.06,17515.0,07/01/2012,,
97005,OR,5.28,27509.0,07/01/2012,,
97005,OR,70.0,427000.0,10/31/2012,,
97004,OR,2.76,25684.0,07/01/2012,,
97004,OR,5.76,37422.0,07/01/2012,,
97002,OR,3.29,17108.0,07/01/2012,,
97002,OR,3.5,13700.0,07/01/2012,,
97002,OR,4.08,27600.0,07/01/2012,,
97002,OR,1690.445,9750000.0,01/19/2012,,
97846,OR,4.95,29000.0,04/16/2012,,
97838,OR,360.64,1338876.92,06/05/2012,,
97828,OR,9.9,70000.0,04/17/2012,,
97828,OR,9.9,70000.0,04/17/2012,,
97828,OR,9.9,,03/06/2012,,
97828,OR,10.0,,06/07/2012,,
97828,OR,10.0,62000.0,02/16/2012,,
97828,OR,32.175,155200.0,04/17/2012,,
97801,OR,9.87,,10/08/2012,,
97801,OR,9.87,,10/08/2012,,
97801,OR,9.87,,10/02/2012,,
97756,OR,4.08,20298.0,08/27/2012,,
97756,OR,4.32,34473.6,08/27/2012,,
97756,OR,7.2,,12/18/2012,,
97754,OR,9.165,73136.7,05/08/2012,,
97754,OR,9.165,73136.7,05/04/2012,,
97754,OR,9.165,73136.7,05/08/2012,,
97754,OR,9.165,73136.7,05/08/2012,,
97754,OR,9.165,73136.7,05/08/2012,,
97754,OR,9.165,73136.7,05/04/2012,,
97754,OR,9.165,73136.7,05/08/2012,,
97754,OR,9.165,73136.7,05/04/2012,,
97754,OR,9.165,73136.7,05/04/2012,,
97754,OR,9.165,73136.7,05/08/2012,,
97754,OR,9.165,73136.7,05/08/2012,,
97754,OR,9.165,73136.7,05/04/2012,,
97754,OR,9.165,73136.7,05/04/2012,,
97754,OR,9.66,,12/11/2012,,
97754,OR,9.9,37000.0,10/02/2012,,
97754,OR,10.0,58000.0,04/02/2012,,
97753,OR,9.36,43992.0,06/21/2012,,
97741,OR,6.72,,11/06/2012,,
97702,OR,4.9,8575.0,01/10/2012,,
97633,OR,10.0,,10/03/2012,,
97633,OR,10.0,,08/01/2012,,
97633,OR,10.0,,08/01/2012,,
97633,OR,10.0,,10/03/2012,,
97633,OR,10.0,,10/03/2012,,
97633,OR,10.0,,07/25/2012,,
97633,OR,10.0,42550.0,10/03/2012,,
97633,OR,10.0,42550.0,11/09/2012,,
97633,OR,10.0,,07/25/2012,,
97633,OR,10.0,29750.0,11/09/2012,,
97632,OR,3.0,,12/07/2012,,
97632,OR,10.0,54900.0,01/19/2012,,
97632,OR,10.0,54900.0,02/06/2012,,
97627,OR,10.0,54900.0,01/30/2012,,
97623,OR,9.9,67105.0,07/17/2012,,
97623,OR,10.0,44000.0,06/02/2012,,
97623,OR,10.0,53500.0,01/25/2012,,
97623,OR,10.0,53500.0,01/09/2012,,
97623,OR,10.0,53500.0,01/25/2012,,
97603,OR,7.68,,09/21/2012,,
97603,OR,9.9,,04/19/2012,,
97603,OR,9.9,73755.0,01/12/2012,,
97603,OR,10.0,43627.0,05/30/2012,,
97601,OR,3.84,25354.0,01/25/2012,,
97601,OR,5.72,,11/06/2012,,
97601,OR,7.0,,12/28/2012,,
97601,OR,9.9,39290.5,10/04/2012,,
97601,OR,9.9,,09/07/2012,,
97601,OR,9.9,59400.0,02/17/2012,,
97601,OR,10.0,43000.0,08/01/2012,,
97601,OR,10.0,43000.0,08/01/2012,,
97601,OR,10.0,,10/03/2012,,
97526,OR,97.76,441089.0,03/23/2012,,
97523,OR,9.8,58652.0,01/30/2012,,
97520,OR,9.75,48397.0,07/02/2012,,
97504,OR,9.9,,08/03/2012,,
97501,OR,9.87,,07/09/2012,,
97426,OR,3.76,30004.8,08/24/2012,,
97408,OR,9.9,,01/04/2012,,
97383,OR,4.23,33755.4,03/06/2012,,
97377,OR,5.28,,12/03/2012,,
97371,OR,6.54,37900.0,06/04/2012,,
97368,OR,8.28,,12/19/2012,,
97355,OR,9.84,,07/23/2012,,
97352,OR,4.32,21492.0,08/03/2012,,
97352,OR,5.28,27163.5,10/08/2012,,
97352,OR,9.9,49252.5,10/17/2012,,
97351,OR,8.4,,12/24/2012,,
97351,OR,9.6,47760.0,09/27/2012,,
97338,OR,6.58,52508.4,01/04/2012,,
97333,OR,5.28,,12/17/2012,,
97333,OR,9.03,,12/11/2012,,
97330,OR,5.52,,12/11/2012,,
97325,OR,6.96,,11/07/2012,,
97322,OR,77.28,,09/25/2012,,
97322,OR,99.82,,06/28/2012,,
97321,OR,9.6,42984.0,10/17/2012,,
97321,OR,9.6,,11/07/2012,,
97321,OR,9.6,,09/25/2012,,
97321,OR,9.6,,09/11/2012,,
97321,OR,9.719,,12/03/2012,,
97321,OR,9.72,,07/03/2012,,
97321,OR,9.89,20618.0,12/19/2012,,
97321,OR,68.77,,09/26/2012,,
97321,OR,99.82,,09/05/2012,,
97220,OR,1.84,18753.0,02/17/2012,,
97220,OR,3.87,,02/17/2012,,
97220,OR,4.23,33755.4,04/30/2012,,
97220,OR,4.7,23382.5,01/30/2012,,
97218,OR,2.88,,12/03/2012,,
97218,OR,4.59,23554.85,05/07/2012,,
97216,OR,4.8,,10/29/2012,,
97213,OR,10.0,48722.8,09/28/2012,,
97146,OR,9.0,,12/27/2012,,
97110,OR,6.345,50633.1,05/11/2012,,
97039,OR,9.45,74769.0,04/10/2012,,
97031,OR,6.24,43555.2,07/11/2012,,
97031,OR,6.345,23871.4,08/28/2012,,
97031,OR,6.58,25053.7,08/01/2012,,
97031,OR,6.58,,12/18/2012,,
97031,OR,9.68,,12/18/2012,,
97330,OR,37.0,145000.0,05/08/2013,,
97333,OR,289.17,,01/11/2013,,
97333,OR,481.95,,01/09/2013,,
97527,OR,9.72,,12/15/2011,,
97862,OR,4.335,19000.0,09/15/2012,,
97031,OR,3.22,13990.0,09/10/2012,,
97405,OR,2.15,,07/01/2010,,
97401,OR,32.0,,02/01/2008,,
97220,OR,497.3,,03/28/2012,,
97058,OR,2.16,18000.0,08/07/2007,,
97058,OR,0.33,6000.0,11/07/2007,,
97058,OR,2.992,27599.0,12/07/2007,,
97846,OR,4.08,62280.0,08/08/2008,,
97862,OR,3.52,39540.0,11/08/2008,,
97058,OR,1.188,19000.0,11/08/2008,,
97031,OR,3.168,25094.0,08/01/2009,,
97058,OR,7.4,37000.0,10/07/2009,,
97801,OR,5.04,35280.0,11/12/2009,,
97031,OR,35.0,262500.0,12/15/2009,,
97058,OR,25.0,156250.0,07/01/2010,,
97039,OR,20.0,140000.0,11/10/2010,,
97031,OR,4.5,12000.0,01/20/2011,,
97641,OR,150.0,750000.0,07/01/2011,,
97039,OR,9.45,62000.0,10/01/2011,,
97031,OR,3.75,20000.0,11/01/2011,,
97031,OR,4.8,34000.0,04/04/2012,,
97039,OR,5.28,42000.0,05/12/2012,,
97058,OR,6.88,32000.0,05/30/2012,,
97058,OR,2.8,8500.0,07/05/2012,,
97058,OR,1.44,14000.0,07/20/2012,,
97204,OR,0.9,11500.0,04/15/2012,,
97504,OR,55.86,336900.0,05/20/2011,,
97396,OR,3.78,,01/04/2011,,
97381,OR,9.6,,01/27/2011,,
97381,OR,7.14,,02/04/2011,,
97381,OR,2.52,,04/08/2011,,
97317,OR,2.73,,03/23/2011,,
97305,OR,5.04,,01/14/2011,,
97302,OR,6.11,,02/22/2011,,
97302,OR,5.04,,12/21/2010,,
97267,OR,6.3,,01/31/2011,,
97267,OR,4.62,,04/13/2011,,
97236,OR,5.17,,02/22/2011,,
97231,OR,2.73,,03/23/2011,,
97229,OR,7.74,,11/19/2010,,
97229,OR,6.3,,06/30/2011,,
97229,OR,5.46,,01/25/2011,,
97229,OR,5.04,,01/25/2011,,
97229,OR,3.225,,12/16/2010,,
97229,OR,2.58,,12/03/2010,,
97225,OR,6.51,,11/09/2010,,
97224,OR,7.56,,12/29/2010,,
97224,OR,3.78,,01/04/2011,,
97223,OR,4.7,,03/10/2011,,
97223,OR,4.2,,03/25/2011,,
97223,OR,4.2,,05/02/2011,,
97223,OR,3.78,,03/02/2011,,
97222,OR,8.19,,12/16/2010,,
97222,OR,5.16,,11/18/2010,,
97222,OR,4.6,,08/01/2011,,
97222,OR,2.73,,12/30/2010,,
97221,OR,7.755,,02/25/2011,,
97219,OR,2.82,,09/20/2011,,
97217,OR,6.93,,07/05/2011,,
97217,OR,4.62,,05/24/2011,,
97217,OR,3.78,,04/14/2011,,
97217,OR,3.01,,10/07/2011,,
97215,OR,4.62,,04/15/2011,,
97213,OR,3.15,,01/04/2011,,
97211,OR,3.78,,02/04/2011,,
97206,OR,3.15,,02/15/2011,,
97206,OR,3.15,,02/22/2011,,
97206,OR,2.94,,04/29/2011,,
97206,OR,2.82,,03/30/2011,,
97206,OR,2.73,,02/02/2011,,
97206,OR,2.73,,04/20/2011,,
97206,OR,1.89,,06/21/2011,,
97203,OR,5.46,,03/03/2011,,
97203,OR,5.04,,02/08/2011,,
97203,OR,3.76,,05/24/2011,,
97203,OR,2.94,,03/07/2011,,
97203,OR,2.52,,05/09/2011,,
97202,OR,2.52,,05/19/2011,,
97140,OR,6.02,,07/08/2011,,
97140,OR,5.46,,02/08/2011,,
97140,OR,3.15,,04/06/2011,,
97132,OR,8.385,,09/06/2011,,
97132,OR,4.2,,01/14/2011,,
97124,OR,394.68,,01/27/2011,,
97124,OR,394.68,,01/27/2011,,
97124,OR,4.2,,02/09/2011,,
97124,OR,3.15,,04/05/2011,,
97124,OR,3.15,,08/15/2011,,
97123,OR,5.59,,01/07/2011,,
97123,OR,5.04,,05/24/2011,,
97123,OR,4.7,,05/31/2011,,
97123,OR,2.31,,01/28/2011,,
97115,OR,8.46,,01/18/2011,,
97113,OR,5.17,,04/01/2011,,
97103,OR,49.35,,07/14/2011,,
97086,OR,6.11,,12/16/2010,,
97086,OR,4.23,,02/23/2011,,
97086,OR,2.76,,09/07/2011,,
97086,OR,2.52,,05/24/2011,,
97086,OR,2.115,,06/10/2011,,
97080,OR,4.7,,01/31/2011,,
97080,OR,4.23,,04/18/2011,,
97071,OR,7.56,,05/04/2011,,
97071,OR,4.14,,03/02/2011,,
97070,OR,5.04,,04/11/2011,,
97062,OR,6.72,,05/06/2011,,
97062,OR,6.3,,03/28/2011,,
97062,OR,4.2,,04/01/2011,,
97060,OR,4.62,,12/28/2010,,
97045,OR,9.66,,03/03/2011,,
97045,OR,8.82,,01/21/2011,,
97045,OR,7.77,,03/08/2011,,
97045,OR,5.04,,06/07/2011,,
97038,OR,7.56,,06/22/2011,,
97038,OR,7.35,,02/02/2011,,
97038,OR,5.46,,05/10/2011,,
97035,OR,8.46,,01/14/2011,,
97032,OR,3.78,,03/04/2011,,
97030,OR,6.58,,02/22/2011,,
97030,OR,5.04,,02/25/2011,,
97030,OR,3.78,,04/13/2011,,
97030,OR,3.44,,12/16/2010,,
97027,OR,5.67,,08/15/2011,,
97027,OR,3.15,,04/19/2011,,
97008,OR,4.62,,02/04/2011,,
97008,OR,4.23,,03/02/2011,,
97007,OR,54.12,,02/10/2010,,
97007,OR,4.62,,02/23/2011,,
97007,OR,3.78,,01/27/2011,,
97007,OR,3.78,,09/20/2011,,
97007,OR,2.31,,05/02/2011,,
97006,OR,61.18,,04/27/2011,,
97006,OR,8.19,,01/25/2011,,
97006,OR,8.19,,02/24/2011,,
97006,OR,2.82,,01/26/2011,,
97005,OR,1.88,,12/16/2010,,
97004,OR,5.67,,03/08/2011,,
97702,OR,3.78,,09/30/2011,,
97405,OR,6.11,,12/30/2011,,
97404,OR,5.64,,12/19/2011,,
97401,OR,5.52,,09/09/2011,,
97383,OR,3.76,,11/11/2011,,
97383,OR,3.22,,10/13/2011,,
97381,OR,6.11,,12/02/2011,,
97381,OR,5.98,,09/30/2011,,
97381,OR,5.16,,12/20/2011,,
97381,OR,4.14,,06/20/2011,,
97381,OR,3.01,,12/01/2011,,
97378,OR,6.44,,10/12/2011,,
97362,OR,6.02,,12/05/2011,,
97355,OR,4.14,,07/19/2011,,
97333,OR,3.76,,10/25/2011,,
97333,OR,3.68,,05/19/2011,,
97333,OR,3.68,,09/08/2011,,
97330,OR,6.45,,10/28/2011,,
97330,OR,4.7,,08/08/2011,,
97330,OR,3.68,,06/23/2011,,
97330,OR,2.73,,07/08/2011,,
97325,OR,3.22,,09/27/2011,,
97322,OR,5.06,,09/21/2011,,
97322,OR,4.3,,11/04/2011,,
97322,OR,3.76,,12/08/2011,,
97321,OR,4.14,,09/08/2011,,
97317,OR,6.11,,12/16/2011,,
97317,OR,4.7,,11/29/2011,,
97306,OR,6.72,,06/30/2011,,
97306,OR,5.52,,06/23/2011,,
97306,OR,4.3,,12/02/2011,,
97306,OR,3.22,,05/19/2011,,
97306,OR,2.53,,05/18/2011,,
97305,OR,6.45,,09/30/2011,,
97305,OR,5.98,,05/20/2011,,
97305,OR,5.98,,06/23/2011,,
97305,OR,5.98,,08/11/2011,,
97305,OR,4.23,,11/15/2011,,
97305,OR,3.68,,09/30/2011,,
97305,OR,3.22,,11/10/2011,,
97304,OR,5.98,,10/25/2011,,
97303,OR,5.52,,04/13/2011,,
97303,OR,5.17,,12/27/2011,,
97303,OR,4.3,,06/14/2011,,
97302,OR,8.28,,05/24/2011,,
97302,OR,6.11,,12/02/2011,,
97302,OR,6.02,,08/15/2011,,
97302,OR,5.98,,08/15/2011,,
97302,OR,5.88,,08/12/2011,,
97302,OR,5.06,,07/06/2011,,
97302,OR,3.68,,05/23/2011,,
97301,OR,5.52,,05/13/2011,,
97301,OR,3.76,,12/08/2011,,
97267,OR,5.98,,08/15/2011,,
97267,OR,3.78,,08/22/2011,,
97266,OR,5.67,,07/08/2011,,
97266,OR,5.04,,04/29/2011,,
97266,OR,4.73,,05/18/2011,,
97266,OR,2.94,,05/20/2011,,
97266,OR,2.795,,11/07/2011,,
97239,OR,5.17,,12/13/2011,,
97236,OR,5.52,,08/15/2011,,
97236,OR,5.52,,09/06/2011,,
97236,OR,3.78,,08/12/2011,,
97236,OR,2.3,,07/27/2011,,
97233,OR,4.6,,12/16/2011,,
97233,OR,3.225,,12/06/2011,,
97230,OR,5.16,,11/22/2011,,
97230,OR,4.6,,08/29/2011,,
97230,OR,2.82,,04/14/2011,,
97229,OR,6.45,,12/19/2011,,
97229,OR,6.44,,10/19/2011,,
97229,OR,6.44,,10/24/2011,,
97229,OR,6.11,,12/09/2011,,
97229,OR,5.98,,08/10/2011,,
97229,OR,5.98,,08/26/2011,,
97229,OR,5.64,,12/27/2011,,
97229,OR,5.59,,10/27/2011,,
97229,OR,5.17,,11/21/2011,,
97229,OR,5.16,,08/12/2011,,
97229,OR,5.16,,11/07/2011,,
97229,OR,4.73,,06/15/2011,,
97229,OR,4.73,,10/04/2011,,
97229,OR,4.7,,12/12/2011,,
97229,OR,4.2,,03/30/2011,,
97229,OR,3.87,,06/22/2011,,
97229,OR,3.76,,12/07/2011,,
97229,OR,3.68,,05/26/2011,,
97229,OR,3.225,,06/20/2011,,
97229,OR,3.225,,10/27/2011,,
97229,OR,2.07,,08/10/2011,,
97225,OR,6.3,,06/08/2011,,
97225,OR,5.52,,09/07/2011,,
97225,OR,4.23,,11/30/2011,,
97225,OR,3.87,,08/15/2011,,
97225,OR,2.76,,08/15/2011,,
97224,OR,4.6,,06/23/2011,,
97224,OR,4.085,,09/07/2011,,
97223,OR,7.05,,10/06/2011,,
97223,OR,6.45,,12/15/2011,,
97223,OR,6.02,,11/07/2011,,
97223,OR,5.98,,05/12/2011,,
97223,OR,5.98,,06/15/2011,,
97223,OR,5.98,,10/14/2011,,
97223,OR,5.52,,04/04/2011,,
97223,OR,5.46,,06/10/2011,,
97223,OR,5.46,,08/02/2011,,
97223,OR,4.3,,08/18/2011,,
97223,OR,3.76,,11/22/2011,,
97223,OR,3.22,,08/12/2011,,
97223,OR,3.22,,08/25/2011,,
97223,OR,2.53,,09/13/2011,,
97222,OR,5.64,,12/01/2011,,
97222,OR,5.59,,05/23/2011,,
97222,OR,5.52,,10/17/2011,,
97222,OR,3.68,,09/30/2011,,
97222,OR,3.22,,08/04/2011,,
97222,OR,3.01,,11/15/2011,,
97222,OR,2.585,,11/09/2011,,
97221,OR,3.22,,06/23/2011,,
97221,OR,2.99,,08/15/2011,,
97220,OR,3.78,,08/24/2011,,
97220,OR,3.68,,08/04/2011,,
97220,OR,3.22,,06/22/2011,,
97219,OR,6.665,,12/27/2011,,
97219,OR,4.6,,12/07/2011,,
97218,OR,4.23,,12/05/2011,,
97218,OR,2.82,,11/22/2011,,
97217,OR,2.99,,07/29/2011,,
97217,OR,2.82,,12/30/2011,,
97217,OR,2.53,,08/26/2011,,
97216,OR,5.59,,12/08/2011,,
97216,OR,4.6,,07/29/2011,,
97216,OR,4.23,,11/15/2011,,
97216,OR,2.82,,11/10/2011,,
97215,OR,5.98,,05/11/2011,,
97215,OR,3.15,,03/31/2011,,
97214,OR,4.2,,05/13/2011,,
97213,OR,5.64,,11/01/2011,,
97213,OR,4.6,,07/21/2011,,
97213,OR,3.225,,12/07/2011,,
97213,OR,2.585,,12/09/2011,,
97213,OR,2.15,,07/27/2011,,
97212,OR,9.66,,08/26/2011,,
97212,OR,3.87,,10/24/2011,,
97212,OR,2.94,,06/20/2011,,
97212,OR,2.3,,05/19/2011,,
97211,OR,5.06,,09/19/2011,,
97211,OR,4.3,,10/14/2011,,
97211,OR,2.365,,11/17/2011,,
97206,OR,5.52,,10/04/2011,,
97206,OR,4.14,,09/12/2011,,
97206,OR,3.87,,10/17/2011,,
97206,OR,3.68,,12/06/2011,,
97206,OR,3.225,,11/21/2011,,
97206,OR,3.15,,04/29/2011,,
97206,OR,2.31,,07/21/2011,,
97203,OR,3.22,,11/04/2011,,
97202,OR,5.17,,12/16/2011,,
97202,OR,5.16,,08/25/2011,,
97202,OR,3.87,,12/27/2011,,
97202,OR,3.68,,08/17/2011,,
97202,OR,3.44,,08/09/2011,,
97202,OR,3.36,,06/30/2011,,
97202,OR,2.585,,12/30/2011,,
97201,OR,5.88,,07/12/2011,,
97201,OR,4.14,,03/30/2011,,
97148,OR,4.6,,08/15/2011,,
97140,OR,6.02,,08/11/2011,,
97140,OR,4.62,,08/18/2011,,
97140,OR,4.3,,09/09/2011,,
97140,OR,2.3,,09/29/2011,,
97133,OR,5.52,,09/30/2011,,
97132,OR,5.98,,06/24/2011,,
97132,OR,5.98,,10/05/2011,,
97132,OR,5.59,,11/16/2011,,
97132,OR,5.52,,08/02/2011,,
97132,OR,3.87,,10/31/2011,,
97132,OR,3.68,,08/02/2011,,
97127,OR,6.02,,08/15/2011,,
97127,OR,5.64,,10/25/2011,,
97127,OR,5.16,,12/30/2011,,
97124,OR,100.8,,01/02/2009,,
97124,OR,6.11,,12/27/2011,,
97124,OR,6.02,,10/05/2011,,
97124,OR,5.98,,07/25/2011,,
97124,OR,5.98,,10/07/2011,,
97124,OR,5.59,,11/09/2011,,
97124,OR,5.06,,09/30/2011,,
97124,OR,4.6,,10/13/2011,,
97124,OR,3.87,,11/08/2011,,
97124,OR,3.87,,11/21/2011,,
97124,OR,3.76,,09/26/2011,,
97124,OR,3.68,,09/26/2011,,
97124,OR,3.055,,12/15/2011,,
97124,OR,3.01,,09/19/2011,,
97123,OR,6.11,,10/12/2011,,
97123,OR,6.11,,12/06/2011,,
97123,OR,6.02,,08/15/2011,,
97123,OR,5.64,,12/14/2011,,
97123,OR,5.52,,08/15/2011,,
97123,OR,4.73,,08/15/2011,,
97123,OR,4.73,,10/05/2011,,
97123,OR,4.62,,08/08/2011,,
97123,OR,3.68,,08/26/2011,,
97123,OR,3.29,,10/31/2011,,
97123,OR,2.76,,10/05/2011,,
97123,OR,2.53,,10/05/2011,,
97119,OR,3.78,,05/20/2011,,
97116,OR,5.52,,07/11/2011,,
97116,OR,5.06,,07/21/2011,,
97116,OR,2.53,,12/07/2011,,
97115,OR,5.98,,11/16/2011,,
97115,OR,5.52,,09/30/2011,,
97115,OR,5.16,,10/07/2011,,
97114,OR,2.3,,06/20/2011,,
97113,OR,5.64,,11/22/2011,,
97113,OR,5.06,,08/09/2011,,
97111,OR,5.17,,12/15/2011,,
97111,OR,3.225,,10/05/2011,,
97103,OR,4.14,,10/19/2011,,
97089,OR,5.64,,11/07/2011,,
97089,OR,5.59,,05/24/2011,,
97089,OR,5.06,,05/19/2011,,
97086,OR,7.36,,09/28/2011,,
97086,OR,5.98,,07/27/2011,,
97086,OR,5.98,,11/09/2011,,
97086,OR,5.59,,09/14/2011,,
97086,OR,5.52,,08/15/2011,,
97086,OR,2.07,,03/30/2011,,
97080,OR,6.88,,09/06/2011,,
97080,OR,5.59,,11/22/2011,,
97080,OR,5.52,,04/29/2011,,
97080,OR,4.73,,12/15/2011,,
97080,OR,3.68,,09/30/2011,,
97080,OR,3.01,,11/17/2011,,
97071,OR,6.11,,11/01/2011,,
97071,OR,5.98,,10/17/2011,,
97071,OR,5.52,,06/28/2011,,
97071,OR,4.14,,10/17/2011,,
97071,OR,2.82,,10/05/2011,,
97070,OR,5.16,,08/15/2011,,
97070,OR,2.58,,06/09/2011,,
97068,OR,4.73,,05/24/2011,,
97062,OR,6.02,,11/01/2011,,
97062,OR,5.98,,06/27/2011,,
97062,OR,5.98,,07/07/2011,,
97062,OR,5.98,,08/15/2011,,
97062,OR,5.98,,09/30/2011,,
97062,OR,5.59,,05/03/2011,,
97062,OR,5.06,,07/14/2011,,
97062,OR,2.99,,08/02/2011,,
97060,OR,6.45,,06/29/2011,,
97060,OR,5.16,,08/18/2011,,
97060,OR,4.14,,08/22/2011,,
97060,OR,3.68,,07/05/2011,,
97060,OR,2.76,,03/31/2011,,
97060,OR,2.76,,10/05/2011,,
97055,OR,5.98,,06/28/2011,,
97055,OR,5.98,,09/01/2011,,
97045,OR,6.21,,05/20/2011,,
97045,OR,6.11,,12/09/2011,,
97045,OR,5.98,,06/21/2011,,
97045,OR,5.98,,09/29/2011,,
97045,OR,5.64,,12/01/2011,,
97045,OR,5.52,,08/11/2011,,
97045,OR,5.16,,12/05/2011,,
97045,OR,5.06,,07/14/2011,,
97045,OR,5.06,,08/18/2011,,
97045,OR,4.6,,06/29/2011,,
97045,OR,4.6,,08/12/2011,,
97045,OR,4.23,,12/06/2011,,
97045,OR,3.76,,09/22/2011,,
97038,OR,3.36,,09/30/2011,,
97034,OR,4.2,,06/08/2011,,
97031,OR,6.44,,10/14/2011,,
97031,OR,5.67,,05/09/2011,,
97031,OR,4.73,,08/03/2011,,
97030,OR,8.28,,06/13/2011,,
97030,OR,5.805,,10/27/2011,,
97027,OR,5.52,,08/22/2011,,
97027,OR,3.68,,05/17/2011,,
97024,OR,6.44,,07/11/2011,,
97024,OR,3.87,,10/10/2011,,
97023,OR,6.44,,08/09/2011,,
97023,OR,5.52,,05/18/2011,,
97023,OR,5.52,,08/15/2011,,
97009,OR,4.6,,05/18/2011,,
97008,OR,5.98,,09/30/2011,,
97008,OR,3.68,,08/12/2011,,
97007,OR,7.74,,11/10/2011,,
97007,OR,5.98,,10/24/2011,,
97007,OR,5.64,,12/27/2011,,
97007,OR,5.52,,08/09/2011,,
97007,OR,5.52,,09/15/2011,,
97007,OR,5.04,,07/08/2011,,
97007,OR,4.73,,06/14/2011,,
97007,OR,4.73,,09/12/2011,,
97007,OR,4.6,,06/29/2011,,
97007,OR,3.87,,11/10/2011,,
97007,OR,3.76,,12/29/2011,,
97007,OR,3.68,,05/02/2011,,
97007,OR,2.58,,06/22/2011,,
97006,OR,6.58,,10/21/2011,,
97006,OR,5.64,,12/01/2011,,
97006,OR,5.59,,08/15/2011,,
97006,OR,5.06,,05/06/2011,,
97006,OR,5.06,,07/06/2011,,
97006,OR,4.7,,05/20/2011,,
97006,OR,4.14,,09/15/2011,,
97006,OR,4.14,,10/03/2011,,
97006,OR,3.92,,12/27/2011,,
97006,OR,3.68,,08/15/2011,,
97006,OR,2.99,,08/15/2011,,
97006,OR,2.82,,12/22/2011,,
97005,OR,4.14,,07/06/2011,,
97005,OR,3.76,,12/01/2011,,
97005,OR,3.68,,11/01/2011,,
97005,OR,2.76,,11/04/2011,,
97002,OR,5.98,,11/01/2011,,
97002,OR,5.98,,11/04/2011,,
97701,OR,28.98,,07/15/2010,,
97520,OR,40.02,,11/16/2010,,
97392,OR,7.755,,07/28/2011,,
97317,OR,2.82,,10/29/2010,,
97306,OR,7.05,,01/25/2011,,
97306,OR,4.41,,10/26/2010,,
97306,OR,4.23,,02/24/2011,,
97306,OR,3.43,,11/04/2010,,
97306,OR,3.055,,11/09/2010,,
97306,OR,3.055,,12/17/2010,,
97306,OR,2.45,,10/29/2010,,
97305,OR,5.17,,11/22/2010,,
97304,OR,3.92,,08/30/2011,,
97304,OR,2.82,,11/15/2010,,
97304,OR,2.58,,10/28/2010,,
97303,OR,3.185,,12/07/2010,,
97303,OR,2.99,,10/19/2010,,
97302,OR,3.92,,01/04/2011,,
97302,OR,3.76,,12/14/2010,,
97302,OR,2.585,,11/11/2010,,
97302,OR,2.585,,02/09/2011,,
97302,OR,2.365,,11/12/2010,,
97301,OR,5.88,,01/06/2011,,
97301,OR,3.43,,11/30/2010,,
97301,OR,3.225,,10/19/2010,,
97266,OR,4.2,,08/05/2010,,
97266,OR,3.01,,05/13/2010,,
97266,OR,2.52,,08/02/2010,,
97266,OR,2.52,,08/27/2010,,
97266,OR,2.365,,07/07/2010,,
97232,OR,3.36,,07/12/2010,,
97232,OR,3.15,,08/13/2010,,
97232,OR,2.52,,09/29/2010,,
97232,OR,2.31,,08/18/2010,,
97232,OR,2.15,,10/14/2010,,
97232,OR,2.15,,10/20/2010,,
97232,OR,2.1,,08/17/2010,,
97232,OR,2.1,,10/07/2010,,
97230,OR,2.52,,09/15/2010,,
97230,OR,2.1,,07/06/2010,,
97229,OR,4.3,,10/13/2010,,
97229,OR,3.92,,12/29/2010,,
97229,OR,2.52,,10/14/2010,,
97229,OR,2.46,,01/29/2010,,
97229,OR,2.1,,09/07/2010,,
97227,OR,4.92,,12/28/2009,,
97227,OR,2.73,,08/23/2010,,
97227,OR,2.31,,09/21/2010,,
97225,OR,2.94,,09/09/2010,,
97223,OR,2.4,,11/14/2008,,
97223,OR,2.35,,08/18/2011,,
97220,OR,2.82,,11/22/2010,,
97220,OR,2.52,,07/30/2010,,
97220,OR,2.52,,08/25/2010,,
97220,OR,1.72,,10/21/2010,,
97219,OR,4.0,,10/03/2008,,
97219,OR,3.225,,09/10/2010,,
97219,OR,3.01,,01/04/2011,,
97218,OR,3.225,,01/18/2011,,
97218,OR,3.01,,09/21/2010,,
97218,OR,2.58,,07/28/2010,,
97218,OR,2.15,,10/14/2010,,
97218,OR,1.29,,09/17/2010,,
97217,OR,2.52,,08/23/2010,,
97217,OR,2.31,,08/02/2010,,
97217,OR,2.15,,01/07/2011,,
97215,OR,2.94,,09/08/2010,,
97214,OR,2.58,,10/01/2010,,
97213,OR,4.3,,06/16/2010,,
97213,OR,3.44,,06/24/2010,,
97213,OR,3.36,,08/27/2010,,
97213,OR,3.15,,10/07/2010,,
97213,OR,3.15,,11/17/2010,,
97213,OR,3.15,,01/04/2011,,
97213,OR,2.94,,06/30/2010,,
97213,OR,2.94,,12/07/2010,,
97213,OR,2.52,,09/24/2010,,
97213,OR,2.52,,02/28/2011,,
97213,OR,2.35,,03/17/2011,,
97213,OR,2.31,,09/07/2010,,
97213,OR,2.15,,07/30/2010,,
97213,OR,2.15,,09/16/2010,,
97213,OR,2.15,,09/23/2010,,
97213,OR,2.15,,09/24/2010,,
97213,OR,2.15,,10/01/2010,,
97213,OR,2.15,,10/12/2010,,
97213,OR,2.15,,12/15/2010,,
97213,OR,2.1,,08/13/2010,,
97213,OR,2.1,,08/19/2010,,
97213,OR,2.1,,08/30/2010,,
97213,OR,2.1,,10/01/2010,,
97213,OR,2.1,,10/05/2010,,
97213,OR,2.1,,10/19/2010,,
97213,OR,1.935,,06/28/2010,,
97213,OR,1.935,,11/18/2010,,
97212,OR,6.45,,02/14/2011,,
97212,OR,5.04,,12/15/2010,,
97212,OR,4.3,,01/05/2011,,
97212,OR,3.87,,12/15/2010,,
97212,OR,3.78,,08/16/2010,,
97212,OR,3.6,,10/06/2008,,
97212,OR,3.36,,11/11/2010,,
97212,OR,3.225,,06/17/2010,,
97212,OR,3.225,,10/14/2010,,
97212,OR,3.225,,10/15/2010,,
97212,OR,3.01,,06/21/2010,,
97212,OR,3.01,,10/13/2010,,
97212,OR,2.94,,07/08/2010,,
97212,OR,2.94,,08/13/2010,,
97212,OR,2.94,,08/20/2010,,
97212,OR,2.94,,10/21/2010,,
97212,OR,2.795,,06/08/2010,,
97212,OR,2.58,,05/20/2010,,
97212,OR,2.58,,07/27/2010,,
97212,OR,2.58,,11/08/2010,,
97212,OR,2.58,,11/10/2010,,
97212,OR,2.58,,12/06/2010,,
97212,OR,2.52,,09/01/2010,,
97212,OR,2.365,,06/01/2010,,
97212,OR,2.365,,06/07/2010,,
97212,OR,2.365,,06/21/2010,,
97212,OR,2.365,,10/28/2010,,
97212,OR,2.365,,01/04/2011,,
97212,OR,2.31,,08/18/2010,,
97212,OR,2.15,,06/25/2010,,
97212,OR,2.15,,09/21/2010,,
97212,OR,2.15,,10/08/2010,,
97212,OR,2.115,,12/02/2010,,
97212,OR,2.1,,08/02/2010,,
97212,OR,2.1,,08/03/2010,,
97212,OR,2.1,,10/01/2010,,
97212,OR,2.1,,10/12/2010,,
97212,OR,2.1,,11/11/2010,,
97212,OR,2.1,,01/04/2011,,
97212,OR,1.935,,10/21/2010,,
97212,OR,1.72,,08/11/2010,,
97212,OR,1.72,,12/10/2010,,
97212,OR,1.68,,08/16/2010,,
97212,OR,1.505,,11/01/2010,,
97211,OR,4.2,,01/04/2011,,
97211,OR,3.78,,06/03/2010,,
97211,OR,3.15,,07/20/2010,,
97211,OR,3.15,,08/19/2010,,
97211,OR,3.15,,11/15/2010,,
97211,OR,3.01,,05/21/2010,,
97211,OR,3.01,,06/22/2010,,
97211,OR,3.01,,11/30/2010,,
97211,OR,2.94,,08/04/2010,,
97211,OR,2.58,,06/02/2010,,
97211,OR,2.58,,08/25/2010,,
97211,OR,2.58,,09/20/2010,,
97211,OR,2.58,,10/19/2010,,
97211,OR,2.52,,06/16/2010,,
97211,OR,2.52,,08/25/2010,,
97211,OR,2.52,,09/01/2010,,
97211,OR,2.52,,09/16/2010,,
97211,OR,2.52,,09/22/2010,,
97211,OR,2.52,,01/06/2011,,
97211,OR,2.52,,06/29/2011,,
97211,OR,2.45,,09/09/2010,,
97211,OR,2.365,,06/03/2010,,
97211,OR,2.365,,06/17/2010,,
97211,OR,2.365,,09/15/2010,,
97211,OR,2.35,,12/09/2010,,
97211,OR,2.31,,09/17/2010,,
97211,OR,2.15,,05/17/2010,,
97211,OR,2.15,,06/16/2010,,
97211,OR,2.15,,09/21/2010,,
97211,OR,2.15,,10/01/2010,,
97211,OR,2.15,,10/15/2010,,
97211,OR,2.15,,10/28/2010,,
97211,OR,2.15,,12/01/2010,,
97211,OR,2.15,,12/02/2010,,
97211,OR,2.1,,07/20/2010,,
97211,OR,2.1,,08/11/2010,,
97211,OR,2.1,,08/19/2010,,
97211,OR,2.1,,09/01/2010,,
97211,OR,2.1,,09/02/2010,,
97211,OR,2.1,,09/03/2010,,
97211,OR,2.1,,10/14/2010,,
97211,OR,2.1,,11/01/2010,,
97211,OR,1.89,,09/08/2010,,
97211,OR,1.72,,10/26/2010,,
97202,OR,2.1,,11/03/2010,,
97124,OR,61.64,,08/30/2010,,
97080,OR,8.385,,08/26/2011,,
97062,OR,3.68,,08/18/2011,,
97045,OR,2.15,,10/21/2010,,
97034,OR,6.45,,05/17/2011,,
97013,OR,3.01,,11/30/2010,,
97008,OR,4.2,,09/02/2010,,
97008,OR,3.29,,11/30/2010,,
97008,OR,3.15,,01/04/2011,,
97008,OR,3.01,,11/12/2010,,
97008,OR,2.94,,12/07/2010,,
97008,OR,2.58,,10/27/2010,,
97008,OR,2.58,,11/30/2010,,
97008,OR,2.52,,11/09/2010,,
97008,OR,2.52,,12/30/2010,,
97008,OR,2.365,,11/03/2010,,
97008,OR,2.15,,09/28/2010,,
97008,OR,2.1,,08/27/2010,,
97008,OR,2.1,,12/29/2010,,
97007,OR,3.225,,10/21/2010,,
97007,OR,3.15,,10/07/2010,,
97007,OR,2.73,,10/13/2010,,
97007,OR,2.15,,12/08/2010,,
97007,OR,2.1,,08/25/2010,,
97007,OR,2.1,,09/16/2010,,
97007,OR,2.1,,10/12/2010,,
97007,OR,1.89,,09/01/2010,,
97006,OR,4.7,,11/12/2010,,
97006,OR,3.225,,11/17/2010,,
97006,OR,3.15,,09/22/2010,,
97006,OR,3.15,,01/04/2011,,
97006,OR,2.94,,08/25/2010,,
97006,OR,2.94,,01/07/2011,,
97006,OR,2.87,,03/25/2010,,
97006,OR,2.585,,10/27/2010,,
97006,OR,2.31,,10/08/2010,,
97005,OR,4.2,,09/08/2010,,
97005,OR,3.15,,10/05/2010,,
97005,OR,2.1,,12/30/2010,,
97760,OR,3.24,21060.0,08/09/2010,,
97212,OR,6.11,36672.0,08/17/2010,,
97701,OR,5.04,29600.0,08/19/2010,,
97330,OR,9.0,52000.0,08/19/2010,,
97702,OR,3.6,23040.0,08/23/2010,,
97801,OR,2.64,17028.0,08/25/2010,,
97355,OR,2.99,18055.0,08/31/2010,,
97330,OR,3.78,26400.0,09/03/2010,,
97701,OR,5.76,34560.0,09/03/2010,,
97530,OR,9.9,62500.0,09/07/2010,,
97801,OR,2.88,18301.8,09/13/2010,,
97325,OR,4.928,38496.0,09/16/2010,,
97330,OR,4.338,23603.0,09/20/2010,,
97701,OR,9.72,56376.0,09/22/2010,,
97701,OR,4.995,29970.0,09/22/2010,,
97701,OR,9.18,53244.0,09/29/2010,,
97213,OR,4.05,29970.0,10/18/2010,,
97801,OR,6.37,41132.0,10/18/2010,,
97212,OR,1.72,11000.0,11/04/2010,,
97212,OR,4.8,26160.0,11/12/2010,,
97527,OR,8.64,50976.0,11/13/2010,,
97424,OR,9.945,100000.0,11/16/2010,,
97304,OR,1.92,12980.0,11/16/2010,,
97333,OR,5.52,32363.0,11/23/2010,,
97213,OR,4.62,36867.6,11/30/2010,,
97325,OR,9.64,52555.0,11/30/2010,,
97322,OR,9.945,100000.0,12/01/2010,,
97321,OR,9.945,100000.0,12/01/2010,,
97322,OR,9.945,100000.0,12/01/2010,,
97355,OR,9.64,66162.0,12/02/2010,,
97524,OR,2.3,16169.0,12/03/2010,,
97701,OR,2.775,17205.0,12/03/2010,,
97828,OR,2.94,19110.0,12/09/2010,,
97385,OR,4.14,35314.2,12/13/2010,,
97330,OR,6.075,27000.0,12/13/2010,,
97213,OR,3.15,25137.0,12/13/2010,,
97801,OR,2.88,18301.0,12/16/2010,,
97603,OR,9.22,48892.0,12/16/2010,,
97322,OR,9.399,46622.0,12/17/2010,,
97603,OR,9.22,48892.0,12/17/2010,,
97603,OR,9.22,48892.0,12/21/2010,,
97603,OR,9.22,48892.0,12/21/2010,,
97603,OR,9.22,48892.0,12/21/2010,,
97603,OR,9.22,48892.0,12/21/2010,,
97446,OR,9.945,84000.0,12/21/2010,,
97701,OR,7.4,43550.0,12/21/2010,,
97351,OR,2.24,19246.4,12/22/2010,,
97321,OR,3.9,20000.0,12/23/2010,,
97734,OR,9.435,54723.0,12/28/2010,,
97210,OR,9.6,52320.0,12/29/2010,,
97456,OR,9.945,84000.0,01/03/2011,,
97701,OR,3.33,20646.0,01/05/2011,,
97321,OR,4.9,29000.0,01/06/2011,,
97701,OR,7.35,39000.0,01/13/2011,,
97211,OR,3.78,30164.4,01/13/2011,,
97603,OR,9.22,48892.0,01/18/2011,,
97801,OR,2.4,21415.0,01/26/2011,,
97420,OR,4.625,30100.0,01/31/2011,,
97701,OR,4.725,33452.8,02/01/2011,,
97756,OR,4.07,24827.0,02/01/2011,,
97031,OR,90.7,585144.0,02/09/2011,,
97220,OR,6.37,36309.0,02/11/2011,,
97325,OR,3.92,23716.0,02/16/2011,,
97603,OR,9.9,84150.0,02/17/2011,,
97333,OR,7.23,36422.0,02/21/2011,,
97448,OR,21.42,133147.0,02/25/2011,,
97212,OR,4.2,33516.0,02/28/2011,,
97632,OR,9.22,48892.0,02/28/2011,,
97470,OR,33.88,214595.0,03/01/2011,,
97828,OR,9.6,70000.0,03/02/2011,,
97448,OR,9.945,75000.0,03/07/2011,,
97701,OR,9.99,56943.0,03/08/2011,,
97039,OR,9.87,57406.0,03/09/2011,,
97039,OR,9.87,57406.0,03/09/2011,,
97448,OR,9.945,75000.0,03/11/2011,,
97330,OR,9.87,55720.0,03/17/2011,,
97266,OR,1.72,13725.6,03/21/2011,,
97632,OR,97.65,488250.0,03/24/2011,,
97448,OR,9.945,75000.0,03/25/2011,,
97828,OR,9.6,81000.0,04/04/2011,,
97358,OR,3.78,47720.4,04/12/2011,,
97838,OR,9.9,58025.0,04/13/2011,,
97838,OR,9.9,60000.0,04/13/2011,,
97838,OR,5.4,31860.0,04/13/2011,,
97601,OR,8.0,52557.0,04/22/2011,,
97828,OR,9.8,80836.37,04/29/2011,,
97828,OR,5.98,41684.0,05/04/2011,,
97392,OR,3.92,21184.0,05/06/2011,,
97210,OR,3.0,17700.0,05/09/2011,,
97701,OR,6.11,36400.0,05/18/2011,,
97701,OR,7.2,28000.0,05/19/2011,,
97601,OR,9.4,56400.0,05/20/2011,,
97212,OR,4.23,33755.4,05/20/2011,,
97330,OR,3.78,30164.4,05/24/2011,,
97632,OR,9.22,48892.0,05/24/2011,,
97212,OR,3.76,30004.8,05/26/2011,,
97355,OR,9.995,47655.0,05/31/2011,,
97702,OR,2.1,6000.0,06/01/2011,,
97760,OR,9.9,67320.0,06/08/2011,,
97624,OR,9.4,56425.0,06/08/2011,,
97333,OR,9.75,52950.0,06/09/2011,,
97213,OR,5.98,47720.4,06/10/2011,,
97210,OR,3.92,16350.0,06/20/2011,,
97210,OR,3.36,19075.0,06/20/2011,,
97210,OR,3.36,19075.0,06/20/2011,,
97633,OR,5.64,32800.0,06/21/2011,,
97603,OR,9.84,52152.0,06/25/2011,,
97701,OR,8.64,46250.0,06/27/2011,,
97218,OR,9.89,55000.0,07/05/2011,,
97754,OR,99.96,817300.0,07/06/2011,,
97828,OR,9.9,69300.0,07/06/2011,,
97828,OR,5.4,37800.0,07/06/2011,,
97828,OR,2.7,18900.0,07/06/2011,,
97527,OR,5.17,17321.0,07/07/2011,,
97526,OR,9.68,69992.0,07/07/2011,,
97539,OR,3.15,21864.0,07/07/2011,,
97217,OR,3.68,29366.4,07/07/2011,,
97217,OR,4.6,36708.0,07/07/2011,,
97330,OR,3.45,21700.0,07/08/2011,,
97220,OR,3.055,24378.9,07/13/2011,,
97524,OR,3.96,29604.0,07/14/2011,,
97355,OR,4.995,33037.2,07/19/2011,,
97534,OR,7.59,45975.0,07/19/2011,,
97420,OR,9.9,75000.0,07/20/2011,,
97701,OR,4.99,28971.0,07/21/2011,,
97351,OR,4.6,36708.0,07/22/2011,,
97321,OR,9.8,55906.0,07/27/2011,,
97213,OR,6.3,50274.0,07/29/2011,,
97702,OR,5.92,35936.25,08/03/2011,,
97601,OR,4.05,25283.0,08/08/2011,,
97213,OR,4.14,33037.2,08/08/2011,,
97448,OR,9.9,65000.0,08/08/2011,,
97632,OR,9.22,48892.0,08/16/2011,,
97632,OR,9.22,48892.0,08/16/2011,,
97213,OR,4.6,36708.0,08/17/2011,,
97702,OR,3.78,30164.4,08/19/2011,,
97304,OR,4.7,37506.0,08/22/2011,,
97212,OR,9.66,77086.8,08/26/2011,,
97603,OR,99.36,763249.1,08/30/2011,,
97632,OR,75.6,375000.0,08/31/2011,,
97603,OR,9.225,48892.0,08/31/2011,,
97639,OR,6.9,42000.0,09/06/2011,,
97701,OR,8.0,56160.01,09/06/2011,,
97603,OR,9.84,52152.0,09/06/2011,,
97828,OR,9.8,64887.0,09/08/2011,,
97539,OR,2.88,15678.84,09/09/2011,,
97701,OR,22.572,127000.0,09/13/2011,,
97603,OR,9.9,60885.0,09/14/2011,,
97603,OR,9.9,60885.0,09/14/2011,,
97211,OR,9.87,57000.0,09/15/2011,,
97603,OR,9.9,56325.0,09/16/2011,,
97031,OR,4.23,33755.4,09/21/2011,,
97633,OR,10.0,54500.0,09/26/2011,,
97633,OR,10.0,54500.0,09/26/2011,,
97702,OR,9.9,64350.0,09/30/2011,,
97701,OR,7.92,41500.0,10/04/2011,,
97603,OR,9.9,73449.5,10/05/2011,,
97846,OR,91.8,485000.0,10/06/2011,,
97828,OR,9.9,69369.0,10/06/2011,,
97201,OR,9.87,59892.0,10/07/2011,,
97828,OR,9.9,71050.0,10/07/2011,,
97601,OR,15.84,79800.0,10/11/2011,,
97846,OR,497.5,1960000.0,10/14/2011,,
97828,OR,9.9,62300.0,10/20/2011,,
97603,OR,9.9,80400.0,10/22/2011,,
97623,OR,9.9,72587.0,10/24/2011,,
97633,OR,10.0,54900.0,11/01/2011,,
97603,OR,9.9,70000.0,11/04/2011,,
97630,OR,10.0,72413.23,11/14/2011,,
97630,OR,10.0,72056.81,11/16/2011,,
97639,OR,9.9,79000.0,11/28/2011,,
97639,OR,9.9,79000.0,11/28/2011,,
97040,OR,5.64,48575.0,12/05/2011,,
97041,OR,6.24,28984.0,12/05/2011,,
97333,OR,6.11,48757.8,12/08/2011,,
97624,OR,4.7,32490.0,12/09/2011,,
97828,OR,9.9,73500.0,12/20/2011,,
97426,OR,9.9,65000.0,12/22/2011,,
97426,OR,9.9,65000.0,12/22/2011,,
97317,OR,9.945,49095.0,12/22/2011,,
97402,OR,6.0,,03/04/2009,,
97070,OR,1748.5,10000000.0,01/07/2012,,
97132,OR,12.9,84888.0,04/09/2010,,
97230,OR,200.0,,06/21/2010,,
97846,OR,100.0,,11/02/2011,,
97458,OR,20.93,,09/10/2010,,
97420,OR,15.58,96200.0,04/16/2010,,
97201,OR,37.0,523537.0,09/26/2011,,
97520,OR,20.0,,07/25/2000,,
97401,OR,31.72,,12/01/2008,,
97401,OR,11.0,75000.0,12/01/2008,,
97304,OR,2.8,,12/10/2002,,
97402,OR,12.42,112350.0,05/29/2007,,
97381,OR,17.9,112125.0,07/19/2011,,
97304,OR,59.8,469849.0,10/07/2010,,
97371,OR,83.0,529857.0,01/29/2009,,
97338,OR,10.368,82343.0,03/18/2008,,
97124,OR,33.6,240106.0,09/25/2009,,
97830,OR,1.05,,07/24/2009,,
97213,OR,250.0,,10/26/2010,,
97317,OR,73.3,,10/26/2010,,
97701,OR,5.64,,08/16/2011,,
97119,OR,3.6,32400.0,07/22/2008,,
97114,OR,94.5,794745.0,08/15/2008,,
97229,OR,100.1,787586.0,12/15/2008,,
97119,OR,38.8,286824.0,08/18/2008,,
97739,OR,50.4,,03/19/2010,,
97344,OR,1.0,,08/27/2010,,
97215,OR,16.2,132162.0,01/03/2009,,
97101,OR,17.3,110238.0,06/25/2008,,
97219,OR,23.76,148300.0,05/05/2010,,
97086,OR,10.56,67795.0,08/03/2010,,
97436,OR,7.41,59329.0,12/29/2008,,
97140,OR,63.0,589050.0,10/07/2008,,
97210,OR,100.0,812166.0,12/16/2008,,
97401,OR,28.35,242043.0,01/19/2011,,
97408,OR,25.2,,02/10/2010,,
97401,OR,200.2,1538375.0,07/30/2008,,
97301,OR,8.4,,04/22/2002,,
97051,OR,1.1,9372.0,10/01/2007,,
97027,OR,1.1,8043.0,01/01/2009,,
97230,OR,419.0,1645681.0,02/09/2010,,
97402,OR,450.45,3176040.0,06/11/2007,,
97504,OR,21.3,179128.0,09/20/2007,,
97301,OR,113.96,650000.0,09/26/2003,,
97365,OR,1.02,8349.0,06/21/2007,,
97403,OR,28.08,223475.0,11/27/2008,,
97601,OR,4.41,,01/17/2011,,
97601,OR,19.9,,07/10/2009,,
97627,OR,5.4,,12/17/2009,,
97601,OR,20.24,,12/10/2010,,
97206,OR,27.2,151169.0,07/20/2009,,
97206,OR,51.0,273121.0,07/20/2009,,
97206,OR,16.32,87399.0,07/20/2009,,
97218,OR,143.616,769111.0,07/20/2009,,
97206,OR,115.192,626748.0,07/20/2009,,
97601,OR,2.52,19968.0,04/22/2008,,
97471,OR,19.6,97073.0,11/29/2010,,
97401,OR,32.75,272800.0,08/18/2010,,
97601,OR,22.68,157875.0,12/15/2009,,
97601,OR,10.395,81674.0,11/25/2009,,
97301,OR,149.5,820000.0,01/08/2010,,
97230,OR,858.36,6500000.0,09/04/2008,,
97351,OR,75.68,,03/25/2010,,
97477,OR,138.0,1043700.0,12/01/2008,,
97062,OR,103.95,,12/19/2008,,
97477,OR,78.26,593738.0,12/01/2008,,
97402,OR,63.504,496006.0,12/01/2008,,
97504,OR,20.0,153082.0,04/20/2010,,
97213,OR,53.856,288416.0,07/20/2009,,
97405,OR,252.0,2067900.0,12/10/2007,,
97526,OR,29.0,,10/14/2005,,
97206,OR,70.312,376545.0,07/16/2009,,
97266,OR,119.68,640927.0,07/20/2009,,
97202,OR,1.36,,07/21/2009,,
97219,OR,156.576,847152.0,07/20/2009,,
97045,OR,65.0,350000.0,08/24/2011,,
97031,OR,28.8,178200.0,12/23/2009,,
97530,OR,6.4,,06/15/2010,,
97530,OR,4.4,,05/09/2011,,
97750,OR,5.0,,02/07/2011,,
97216,OR,92.4,500000.0,02/11/2011,,
97741,OR,18.7,,09/20/2010,,
97070,OR,9.9,,02/15/2011,,
97330,OR,2.3,20000.0,05/14/2010,,
97002,OR,500.08,2000000,07/08/2011,,
97024,OR,0.5,2000.0,04/15/2010,,
97801,OR,2.4,15024.0,03/16/2011,,
97801,OR,2.45,14337.0,12/09/2010,,
97801,OR,2.4,15024.0,09/20/2010,,
97801,OR,2.115,13239.9,08/11/2010,,
97801,OR,1.0,,08/11/2010,,
97801,OR,2.07,12958.2,06/07/2010,,
97801,OR,1.2,7512.0,10/04/2010,,
97801,OR,2.07,12958.2,09/01/2010,,
97801,OR,2.4,15024.0,08/26/2010,,
97801,OR,2.64,16256.4,07/23/2010,,
97801,OR,2.88,18028.8,10/13/2010,,
97801,OR,2.16,13521.6,11/05/2010,,
97801,OR,2.88,18028.8,08/03/2010,,
97801,OR,2.3,14398.0,07/23/2010,,
97801,OR,2.4,15024.0,11/12/2010,,
97801,OR,2.07,12958.2,09/01/2010,,
97801,OR,2.35,14711.0,07/01/2010,,
97801,OR,4.32,27043.2,11/15/2010,,
97801,OR,1.88,11768.8,09/24/2010,,
97801,OR,4.14,25916.4,08/19/2010,,
97801,OR,2.4,15024.0,08/26/2010,,
97801,OR,2.07,12958.2,10/13/2010,,
97801,OR,2.07,12958.2,07/23/2010,,
97801,OR,2.76,17277.6,07/28/2010,,
97801,OR,2.76,17277.6,10/07/2010,,
97801,OR,2.4,15024.0,10/04/2010,,
97801,OR,2.82,17653.2,08/11/2010,,
97801,OR,2.88,18028.8,08/04/2010,,
97801,OR,2.4,15024.0,10/04/2010,,
97801,OR,1.92,12019.2,11/12/2010,,
97801,OR,2.88,18028.8,07/23/2010,,
97801,OR,2.3,14398.0,11/15/2010,,
97801,OR,2.25,14085.0,06/07/2010,,
97801,OR,2.4,15024.0,07/23/2010,,
97801,OR,3.36,21033.6,08/19/2010,,
97801,OR,2.4,15024.0,08/03/2010,,
97801,OR,2.76,17277.6,08/19/2010,,
97801,OR,2.475,15493.5,07/23/2010,,
97801,OR,2.3,14398.0,09/01/2010,,
97801,OR,2.4,15024.0,07/23/2010,,
97801,OR,2.76,17277.6,08/11/2010,,
97801,OR,2.7,16902.0,06/07/2010,,
97801,OR,6.48,21784.8,08/26/2010,,
97801,OR,2.4,15024.0,09/20/2010,,
97801,OR,2.76,17277.0,11/27/2010,,
97801,OR,2.82,17653.2,09/01/2010,,
97801,OR,2.16,13521.6,08/03/2010,,
97801,OR,2.33,14585.8,08/03/2010,,
97801,OR,2.76,17277.6,08/11/2010,,
97801,OR,1.44,9014.4,10/25/2010,,
97801,OR,2.82,17653.2,09/20/2010,,
97801,OR,1.92,12019.2,12/09/2010,,
97801,OR,2.3,14398.0,07/23/2010,,
97801,OR,2.76,17277.0,08/11/2010,,
97801,OR,2.82,17653.2,09/01/2010,,
97801,OR,2.115,13239.9,11/05/2010,,
97801,OR,2.3,14398.0,05/27/2010,,
97031,OR,2.16,9879.0,04/04/2008,,
97008,OR,4.95,30000,12/07/2009,,
97214,OR,3.575,,10/31/2008,,
97132,OR,56.6,,07/15/2009,,
97007,OR,6.48,,05/15/2009,,
97820,OR,5,30000,12/30/2007,,
97211,OR,45,310000,12/23/2009,,
97224,OR,187,1150000,03/15/2010,,
97333,OR,5,,05/14/2014,,
97885,OR,10,,10/20/2014,,
97214,OR,5,,07/23/2014,,
97828,OR,4,,10/21/2014,,
97527,OR,9.75,,04/08/2014,,
97527,OR,6.3,,01/02/2014,,
97330,OR,8.8,,04/02/2014,,
97374,OR,9.75,,06/10/2014,,
97623,OR,9.8,,10/15/2014,,
97701,OR,4.9,,06/23/2014,,
97603,OR,8,,10/28/2014,,
97623,OR,9.8,,10/15/2014,,
97603,OR,9.9,,10/28/2014,,
97603,OR,7,,10/28/2014,,
97603,OR,8,,10/28/2014,,
97624,OR,98.56,,05/07/2014,,
97862,OR,10,,11/25/2014,,
97603,OR,9.9,,10/28/2014,,
97701,OR,9,,06/06/2014,,
97352,OR,9.99,,06/18/2014,,
97632,OR,10,,01/29/2014,,
97857,OR,10,,10/20/2014,,
97217,OR,3.3,,10/15/2014,,
97756,OR,10,,06/17/2014,,
97623,OR,99.96,,12/23/2014,,
97760,OR,9.555,,07/03/2014,,
97761,OR,298.84,,02/04/2014,,
97603,OR,6,,10/28/2014,,
97370,OR,9.99,,07/07/2014,,
97217,OR,5.04,,12/16/2014,,
97623,OR,99.96,,12/23/2014,,
97632,OR,77.28,,03/14/2014,,
97023,OR,31,205000,12/15/2009,,
97833,OR,3.5,29892,09/08/2009,,
97833,OR,3.15,27324,09/08/2009,,
97701,OR,2,14250,12/11/2009,,
97221,OR,3.96,30000,06/01/2003,,
97230,OR,267.54,1780000,12/20/2009,,
97216,OR,85.43,709066,07/31/2009,,
97833,OR,4.2,62740,09/08/2009,,
97833,OR,2.3,19884,06/18/2008,,
97006,OR,107.1,,12/20/2009,,
97845,OR,2.1,19684,12/22/2008,,
97060,OR,192,1299995,12/15/2009,,
97214,OR,2.07,14426,01/29/2010,,
97641,OR,5701.995,20000000,10/17/2012,,
97630,OR,2567.84,11100000,10/01/2012,,
97212,OR,2.1,,03/30/2007,,
97128,OR,2000.0,,10/01/2011,,
97128,OR,1000.0,,10/01/2011,,
97071,OR,82.485,499000.0,05/27/2011,,
97403,OR,12.24,105805.0,05/29/2007,,
97111,OR,49.7,404646.0,12/16/2009,,
97214,OR,8.19,,07/29/2010,,
97062,OR,31.79,236910.0,02/19/2008,,
97838,OR,57.75,406953.0,12/21/2009,,
97734,OR,14.0,,03/25/2010,,
97202,OR,145.0,896500.0,12/31/2009,,
97333,OR,15.51,77677.0,05/23/2011,,
97301,OR,101.66,598388.0,11/05/2009,,
97448,OR,27.328,221884.0,11/18/2007,,
97504,OR,34.65,218500.0,12/31/2009,,
97520,OR,63.525,442000.0,07/31/2008,,
97239,OR,0.99,,01/30/2004,,
97202,OR,2.688,,10/08/2008,,
97217,OR,3.006,,01/11/2005,,
97202,OR,0.002,,03/10/2006,,
97202,OR,1.98,,03/30/2007,,
97201,OR,1.28,,02/11/2004,,
97213,OR,1.413,,07/16/2008,,
97215,OR,1.2,,12/17/2001,,
97218,OR,2.7,,02/07/2005,,
97212,OR,2.1,,06/29/2006,,
97225,OR,2,,03/17/2004,,
97214,OR,2.38,,03/24/2006,,
97060,OR,2.89,,05/03/2007,,
97219,OR,3,,06/19/2008,,
97212,OR,2.04,,01/29/2007,,
97239,OR,1.54,,03/18/2005,,
97202,OR,3.079,,09/22/2008,,
97203,OR,1.98,,12/19/2007,,
97221,OR,3.15,,09/22/2005,,
97211,OR,3.2,,01/22/2007,,
97229,OR,7.02,,03/14/2008,,
97213,OR,1.98,,01/29/2007,,
97202,OR,2.631,,08/12/2008,,
97218,OR,2.72,,06/29/2006,,
97215,OR,2.04,,01/22/2008,,
97030,OR,0.99,,12/03/2004,,
97217,OR,2.05,,12/19/2006,,
97202,OR,3.5,,04/09/2007,,
97221,OR,1.48,,04/19/2004,,
97219,OR,1.085,,12/19/2006,,
97219,OR,0.5,,03/28/2005,,
97202,OR,0.5,,03/24/2006,,
97219,OR,2.66,,02/06/2008,,
97231,OR,1.8,,02/08/2007,,
97202,OR,2.87,,01/29/2007,,
97239,OR,3.2,,09/21/2007,,
97212,OR,3.006,,03/18/2005,,
97202,OR,2,,02/27/2007,,
97034,OR,2.85,,01/25/2006,,
97221,OR,0.99,,05/12/2005,,
97239,OR,1.8,,03/21/2007,,
97019,OR,3,,02/11/2004,,
97229,OR,3.06,,06/02/2008,,
97206,OR,3.24,,02/27/2007,,
97206,OR,2.4,,04/16/2008,,
97219,OR,2.8,,08/24/2006,,
97214,OR,1.485,,04/08/2004,,
97221,OR,2.7,,12/03/2004,,
97202,OR,2.08,,03/14/2008,,
97214,OR,3,,04/09/2007,,
97221,OR,2.45,,10/08/2008,,
97202,OR,3.04,,04/15/2006,,
97212,OR,0.5,,03/28/2005,,
97213,OR,3.06,,09/21/2006,,
97211,OR,2.85,,01/08/2007,,
97266,OR,3.006,,03/19/2004,,
97206,OR,3,,08/19/2008,,
97218,OR,3.006,,03/02/2005,,
97202,OR,2.625,,03/24/2006,,
97202,OR,3.006,,02/11/2004,,
97221,OR,0.99,,03/18/2005,,
97202,OR,0.5,,04/01/2005,,
97218,OR,2.846,,03/31/2008,,
97202,OR,2.4,,02/06/2008,,
97223,OR,0.5,,04/15/2006,,
97212,OR,3,,03/31/2008,,
97219,OR,1.4,,02/06/2008,,
97215,OR,85.43,,07/31/2008,,
97212,OR,1.64,,03/21/2007,,
97219,OR,4.1,,02/27/2007,,
97221,OR,4.08,,01/29/2007,,
97217,OR,1.98,,09/18/2007,,
97218,OR,2.08,,03/05/2008,,
97217,OR,2.59,,06/19/2008,,
97222,OR,2.8,,10/23/2007,,
97211,OR,1.11,,05/18/2006,,
97219,OR,2.805,,02/28/2006,,
97218,OR,3.006,,03/05/2008,,
97213,OR,2.4,,01/22/2008,,
97030,OR,15.558,,07/16/2008,,
97202,OR,0.987,,07/16/2008,,
97212,OR,0.85,,08/19/2008,,
97034,OR,4.185,,11/07/2006,,
97202,OR,2.85,,11/28/2006,,
97214,OR,0.96,,04/09/2007,,
97212,OR,2.04,,03/31/2008,,
97019,OR,2.24,,08/19/2008,,
97219,OR,2.4,,02/06/2008,,
97231,OR,3.15,,03/30/2007,,
97217,OR,2.16,,04/02/2008,,
97213,OR,2.04,,01/22/2008,,
97218,OR,2.08,,03/31/2008,,
97212,OR,3.15,,01/22/2008,,
97019,OR,3.145,,11/07/2003,,
97220,OR,0.5,,04/06/2005,,
97214,OR,3.69,,07/19/2007,,
97217,OR,2.17,,03/14/2007,,
97080,OR,6.3,,09/21/2007,,
97202,OR,2.96,,01/30/2004,,
97215,OR,3.006,,01/26/2005,,
97211,OR,2.1,,02/06/2008,,
97221,OR,1.53,,01/22/2008,,
97217,OR,2.992,,05/11/2006,,
97214,OR,1.44,,03/13/2002,,
97215,OR,2.85,,01/22/2007,,
97219,OR,0.5,,04/01/2005,,
97239,OR,2.496,,01/22/2008,,
97231,OR,3.006,,01/11/2005,,
97203,OR,1.05,,03/31/2008,,
97217,OR,2.4,,02/06/2008,,
97212,OR,2.97,,02/11/2001,,
97205,OR,267.54,,12/20/2009,,
97034,OR,0.5,,03/28/2005,,
97239,OR,0.99,,07/08/2005,,
97201,OR,0.5,,03/28/2005,,
97034,OR,2.97,,01/11/2005,,
97225,OR,3.15,,03/14/2008,,
97223,OR,1.98,,01/29/2007,,
97213,OR,2,,03/21/2007,,
97229,OR,2.8,,03/30/2007,,
97205,OR,2.805,,04/06/2005,,
97212,OR,3.24,,01/22/2007,,
97212,OR,3.006,,03/24/2006,,
97203,OR,3.006,,04/06/2005,,
97223,OR,2.1,,12/07/2007,,
97202,OR,2.4,,06/02/2008,,
97214,OR,1.54,,01/26/2005,,
97206,OR,1.62,,07/16/2008,,
97206,OR,4.32,,01/22/2008,,
97213,OR,1.98,,12/19/2007,,
97221,OR,5.085,,11/23/2005,,
97211,OR,1.98,,04/13/2007,,
97202,OR,1.62,,04/13/2007,,
97211,OR,3.06,,01/22/2008,,
97239,OR,0.99,,03/08/2004,,
97219,OR,2.04,,05/11/2007,,
97221,OR,0.99,,01/12/2006,,
97211,OR,1.98,,03/31/2008,,
97267,OR,2.86,,01/30/2004,,
97212,OR,2,,06/19/2008,,
97201,OR,3,,02/06/2008,,
97239,OR,3,,01/11/2005,,
97229,OR,2.04,,01/08/2007,,
97216,OR,2.52,,02/06/2008,,
97060,OR,0.48,,04/15/2003,,
97212,OR,1.155,,04/15/2004,,
97457,OR,5.76,24807.96021,10/07/2014,,
97524,OR,8.8,36826.39625,08/18/2014,,
97701,OR,6.48,31559.05592,03/14/2014,,
97756,OR,5,24831.4404,06/17/2014,,
97338,OR,5.25,24769.3618,06/10/2014,,
97220,OR,5,17018.11701,09/05/2014,,
97321,OR,6.05,22802.17305,07/22/2014,,
97385,OR,5.88,19548.30596,11/04/2014,,
97701,OR,5.94,23057.30528,08/04/2014,,
97322,OR,5.39,26778.74166,07/07/2014,,
97603,OR,10,47432.67868,04/29/2014,,
97760,OR,6,28366.27819,08/05/2014,,
97885,OR,10,49062.36566,04/11/2014,,
97601,OR,10,38386.98075,10/28/2014,,
97702,OR,3.25,15623.60847,01/08/2014,,
97504,OR,6.63,31292.37557,07/24/2014,,
97338,OR,10,31849.85621,08/08/2014,,
97527,OR,9.8,,08/07/2014,,
97322,OR,10,48072.64146,01/16/2014,,
97031,OR,9,42461.76309,06/20/2014,,
97211,OR,5.5,24492.4737,05/08/2014,,
97333,OR,3.12,14998.66414,01/18/2014,,
97885,OR,10,45858.70414,06/02/2014,,
97325,OR,9.75,48440.20986,07/31/2014,,
97338,OR,6.37,30622.27261,01/21/2014,,
97321,OR,10,54650.49318,07/08/2014,,
97885,OR,1.6,7595.440991,06/02/2014,,
97760,OR,9,42461.76309,06/17/2014,,
97525,OR,9.9,38087.45655,06/25/2014,,
97321,OR,6.24,26536.09809,01/06/2014,,
97754,OR,9.72,34416.3764,06/06/2014,,
97754,OR,9.72,35306.86339,09/29/2014,,
97838,OR,198,435253.4337,04/24/2014,,
97601,OR,9,31800.09081,08/11/2014,,
97702,OR,5,24036.32073,01/21/2014,,
97624,OR,98.56,548385.4393,10/07/2014,,
97754,OR,9.72,34416.3764,06/12/2014,,
97321,OR,9.99,33526.5871,07/10/2014,,
97218,OR,5.04,18032.59202,06/02/2014,,
97212,OR,7.35,36054.4811,01/22/2014,,
97321,OR,10,24926.61088,10/22/2014,,
97756,OR,5.25,25145.15229,02/04/2014,,
97524,OR,9.8,40327.75156,12/17/2014,,
97603,OR,10,40986.47485,05/06/2014,,
97212,OR,5.04,20134.42316,04/15/2014,,
97756,OR,6,28459.60721,04/02/2014,,
97603,OR,10,40301.84111,05/06/2014,,
97321,OR,10,54650.49318,07/08/2014,,
97624,OR,10,40831.84846,12/10/2014,,
97351,OR,7.56,25731.24422,09/17/2014,,
97756,OR,6.5,32404.59414,10/21/2014,,
97601,OR,10,40831.84846,12/17/2014,,
97352,OR,8.25,38786.58066,03/12/2014,,
97333,OR,9.99,33176.82394,07/31/2014,,
97220,OR,5.5,25948.85522,06/18/2014,,
97527,OR,5.5,26087.97327,04/08/2014,,
97526,OR,3.36,15937.38004,04/18/2014,,
97760,OR,3,14229.8036,04/02/2014,,
97601,OR,10,40279.66105,09/08/2014,,
97322,OR,5.75,27641.76884,01/16/2014,,
97760,OR,6.9,25494.93649,06/24/2014,,
97632,OR,10,39285.10152,09/05/2014,,
97040,OR,10,40731.07923,10/14/2014,,
97633,OR,10,40301.84111,05/06/2014,,
97537,OR,9.36,44995.99241,01/06/2014,,
97756,OR,7.5,35384.80257,06/17/2014,,
97625,OR,10,38255.34523,07/23/2014,,
97543,OR,9.9,47034.20172,07/21/2014,,
97701,OR,5.3,53923.46629,04/25/2014,,
97330,OR,5.28,26439.9528,01/17/2014,,
97321,OR,10,54629.16889,06/18/2014,,
97392,OR,9,54629.16889,06/18/2014,,
97213,OR,5.88,26108.42827,05/08/2014,,
97462,OR,2.25,10672.3527,04/17/2014,,
97420,OR,3.87,26212.79611,04/17/2014,,
97526,OR,3.57,17641.26023,05/28/2014,,
97603,OR,52,171317.8481,04/14/2014,,
97754,OR,4.5,21344.70541,04/08/2014,,
97370,OR,10,31784.24372,06/25/2014,,
97603,OR,8.28,31704.56877,09/09/2014,,
97370,OR,10,39470.16878,01/06/2014,,
97355,OR,3.5,16825.42451,01/16/2014,,
97351,OR,6.36,22931.89647,08/08/2014,,
97526,OR,9.9,23841.32447,11/24/2014,,
97211,OR,4.32,28294.03868,01/06/2014,,
97603,OR,10,38964.14097,01/28/2014,,
97753,OR,192.64,298592.402,08/08/2014,,
97601,OR,10,38386.98075,10/21/2014,,
97211,OR,10,35549.54444,04/07/2014,,
97520,OR,6.25,31079.98538,09/10/2014,,
97352,OR,10,29859.2402,08/15/2014,,
97526,OR,5,23599.0766,07/22/2014,,
97760,OR,9.5,44838.24554,07/24/2014,,
97857,OR,10,46769.162,09/10/2014,,
97330,OR,10,33738.61837,02/06/2014,,
97501,OR,10,47432.67868,04/29/2014,,
97702,OR,6.86,34764.01656,06/23/2014,,
97218,OR,5.8,17115.87435,01/06/2014,,
97603,OR,10,36321.41236,05/01/2014,,
97633,OR,10,38737.04703,06/23/2014,,
97538,OR,9.6,45535.37153,04/04/2014,,
97031,OR,6,28843.58488,01/22/2014,,
97632,OR,10,36434.00195,01/28/2014,,
97325,OR,10,28553.43154,03/12/2014,,
97701,OR,3.67,19229.05658,01/02/2014,,
97446,OR,10,26355.8276,09/03/2014,,
97503,OR,5.06,24324.75658,01/06/2014,,
97734,OR,3,7359.81466,12/24/2014,,
97404,OR,4.32,15255.08586,10/07/2014,,
97044,OR,2.97,13144.59726,03/13/2014,,
97520,OR,5.4,21033.69932,02/10/2014,,
97520,OR,5.3,20791.67045,01/29/2014,,
97846,OR,10,31906.06192,10/20/2014,,
97401,OR,3.24,12332.49646,04/22/2014,,
97520,OR,3.36,12924.30112,09/03/2014,,
97404,OR,3.27,14960.3241,07/11/2014,,
97520,OR,3.3,14613.3457,03/05/2014,,
97405,OR,5.232,24780.23461,11/05/2014,,
97520,OR,3.64,13924.4087,11/05/2014,,
97355,OR,3,2995.748127,04/09/2014,,
97734,OR,0.735,10544.07449,02/11/2014,,
97404,OR,5.88,28866.01648,03/28/2014,,
97520,OR,3.27,16051.45332,12/30/2014,,
97520,OR,3.85,16339.80887,04/09/2014,,
97404,OR,3.78,12579.60771,06/03/2014,,
97370,OR,7.5,24272.26547,12/19/2014,,
97211,OR,5,22775.8143,05/12/2014,,
97404,OR,4.08,18773.63156,01/16/2014,,
97229,OR,3.24,25517.97014,01/07/2014,,
97601,OR,8.25,32304.88769,10/22/2014,,
97754,OR,3,26930.39438,03/04/2014,,
97401,OR,6.875,20348.68803,09/05/2014,,
97330,OR,3.3,13978.54247,11/19/2014,,
97330,OR,4.95,17047.12527,11/07/2014,,
97401,OR,3.27,14532.19384,03/31/2014,,
97424,OR,4.32,19344.1829,09/23/2014,,
97701,OR,4.2,31758.10436,12/19/2014,,
97403,OR,3.3,13101.06796,06/17/2014,,
97403,OR,3.78,14306.77202,03/05/2014,,
97402,OR,3.78,14721.1063,04/03/2014,,
97456,OR,4.125,14971.67777,12/09/2014,,
97405,OR,4.16,16040.0154,03/13/2014,,
97330,OR,12.1,33750.40085,11/17/2014,,
97446,OR,4.24,13725.68464,03/31/2014,,
97405,OR,3.24,12650.69512,01/16/2014,,
97701,OR,5.83,21586.24005,08/29/2014,,
97405,OR,4.505,17628.57935,02/25/2014,,
97759,OR,7.15,32937.69109,12/26/2014,,
97754,OR,1.62,11443.75785,04/15/2014,,
97403,OR,3.27,16577.96593,11/25/2014,,
97304,OR,4.335,21852.60038,12/29/2014,,
97330,OR,3.025,13655.61855,04/14/2014,,
97404,OR,3.24,12417.68543,11/05/2014,,
97402,OR,3.36,16601.09423,02/04/2014,,
97756,OR,11.772,51538.93192,01/07/2014,,
97304,OR,6.63,31750.03881,12/08/2014,,
97754,OR,1.84,7509.010491,02/10/2014,,
97444,OR,4.08,27145.61777,12/30/2014,,
97759,OR,3.3,10247.28167,12/22/2014,,
97520,OR,7.848,34090.6151,04/29/2014,,
97330,OR,3.3,12642.75011,12/22/2014,,
97456,OR,6,13583.21311,05/09/2014,,
97405,OR,3.24,12536.89763,06/26/2014,,
97370,OR,4.95,19273.56917,09/09/2014,,
97403,OR,3.27,14912.90626,03/31/2014,,
97330,OR,4.77,17874.63049,04/11/2014,,
97520,OR,4.05,12802.30735,10/13/2014,,
97405,OR,3.24,12122.47303,07/31/2014,,
97520,OR,3.3,13009.34416,03/04/2014,,
97524,OR,2.24,13017.16681,11/21/2014,,
97520,OR,2.65,11730.87526,02/04/2014,,
97520,OR,2.24,9586.80672,08/19/2014,,
97456,OR,6,18958.07601,12/17/2014,,
97405,OR,3.24,14419.0748,02/10/2014,,
97405,OR,3.24,12230.22219,11/17/2014,,
97520,OR,3.51,15290.29844,04/22/2014,,
97391,OR,3.24,12946.21536,01/06/2014,,
97370,OR,3.3,12261.89842,10/24/2014,,
97355,OR,3.5,23869.72257,10/20/2014,,
97850,OR,3.12,15579.65907,02/11/2014,,
97031,OR,5.25,24841.13326,07/02/2014,,
97405,OR,3.24,11780.55766,09/10/2014,,
97330,OR,4.9,12981.57522,04/22/2014,,
97401,OR,2.1,17414.37579,05/19/2014,,
97424,OR,2.943,19678.50795,02/04/2014,,
97520,OR,3.24,12183.35427,09/03/2014,,
97754,OR,4,19637.16655,02/25/2014,,
97404,OR,7.35,35202.70904,02/25/2014,,
97426,OR,4.32,13028.72987,09/18/2014,,
97404,OR,2.88,14280.10465,01/16/2014,,
97520,OR,3.36,12831.70853,11/17/2014,,
97408,OR,3.24,11934.71439,09/11/2014,,
97477,OR,2.94,11988.4206,09/18/2014,,
97401,OR,2.97,17467.68698,03/25/2014,,
97720,OR,2.76,18973.07147,04/03/2014,,
97361,OR,3.5,23947.11064,08/06/2014,,
97405,OR,3.18,13354.99096,03/31/2014,,
97426,OR,3.24,12370.57845,10/03/2014,,
97402,OR,2.7,12453.84565,02/10/2014,,
97520,OR,2.12,10357.38159,03/10/2014,,
97330,OR,3.3,13365.64875,10/20/2014,,
97520,OR,3.924,18396.51207,12/30/2014,,
97408,OR,4.32,13414.21196,07/10/2014,,
97914,OR,5.04,15243.89009,12/09/2014,,
97520,OR,3.24,16894.02227,04/22/2014,,
97734,OR,3,18084.33286,04/09/2014,,
97333,OR,6.05,19495.4433,12/17/2014,,
97405,OR,6,13820.38469,04/28/2014,,
97424,OR,3,15415.67275,09/12/2014,,
97455,OR,3.24,15004.04449,07/30/2014,,
97477,OR,2.94,11988.4206,09/18/2014,,
97753,OR,6.6,23266.08807,12/09/2014,,
97520,OR,5.232,24040.49301,09/05/2014,,
97487,OR,6.6,22180.26336,12/19/2014,,
97304,OR,4.845,24153.88594,10/24/2014,,
97405,OR,3.28,12565.16623,04/09/2014,,
97405,OR,4.77,15264.56432,03/04/2014,,
97141,OR,2.97,18565.87827,11/07/2014,,
97833,OR,2.52,20835.33284,12/19/2014,,
97330,OR,4.95,16887.99604,07/29/2014,,
97754,OR,3.36,15901.81286,05/15/2014,,
97405,OR,9.72,29000.83904,04/03/2014,,
97520,OR,3.18,13274.84098,03/25/2014,,
97330,OR,9.625,30522.05877,12/26/2014,,
97405,OR,3,17391.34286,12/01/2014,,
97330,OR,6.05,22914.65162,09/16/2014,,
97520,OR,3.18,12178.09337,11/17/2014,,
97754,OR,1.68,9356.038363,12/19/2014,,
97402,OR,3.24,12420.94748,12/15/2014,,
97520,OR,3.445,14713.26445,01/21/2014,,
97477,OR,2.94,11988.4206,09/18/2014,,
97405,OR,8.75,46832.11651,10/16/2014,,
97520,OR,2.616,13591.92614,08/07/2014,,
97405,OR,3.27,16632.35236,02/25/2014,,
97405,OR,2.88,14563.48022,01/03/2014,,
97734,OR,2.94,23123.27018,03/25/2014,,
97333,OR,5.225,20590.75793,05/09/2014,,
97405,OR,3.3,14316.3518,12/30/2014,,
97520,OR,2.915,6303.051508,02/11/2014,,
97741,OR,1.5,5559.73871,11/07/2014,,
97455,OR,4.48,13758.99996,11/12/2014,,
97031,OR,16.695,43171.68185,11/19/2014,,
97401,OR,2.97,12476.39814,12/01/2014,,
97520,OR,4.905,24905.72021,07/22/2014,,
97489,OR,3.885,22532.65917,10/20/2014,,
97520,OR,3.36,11974.49677,09/03/2014,,
97439,OR,4.125,24230.45388,09/05/2014,,
97405,OR,2.88,14308.15884,02/10/2014,,
97401,OR,3.27,15033.66268,04/22/2014,,
97404,OR,2.36,8277.602832,01/03/2014,,
97116,OR,4.59,14408.85094,07/24/2014,,
97520,OR,3.27,16668.40042,07/15/2014,,
97520,OR,5.3,20031.48457,03/13/2014,,
97402,OR,3.78,14447.46366,10/15/2014,,
97408,OR,3.24,13035.90416,05/21/2014,,
97487,OR,5.39,26460.51511,03/13/2014,,
97401,OR,3.71,14005.66076,02/04/2014,,
97477,OR,2.94,11988.4206,09/18/2014,,
97365,OR,3.3,12809.61405,08/25/2014,,
97405,OR,3.92,18763.3691,04/14/2014,,
97330,OR,4.4,16776.12114,06/26/2014,,
97520,OR,8.745,31065.04694,01/24/2014,,
97439,OR,17.64,63055.81768,11/21/2014,,
97448,OR,5.88,23803.54794,01/03/2014,,
97734,OR,3,6668.563645,08/21/2014,,
97734,OR,1.62,13294.87848,03/04/2014,,
97702,OR,2.65,11378.84997,04/03/2014,,
97304,OR,5,23944.60249,12/31/2014,,
97149,OR,3.18,17948.21898,02/25/2014,,
97734,OR,0.51,1970.312232,05/21/2014,,
97520,OR,5.565,24807.79024,04/08/2014,,
97219,OR,2.805,17274.7772,01/16/2014,,
97520,OR,4.86,18929.76298,08/20/2014,,
97463,OR,11.76,40989.70333,03/31/2014,,
97463,OR,3.12,15477.0395,08/01/2014,,
97218,OR,3,15028.12187,03/25/2014,,
97520,OR,6.36,26507.60322,03/31/2014,,
97520,OR,7.15,27417.08686,04/22/2014,,
97759,OR,7.32,31934.67504,04/04/2014,,
97056,OR,3,12773.90359,03/31/2014,,
97756,OR,3.24,15005.95636,12/26/2014,,
97734,OR,3.36,28439.63555,04/17/2014,,
97850,OR,2.8,12698.78732,07/30/2014,,
97330,OR,3.71,12897.45015,06/26/2014,,
97520,OR,2.8,11824.37943,07/09/2014,,
97850,OR,2.6,13116.2407,01/09/2014,,
97361,OR,2.16,8116.68599,01/31/2014,,
97304,OR,4.5,21230.88154,06/20/2014,,
97054,OR,4.32,20121.53164,12/15/2014,,
97463,OR,1.1,5764.467048,09/16/2014,,
97756,OR,3.24,13966.50856,12/26/2014,,
97734,OR,2.4,20610.20202,02/04/2014,,
97218,OR,3,14978.74064,04/14/2014,,
97478,OR,2.94,12120.08945,02/14/2014,,
97520,OR,6.36,35406.90885,05/29/2014,,
97702,OR,2.94,13549.35467,03/04/2014,,
97734,OR,1.84,10907.41085,03/13/2014,,
97330,OR,5.6,19123.41979,12/01/2014,,
97405,OR,4.82,22802.62494,01/22/2014,,
97734,OR,3.42,24039.40394,11/21/2014,,
97520,OR,3.975,17901.23962,01/03/2014,,
97810,OR,1.92,6594.339875,03/13/2014,,
97404,OR,4.05,13533.44259,11/05/2014,,
