Zipcode,State,Size (kW DC),Cost,Date Installed,Filters=state=PA
17033,PA,10.23,33910,03/27/2016,,
16914,PA,25.2,99160.0,10/03/2014,,
16652,PA,36.0,112900.0,12/17/2014,,
17543,PA,11.4,39730.0,12/09/2014,,
17801,PA,46.8,133200.0,11/19/2014,,
17512,PA,69.3,189900.0,12/24/2014,,
17522,PA,151.6,388000.0,12/05/2014,,
17057,PA,18.0,65490.0,11/12/2014,,
17837,PA,9.9,42108.0,10/29/2014,,
17007,PA,6.6,27050.0,11/15/2014,,
17364,PA,631.6,,07/01/2011,,
17968,PA,1004.0,,04/02/2010,,
17724,PA,36.0,128900.0,09/06/2014,,
16947,PA,19.8,58410.0,08/01/2014,,
17022,PA,28.0,79990.0,09/25/2014,,
17038,PA,10.8,38650.0,08/20/2014,,
17509,PA,97.5,237800.0,07/31/2014,,
17557,PA,70.0,182800.0,07/01/2014,,
16506,PA,4.48,25536.0,09/08/2011,,
16407,PA,3.84,22176.0,12/23/2010,,
16509,PA,2.7,20776.0,10/26/2011,,
16415,PA,6.88,46376.0,01/05/2011,,
16511,PA,4.14,25254.0,08/26/2011,,
16428,PA,4.0,28000.0,07/12/2010,,
16335,PA,3.24,12150.0,05/30/2014,,
16506,PA,5.6,41181.0,12/14/2009,,
16424,PA,5.0,22050.0,06/28/2012,,
16505,PA,2.5,10000.0,07/09/2013,,
16410,PA,10.0,53000.0,10/24/2011,,
16508,PA,1.44,7200.0,05/20/2013,,
16441,PA,3.96,26928.0,12/23/2010,,
16441,PA,6.37,26460.0,05/31/2012,,
16510,PA,8.1,26325.0,08/08/2014,,
16510,PA,4.8,32640.0,07/12/2010,,
16335,PA,8.55,56166.0,06/20/2011,,
16510,PA,2.2,13450.0,08/19/2011,,
16242,PA,10.0,71000.0,07/12/2010,,
16506,PA,1.96,8820.0,06/26/2012,,
16506,PA,26.6,,11/29/2010,,
16506,PA,6.16,38808.0,11/19/2010,,
16407,PA,14.31,56160.0,11/19/2013,,
16511,PA,3.71,14469.0,10/25/2013,,
16511,PA,2.7,8775.0,06/20/2014,,
16426,PA,6.1,30000.0,07/19/2011,,
16505,PA,2.52,14616.0,07/26/2011,,
16442,PA,10.0,46305.0,06/27/2012,,
16506,PA,3.43,15659.0,06/25/2012,,
16433,PA,5.83,20500.0,11/19/2013,,
16417,PA,9.8,37240.0,10/02/2012,,
16510,PA,3.84,24192.0,05/18/2011,,
16510,PA,2.76,17595.0,04/26/2011,,
16415,PA,3.92,17640.0,05/24/2012,,
16415,PA,4.32,16200.0,05/17/2014,,
16412,PA,8.72,55000.0,05/20/2010,,
16428,PA,3.92,13975.0,10/26/2011,,
16510,PA,9.2,62370.0,08/17/2010,,
16410,PA,10.335,39000.0,11/06/2013,,
16415,PA,1.44,8500.0,08/19/2011,,
16510,PA,3.52,22176.0,12/23/2010,,
16510,PA,1.92,11904.0,06/03/2011,,
16316,PA,22.4,137760.0,08/19/2010,,
16506,PA,6.8,46920.0,06/08/2010,,
16510,PA,3.92,15680.0,08/15/2012,,
16510,PA,11.0,67584.0,12/13/2010,,
16511,PA,17.28,70835.0,04/22/2014,,
16335,PA,3.0,10500.0,04/09/2014,,
16335,PA,2.24,7000.0,03/15/2013,,
16335,PA,1.68,8400.0,01/09/2012,,
17363,PA,241.8,,07/09/2014,,
17522,PA,22.2,69950.0,06/30/2014,,
18066,PA,10.2,34560.0,06/30/2014,,
17257,PA,7.0,30628.0,06/04/2014,,
17522,PA,215.6,,08/27/2013,,
18240,PA,11458.0,,10/15/2012,,
18470,PA,31.84,,01/25/2012,,
18966,PA,23.4,,10/08/2013,,
18942,PA,12.495,,01/07/2014,,
19122,PA,63.0,,11/16/2013,,
17529,PA,153.12,399900.0,01/29/2014,,
15219,PA,23.04,,08/16/2013,,
15219,PA,27.04,,08/16/2013,,
17522,PA,99.9,300000.0,12/31/2013,,
17545,PA,66.99,179500.0,12/31/2013,,
19007,PA,99.0,246400.0,12/30/2013,,
17602,PA,11.6,45000.0,11/15/2013,,
19335,PA,10.5,47410.0,11/15/2013,,
16875,PA,3.75,17060.0,11/13/2013,,
17529,PA,8.415,24960.0,11/12/2013,,
17557,PA,88.74,242500.0,11/09/2013,,
18036,PA,33.0,113520.0,10/15/2013,,
16662,PA,24.0,97620.0,10/11/2013,,
16914,PA,58.5,199900.0,11/13/2013,,
16506,PA,28.91,,11/29/2010,,
16415,PA,7.04,,02/01/2011,,
19348,PA,370.76,,12/02/2011,,
19355,PA,160.98,,11/29/2011,,
17601,PA,922.32,4500000.0,08/05/2011,,
17603,PA,595.925,,06/01/2011,,
17222,PA,115.92,,03/07/2011,,
17082,PA,76.14,,06/17/2011,,
19507,PA,302.94,,04/15/2011,,
19741,PA,1008.0,,12/01/2011,,
19543,PA,5999.65,,04/11/2011,,
17042,PA,7.0,32700.0,08/19/2013,,
17529,PA,10.045,32790.0,08/09/2013,,
17847,PA,5.75,24240.0,09/20/2013,,
19320,PA,5.4,20820.0,09/30/2013,,
17552,PA,104.4,260050.0,08/06/2013,,
16875,PA,10.0,48640.0,09/04/2013,,
19352,PA,3.0,14000.0,08/07/2013,,
15218,PA,5.0,23270.0,09/16/2013,,
19530,PA,8.55,32879.0,06/20/2013,,
17042,PA,4.5,18950.0,05/22/2013,,
16679,PA,10.26,49235.2,06/11/2013,,
19512,PA,11.4,38710.0,05/08/2013,,
16693,PA,12.74,52351.6,06/09/2013,,
17844,PA,10.78,39102.0,04/23/2013,,
18944,PA,13.68,47300.0,04/19/2013,,
17847,PA,11.25,46600.0,04/11/2013,,
19063,PA,8.84,,01/17/2013,,
17111,PA,85.54,,11/11/2011,,
18301,PA,14.0,,03/21/2013,,
19320,PA,39.2,,09/24/2012,,
19320,PA,29.4,,10/26/2012,,
19320,PA,29.4,,09/04/2012,,
17112,PA,1063.0,5400000.0,09/30/2011,,
16631,PA,10.0,43300.0,01/04/2013,,
18947,PA,7.2,,05/18/2012,,
18938,PA,13.8,,12/22/2011,,
15213,PA,8.25,,02/02/2012,,
16650,PA,7.84,31750.0,03/21/2013,,
18930,PA,6.0,25000.0,01/21/2013,,
17527,PA,3.0,13200.0,03/08/2013,,
19465,PA,4.8,51262.40118,08/31/2004,,
19363,PA,2.4,28542.61962,05/06/2002,,
19319,PA,3.72,44513.83439,07/16/2003,,
19438,PA,4.8,48661.82811,08/31/2004,,
19151,PA,2.88,28219.63653,08/09/2003,,
19464,PA,3.15,36439.51255,10/28/2006,,
18901,PA,4.8,41475.64749,08/31/2004,,
17522,PA,8.736,56518.0,12/13/2010,,
19438,PA,88.83,,07/20/2012,,
18073,PA,9.87,,10/03/2012,,
18930,PA,6.0,0.0,10/03/2012,,
17243,PA,3.5,16450.0,12/18/2012,,
16662,PA,10.0,42100.0,12/18/2012,,
16662,PA,17.25,71000.0,12/10/2012,,
17557,PA,1120.0,3640000.0,12/21/2012,,
17032,PA,113.4,,09/06/2011,,
19525,PA,8.12,,08/12/2011,,
17601,PA,10.08,,05/01/2011,,
18337,PA,8.96,,05/25/2011,,
17512,PA,8.82,,01/24/2011,,
17543,PA,17.94,,05/02/2011,,
19335,PA,8.36,,08/08/2011,,
16506,PA,4.48,25536.0,09/08/2011,,
16407,PA,3.84,22176.0,12/23/2010,,
16509,PA,2.7,20776.0,10/26/2011,,
16415,PA,6.88,46376.0,01/05/2011,,
16511,PA,4.14,25254.0,08/26/2011,,
18465,PA,4.0,28000.0,07/12/2010,,
16506,PA,5.6,41181.0,12/14/2009,,
16424,PA,5.0,22050.0,06/28/2012,,
16410,PA,10.0,53000.0,10/24/2011,,
16441,PA,3.96,26928.0,12/23/2010,,
16441,PA,6.37,26460.0,05/31/2012,,
16510,PA,4.8,32640.0,07/12/2010,,
16335,PA,8.55,56166.0,06/20/2011,,
16504,PA,2.2,13450.0,08/19/2011,,
16242,PA,10.0,71000.0,07/12/2010,,
16506,PA,1.96,8820.0,06/26/2012,,
16506,PA,6.16,38808.0,11/19/2010,,
16426,PA,6.1,30000.0,07/19/2011,,
16505,PA,2.52,14616.0,07/26/2011,,
16442,PA,10.0,46305.0,06/27/2012,,
16506,PA,3.43,15659.0,06/25/2012,,
16417,PA,9.8,37240.0,10/02/2012,,
16510,PA,3.84,24192.0,05/18/2011,,
16510,PA,2.76,17595.0,04/26/2011,,
16415,PA,3.92,17640.0,05/24/2012,,
16412,PA,8.72,55000.0,05/20/2010,,
16428,PA,3.92,13975.0,10/26/2011,,
16510,PA,9.2,62370.0,08/17/2010,,
16415,PA,1.44,8500.0,08/19/2011,,
16510,PA,1.92,11904.0,06/03/2011,,
16316,PA,22.4,137760.0,08/19/2010,,
16506,PA,6.8,46920.0,06/08/2010,,
16510,PA,11.0,67584.0,12/13/2010,,
16335,PA,1.68,8400.0,02/14/2011,,
19365,PA,7.65,,04/07/2011,,
15486,PA,7.98,,07/21/2011,,
19073,PA,7.82,,06/01/2011,,
17601,PA,10.12,,06/06/2011,,
17543,PA,121.0,,07/06/2011,,
17603,PA,68.64,,10/18/2011,,
19540,PA,108.0,,05/18/2012,,
18938,PA,10.5,,12/30/2011,,
17566,PA,6003.58,,09/14/2012,,
19380,PA,7.2,49000.0,12/22/2009,,
17327,PA,11.25,51900.0,08/30/2012,,
17844,PA,51.84,208400.0,07/20/2012,,
19148,PA,1008.0,,07/31/2012,,
19428,PA,1142.4,,07/31/2012,,
19428,PA,57.1,,07/31/2012,,
15205,PA,694.0,,07/17/2012,,
19320,PA,4.8,,07/07/2003,,
17837,PA,2.5,,08/11/2006,,
19341,PA,4.8,20546.0,05/27/2010,,
19382,PA,8.6,71380.0,06/18/2010,,
17032,PA,7.55,25000.0,07/18/2009,,
19464,PA,2.03,8000.0,07/11/2012,,
19464,PA,6.3,42000.0,08/10/2010,,
19512,PA,12.88,91000.0,09/30/2011,,
19454,PA,9.2,51000.0,10/12/2011,,
19426,PA,8.28,46875.7,11/09/2010,,
17522,PA,20.16,,09/23/2011,,
17225,PA,10.08,,09/30/2011,,
17033,PA,5.04,,11/14/2011,,
17073,PA,3.28,,06/22/2011,,
17315,PA,7.35,,09/22/2011,,
19540,PA,13.505,,02/23/2012,,
17325,PA,13.86,,04/21/2011,,
17112,PA,11.2,,11/15/2011,,
17047,PA,8.46,,10/04/2011,,
17064,PA,199.65,,12/22/2011,,
19382,PA,2.43,,01/14/2012,,
18960,PA,5.76,,12/20/2011,,
19063,PA,6.65,,12/22/2011,,
17985,PA,6.0,,01/30/2012,,
19545,PA,127.41,,10/09/2009,,
17331,PA,3546.0,,05/02/2011,,
17552,PA,12.32,,12/07/2011,,
17842,PA,10.08,,09/12/2011,,
19330,PA,7.5,36890.0,05/26/2012,,
17830,PA,8.64,39760.0,04/12/2012,,
19320,PA,27.84,119700.0,03/13/2012,,
18930,PA,14.4,62630.0,02/20/2012,,
17094,PA,96.0,358600.0,02/08/2012,,
17870,PA,15.12,,09/27/2011,,
17601,PA,37.52,,10/18/2011,,
15217,PA,2.96,,10/28/2011,,
17053,PA,11.04,,11/04/2011,,
18069,PA,6.075,,01/19/2010,,
17404,PA,41.82,,12/28/2011,,
17025,PA,9.435,,12/30/2010,,
17325,PA,19.32,,01/30/2012,,
19520,PA,4.8,,11/04/2010,,
19382,PA,6.21,,03/22/2012,,
18801,PA,10.12,,02/27/2011,,
19606,PA,2.115,,03/07/2012,,
19539,PA,26.88,,02/23/2012,,
17067,PA,101.2,613300.0,02/15/2011,,
17552,PA,306.6,1440180.0,01/13/2011,,
17964,PA,98.0,425980.0,06/20/2011,,
17082,PA,37.44,254800.0,02/04/2011,,
17976,PA,4.51,29740.0,12/27/2011,,
17601,PA,60.72,287000.0,08/11/2011,,
17349,PA,4.14,30790.0,04/15/2011,,
19348,PA,39.22,220000.0,06/09/2011,,
17846,PA,81.88,384000.0,02/09/2011,,
17545,PA,20.64,101810.0,05/06/2011,,
19508,PA,98.67,557230.0,02/14/2011,,
19540,PA,35.045,173300.0,04/22/2011,,
17545,PA,108.68,467500.0,06/02/2011,,
19020,PA,199.6,1280000.0,01/24/2011,,
19464,PA,136.955,726300.0,06/29/2011,,
19522,PA,104.625,664700.0,06/14/2011,,
17602,PA,250.51,,09/29/2011,,
19462,PA,29.0,119000.0,03/01/2012,,
19504,PA,109.94,,12/31/2011,,
15108,PA,43.2,,10/01/2010,,
19446,PA,9.2,,01/10/2012,,
19380,PA,4.6,,06/23/2011,,
19139,PA,3.68,,07/07/2011,,
19073,PA,8.97,,01/17/2012,,
19063,PA,2.76,,11/02/2011,,
19027,PA,3.91,,06/14/2011,,
19001,PA,3.22,,07/14/2011,,
18976,PA,8.28,,10/26/2011,,
18955,PA,5.17,,12/02/2011,,
19475,PA,5.29,,10/17/2011,,
19460,PA,6.44,,07/11/2011,,
19440,PA,8.05,,07/21/2011,,
19382,PA,3.68,,04/21/2011,,
19380,PA,7.13,,06/23/2011,,
19350,PA,8.28,,06/01/2011,,
19317,PA,9.4,,04/06/2011,,
19087,PA,6.86,,06/23/2011,,
19087,PA,2.76,,06/23/2011,,
19063,PA,9.66,,07/27/2011,,
19026,PA,3.68,,06/09/2011,,
17370,PA,3.22,,08/22/2011,,
17349,PA,6.75,,06/14/2011,,
17578,PA,777.6,,05/06/2011,,
19605,PA,962.3,,05/12/2011,,
15205,PA,106.0,,02/07/2011,,
17013,PA,207.0,,10/13/2009,,
17837,PA,469.8,,05/25/2011,,
19446,PA,409.6,1400000.0,05/25/2011,,
19362,PA,5.06,29900.0,06/10/2011,,
18426,PA,10.34,70800.0,08/05/2010,,
17356,PA,10.56,55900.0,07/01/2011,,
17562,PA,41.4,242190.0,05/05/2011,,
17557,PA,10.34,65700.0,02/09/2010,,
17527,PA,9.6,52700.0,11/02/2011,,
17540,PA,6.44,23000.0,06/18/2011,,
17562,PA,4.32,28080.0,10/09/2009,,
17516,PA,6.9,40700.0,05/09/2011,,
18951,PA,14.8,94000.0,08/03/2011,,
17529,PA,6.44,36000.0,06/10/2011,,
17557,PA,11.96,38600.0,02/17/2011,,
17527,PA,4.7,28200.0,08/17/2010,,
17572,PA,10.34,65000.0,01/28/2011,,
17527,PA,4.23,26400.0,05/20/2010,,
19520,PA,6.72,43000.0,04/14/2011,,
17532,PA,6.345,38000.0,08/03/2010,,
17527,PA,10.34,48116.0,01/06/2010,,
17087,PA,10.12,57700.0,05/10/2011,,
17562,PA,9.4,56950.0,10/22/2010,,
17527,PA,42.48,201800.0,12/28/2011,,
17078,PA,92.16,393500.0,11/30/2011,,
17562,PA,7.755,47900.0,08/13/2010,,
19344,PA,40.48,237800.0,02/15/2011,,
17535,PA,59.8,284000.0,09/29/2011,,
17557,PA,120.96,579400.0,01/19/2011,,
17557,PA,99.84,357400.0,12/23/2011,,
17017,PA,70.84,347000.0,03/15/2011,,
19567,PA,17.28,89000.0,07/27/2011,,
17543,PA,70.3,332000.0,05/31/2011,,
17545,PA,100.8,438500.0,07/18/2011,,
17562,PA,82.72,360000.0,06/10/2010,,
17964,PA,69.92,347100.0,07/21/2011,,
19540,PA,52.0,285000.0,03/09/2011,,
19330,PA,99.84,459000.0,10/01/2010,,
17540,PA,24.0,99400.0,12/01/2011,,
17855,PA,34.3,189000.0,08/24/2011,,
19330,PA,32.2,154500.0,06/28/2011,,
17566,PA,245.0,1104000.0,04/05/2011,,
17067,PA,46.08,206900.0,10/25/2011,,
17038,PA,80.64,351600.0,12/19/2011,,
17042,PA,36.8,200500.0,04/27/2011,,
17049,PA,98.0,475200.0,04/14/2011,,
17545,PA,10.34,58000.0,11/13/2010,,
19343,PA,8.0,68500.0,07/02/2010,,
18947,PA,9.87,59220.0,03/11/2011,,
17331,PA,76.8,341800.0,09/26/2011,,
17519,PA,28.56,137000.0,08/09/2011,,
19363,PA,94.325,438500.0,04/11/2011,,
17505,PA,12.96,72500.0,02/07/2011,,
19330,PA,66.24,311400.0,06/02/2011,,
17042,PA,19.32,107000.0,08/25/2011,,
17055,PA,221.44,,12/30/2009,,
18427,PA,10.35,,02/10/2011,,
19034,PA,1003.52,4400000.0,07/11/2011,,
18974,PA,370.76,,05/23/2011,,
17050,PA,382.72,,05/23/2011,,
17364,PA,631.68,2700000.0,08/04/2011,,
17331,PA,328.9,,05/23/2011,,
19020,PA,307.97,,05/23/2011,,
15642,PA,316.94,,05/23/2011,,
19468,PA,301.99,,05/23/2011,,
19063,PA,301.99,,05/23/2011,,
17516,PA,10.08,,09/25/2011,,
17517,PA,10.29,,05/12/2011,,
19380,PA,3.29,,07/05/2011,,
19382,PA,28.2,,06/14/2011,,
17375,PA,3251.28,19000000.0,12/20/2010,,
18017,PA,276.36,1200000.0,01/25/2011,,
18042,PA,31.02,169943.0,08/25/2010,,
16823,PA,274.95,1200000.0,04/07/2011,,
16823,PA,510.85,2700000.0,05/04/2011,,
17257,PA,998.4,4195890.0,11/21/2011,,
17566,PA,499.68,2200000.0,01/03/2012,,
19460,PA,1500.0,7800000.0,02/01/2012,,
16823,PA,540.735,,09/14/2011,,
19312,PA,3.68,,01/14/2011,,
19390,PA,1129.28,,11/30/2011,,
17201,PA,5.4,42000.0,12/23/2009,,
19530,PA,9.87,25000.0,01/12/2012,,
19365,PA,982.1,,03/03/2011,,
17701,PA,15.75,93750.0,12/09/2011,,
17963,PA,503.0,,09/19/2011,,
17837,PA,110.88,,04/20/2011,,
15213,PA,125.0,,09/17/2011,,
18974,PA,12.3,63000.0,05/30/2011,,
19426,PA,406.56,,12/14/2010,,
17968,PA,1000.0,5000000.0,05/19/2011,,
19406,PA,5.51,36000.0,01/07/2011,,
17961,PA,450.24,2500000.0,07/28/2011,,
18940,PA,79.625,,05/23/2011,,
15765,PA,2.0,18500.0,08/05/2010,,
18087,PA,2000.0,9000000.0,06/30/2011,,
18902,PA,137.54,828000.0,07/01/2011,,
19348,PA,1197.56,6666980.0,05/25/2011,,
18969,PA,0.96,8000.0,05/01/2008,,
18810,PA,11.2,77500.0,12/16/2009,,
17236,PA,9.87,65142.0,04/14/2011,,
17268,PA,10.575,63450.0,05/20/2011,,
17267,PA,5.64,39480.0,06/17/2011,,
17268,PA,4.935,30100.5,06/16/2011,,
17202,PA,4.935,28856.75,06/13/2011,,
17215,PA,5.17,33605.0,04/07/2011,,
19067,PA,5.425,33577.5,06/15/2007,,
17545,PA,20.72,132000.0,07/01/2010,,
16823,PA,3.24,23000.0,06/30/2009,,
17038,PA,6.765,,11/04/2010,,
17033,PA,16.75,,04/29/2010,,
17847,PA,11.0,,12/28/2010,,
18020,PA,293.0,,04/20/2011,,
17821,PA,16.5,,12/28/2010,,
17038,PA,26.75,,07/05/2010,,
17038,PA,7.15,,05/01/2009,,
17026,PA,9.9,,10/01/2010,,
17026,PA,15.68,,06/01/2009,,
17033,PA,248.0,,04/01/2011,,
18940,PA,6.0,46000.0,02/23/2011,,
15066,PA,3.65,39000.0,07/07/2009,,
19380,PA,12.58,67303.0,12/21/2010,,
18405,PA,10.125,53122.0,10/13/1997,,
17201,PA,2.07,24168.0,11/04/2009,,
17238,PA,4.14,19903.0,12/07/2010,,
17236,PA,6.75,47250.0,09/27/2010,,
17222,PA,4.7,31725.0,09/27/2010,,
17222,PA,8.46,55890.0,09/27/2010,,
17222,PA,5.875,35900.0,10/05/2010,,
17222,PA,5.64,38070.0,10/05/2010,,
17202,PA,11.28,63055.0,10/05/2010,,
17222,PA,5.64,39480.0,11/09/2010,,
17013,PA,1236.0,7750255.0,10/19/2010,,
19464,PA,617.4,4387340.0,06/04/2010,,
18042,PA,1900.0,12020000.0,05/04/2010,,
17961,PA,8.505,60000.0,10/28/2010,,
17074,PA,8.46,49957.8,10/28/2010,,
18055,PA,10.66,78500.0,10/28/2010,,
17055,PA,3.44,27005.0,10/28/2010,,
17870,PA,8.46,54196.0,10/28/2010,,
19341,PA,2.8,15999.23,10/28/2010,,
19343,PA,3.36,20700.0,10/28/2010,,
19465,PA,6.88,42070.75,10/28/2010,,
19060,PA,5.33,29848.0,10/28/2010,,
18976,PA,8.064,45300.0,10/28/2010,,
18072,PA,11.28,81780.0,10/28/2010,,
18651,PA,9.72,112886.0,10/29/2010,,
17545,PA,12.6,70056.91,10/29/2010,,
18643,PA,9.66,67620.0,10/29/2010,,
17015,PA,10.105,61641.0,10/29/2010,,
17960,PA,10.08,61228.0,10/29/2010,,
17536,PA,10.08,56944.0,10/29/2010,,
17751,PA,10.175,54918.75,10/29/2010,,
17810,PA,10.08,53920.0,10/29/2010,,
19355,PA,5.17,35880.2,10/29/2010,,
19335,PA,8.61,50799.0,10/29/2010,,
19085,PA,10.44,58193.0,10/29/2010,,
19320,PA,9.66,59960.0,10/29/2010,,
19541,PA,8.51,47230.0,10/29/2010,,
19541,PA,1.11,6049.5,10/29/2010,,
15650,PA,10.0,75800.0,10/29/2010,,
17202,PA,9.36,53198.0,10/29/2010,,
17563,PA,13.86,73676.0,10/30/2010,,
17519,PA,10.08,56698.0,10/30/2010,,
17090,PA,10.08,52093.75,10/31/2010,,
19067,PA,4.23,24745.5,10/31/2010,,
17062,PA,3.44,22510.0,11/01/2010,,
17922,PA,4.8,45930.0,11/01/2010,,
17508,PA,6.93,43700.0,11/01/2010,,
18237,PA,3.22,24150.0,11/01/2010,,
17512,PA,31.5,154350.0,11/01/2010,,
17821,PA,10.08,62068.0,11/01/2010,,
18077,PA,5.94,33561.0,11/01/2010,,
18067,PA,2.46,17900.0,11/01/2010,,
17563,PA,5.88,34595.0,11/01/2010,,
17602,PA,9.36,49500.0,11/01/2010,,
17960,PA,4.51,31995.0,11/01/2010,,
18411,PA,5.33,36995.0,11/01/2010,,
17517,PA,10.125,63813.0,11/01/2010,,
18092,PA,6.56,39999.0,11/01/2010,,
17557,PA,9.66,60000.0,11/01/2010,,
17057,PA,5.33,36995.0,11/01/2010,,
17737,PA,5.4,40000.0,11/01/2010,,
17020,PA,5.04,32760.0,11/01/2010,,
18707,PA,6.3,43995.0,11/01/2010,,
17821,PA,5.33,35495.0,11/01/2010,,
19551,PA,5.04,30545.42,11/01/2010,,
19027,PA,3.29,21385.0,11/01/2010,,
17350,PA,10.08,61019.36,11/01/2010,,
19540,PA,6.975,42428.11,11/01/2010,,
17038,PA,7.56,43200.0,11/01/2010,,
17013,PA,6.93,44215.44,11/01/2010,,
17402,PA,6.93,42419.02,11/01/2010,,
19465,PA,4.62,30965.0,11/01/2010,,
18360,PA,7.98,54995.0,11/01/2010,,
19526,PA,1.35,6925.0,11/01/2010,,
18055,PA,59.8,397200.0,11/02/2010,,
17545,PA,2.94,17052.0,11/02/2010,,
17022,PA,10.08,55488.58,11/02/2010,,
18049,PA,6.66,44030.0,11/02/2010,,
17857,PA,9.72,55890.0,11/02/2010,,
19136,PA,103.635,603157.0,11/02/2010,,
18938,PA,15.84,104544.0,11/02/2010,,
18931,PA,34.56,228096.0,11/02/2010,,
18902,PA,20.16,133056.0,11/02/2010,,
19125,PA,3.3,23925.0,11/02/2010,,
19512,PA,10.08,68040.0,11/02/2010,,
19512,PA,10.66,72500.0,11/02/2010,,
17268,PA,17.28,96706.0,11/02/2010,,
16827,PA,9.66,72575.0,11/02/2010,,
18444,PA,7.38,45343.75,11/03/2010,,
17055,PA,10.08,65520.0,11/03/2010,,
17033,PA,26.04,144004.0,11/03/2010,,
17011,PA,7.2,53771.0,11/03/2010,,
19320,PA,10.12,64500.0,11/03/2010,,
17022,PA,5.04,32760.0,11/03/2010,,
19539,PA,5.76,38797.16,11/03/2010,,
16875,PA,9.4,68237.0,11/03/2010,,
17070,PA,3.06,26999.93,11/04/2010,,
17584,PA,6.3,36225.0,11/04/2010,,
17111,PA,9.6,73253.0,11/04/2010,,
17061,PA,9.99,53946.0,11/04/2010,,
17070,PA,14.96,97240.0,11/04/2010,,
19072,PA,6.21,43500.0,11/04/2010,,
19342,PA,7.2,49943.0,11/04/2010,,
19006,PA,10.175,57591.0,11/04/2010,,
19040,PA,3.78,28663.03,11/04/2010,,
17356,PA,7.38,40590.0,11/04/2010,,
17557,PA,143.585,831053.7,11/05/2010,,
19440,PA,10.56,58968.0,11/05/2010,,
19610,PA,4.224,25800.0,11/05/2010,,
18445,PA,9.2,50004.0,11/05/2010,,
17048,PA,2.52,16480.0,11/05/2010,,
17011,PA,1.08,12200.0,11/05/2010,,
19382,PA,64.155,355403.16,11/05/2010,,
18944,PA,10.08,73200.0,11/05/2010,,
19138,PA,6.72,45905.0,11/05/2010,,
19018,PA,3.68,22623.0,11/05/2010,,
19147,PA,4.2,31721.0,11/05/2010,,
19143,PA,3.136,21664.0,11/05/2010,,
19426,PA,8.28,49266.0,11/05/2010,,
19355,PA,5.98,37600.0,11/05/2010,,
19355,PA,7.05,45120.0,11/05/2010,,
17406,PA,8.6,45540.0,11/05/2010,,
17406,PA,2.52,16380.0,11/05/2010,,
19506,PA,7.68,47350.0,11/05/2010,,
18334,PA,5.67,35621.0,11/05/2010,,
17815,PA,4.2,33120.0,11/07/2010,,
18302,PA,10.35,57272.0,11/08/2010,,
17112,PA,6.3,36400.0,11/08/2010,,
17527,PA,12.544,59565.32,11/08/2010,,
17744,PA,10.08,54608.0,11/08/2010,,
16037,PA,8.97,49335.0,11/08/2010,,
19363,PA,99.84,459000.0,11/08/2010,,
19604,PA,4.4,38720.76,11/08/2010,,
17402,PA,6.58,42360.0,11/08/2010,,
19010,PA,1008.0,6000000.0,12/30/2009,,
18334,PA,2997.0,16000000.0,08/25/2010,,
17582,PA,4.41,32634.0,04/22/2010,,
17015,PA,4.62,30166.19,04/22/2010,,
17022,PA,113.4,576000.0,04/22/2010,,
17408,PA,5.67,40030.2,04/22/2010,,
17404,PA,5.46,36223.86,04/22/2010,,
15143,PA,2.52,20425.3,04/22/2010,,
18040,PA,7.425,51403.0,04/22/2010,,
17579,PA,5.04,39960.0,04/23/2010,,
18036,PA,9.6,77760.0,04/23/2010,,
17022,PA,7.8,44460.0,04/23/2010,,
19382,PA,9.6,87975.64,04/23/2010,,
17319,PA,20.16,146500.0,04/23/2010,,
17304,PA,6.15,46995.0,04/23/2010,,
17856,PA,1.344,7335.0,04/24/2010,,
18066,PA,10.32,72820.0,04/25/2010,,
18343,PA,5.16,46598.0,04/25/2010,,
18052,PA,4.5,31425.0,04/25/2010,,
17015,PA,5.98,34863.4,04/25/2010,,
18052,PA,5.16,36120.0,04/25/2010,,
18657,PA,10.12,77802.7,04/26/2010,,
17901,PA,1.4,11520.0,04/26/2010,,
18250,PA,4.6,35880.0,04/26/2010,,
18235,PA,6.58,47864.06,04/26/2010,,
17870,PA,6.15,41000.0,04/26/2010,,
17602,PA,3.2,22500.0,04/26/2010,,
19075,PA,1.36,12299.0,04/26/2010,,
19348,PA,3.375,24300.0,04/26/2010,,
19425,PA,9.87,70800.0,04/26/2010,,
19010,PA,6.3,60654.31,04/26/2010,,
17201,PA,1.988,18400.0,04/26/2010,,
17602,PA,5.88,36825.23,04/27/2010,,
17551,PA,7.26,43800.0,04/27/2010,,
19335,PA,7.26,37495.0,04/27/2010,,
17777,PA,4.2,32760.0,04/27/2010,,
19540,PA,10.32,54295.0,04/27/2010,,
17059,PA,18.0,121212.0,04/28/2010,,
17074,PA,5.52,40708.74,04/28/2010,,
18103,PA,10.25,73995.0,04/28/2010,,
17070,PA,10.12,72760.0,04/28/2010,,
19311,PA,3.42,30770.0,04/28/2010,,
19422,PA,3.76,33650.0,04/28/2010,,
17003,PA,3.5,26080.32,04/28/2010,,
17363,PA,10.32,72240.0,04/28/2010,,
17350,PA,5.6,43544.24,04/28/2010,,
17057,PA,4.2,26290.0,04/28/2010,,
17202,PA,2.07,24418.0,04/28/2010,,
17509,PA,9.856,56140.0,04/29/2010,,
18069,PA,5.92,41864.0,04/29/2010,,
18067,PA,3.78,29870.0,04/29/2010,,
17509,PA,12.544,81510.0,04/29/2010,,
19344,PA,3.36,34440.0,04/29/2010,,
18976,PA,54.99,321692.0,04/29/2010,,
19145,PA,36.0,246005.0,04/29/2010,,
19373,PA,4.14,26910.64,04/29/2010,,
17055,PA,9.72,63763.2,04/29/2010,,
17402,PA,4.14,31852.0,04/29/2010,,
17584,PA,6.3,40700.0,04/30/2010,,
19330,PA,4.48,33605.0,04/30/2010,,
17403,PA,10.08,66896.96,04/30/2010,,
18914,PA,5.98,47800.0,05/01/2010,,
19440,PA,4.4,34188.0,05/03/2010,,
17846,PA,2.05,14995.0,05/03/2010,,
17938,PA,4.86,30375.0,05/03/2010,,
19440,PA,4.8,37248.0,05/03/2010,,
19154,PA,119.392,625614.0,05/03/2010,,
19143,PA,81.0,481500.0,05/03/2010,,
19143,PA,7.0,50853.0,05/03/2010,,
19125,PA,7.0,47365.0,05/03/2010,,
19341,PA,112.86,678729.0,05/03/2010,,
19446,PA,5.6,45960.0,05/03/2010,,
19446,PA,4.8,37248.0,05/03/2010,,
19130,PA,4.0,34192.0,05/03/2010,,
18901,PA,122.36,710000.0,05/03/2010,,
19147,PA,3.24,24401.0,05/03/2010,,
19425,PA,3.6,28224.0,05/03/2010,,
19047,PA,4.86,34700.0,05/03/2010,,
19438,PA,6.0,45960.0,05/03/2010,,
19446,PA,6.0,45960.0,05/03/2010,,
18073,PA,10.12,66988.0,05/03/2010,,
19454,PA,6.0,45960.0,05/03/2010,,
19560,PA,10.12,58000.0,05/03/2010,,
18655,PA,10.12,69224.0,05/04/2010,,
17033,PA,5.46,34724.21,05/04/2010,,
18103,PA,11.18,74575.0,05/04/2010,,
19342,PA,6.075,48600.0,05/04/2010,,
19061,PA,5.06,41003.12,05/04/2010,,
19464,PA,10.56,53412.62,05/04/2010,,
16868,PA,5.94,45144.0,05/04/2010,,
17578,PA,7.56,48700.0,05/05/2010,,
17552,PA,9.87,69325.0,05/05/2010,,
17837,PA,4.84,41499.0,05/05/2010,,
17801,PA,12.3,70000.0,05/05/2010,,
17501,PA,5.88,43821.76,05/05/2010,,
17339,PA,4.4,28265.68,05/05/2010,,
19380,PA,3.456,28866.0,05/05/2010,,
19061,PA,3.68,30830.0,05/05/2010,,
19317,PA,10.12,73193.0,05/05/2010,,
19350,PA,5.06,40642.0,05/05/2010,,
18932,PA,13.2,79200.0,05/05/2010,,
18840,PA,6.21,49400.0,05/05/2010,,
18324,PA,3.3,30460.0,05/05/2010,,
17360,PA,3.15,23672.6,05/05/2010,,
17078,PA,9.45,61124.0,05/05/2010,,
15851,PA,10.32,70000.0,05/05/2010,,
18017,PA,2.16,24000.0,05/06/2010,,
18058,PA,4.07,36000.0,05/06/2010,,
18102,PA,6.355,44995.0,05/06/2010,,
19363,PA,8.19,59673.0,05/06/2010,,
19320,PA,2.115,16001.32,05/06/2010,,
19446,PA,7.05,46250.0,05/06/2010,,
17327,PA,1.08,8597.76,05/06/2010,,
17512,PA,205.38,1049680.0,05/07/2010,,
17566,PA,3.15,21679.69,05/07/2010,,
19078,PA,3.52,24650.0,05/07/2010,,
19539,PA,2.76,22638.67,05/07/2010,,
19567,PA,10.08,74115.38,05/08/2010,,
17603,PA,7.56,48600.0,05/10/2010,,
19096,PA,2.76,25200.0,05/10/2010,,
19143,PA,3.69,31952.0,05/10/2010,,
17302,PA,3.15,25381.0,05/10/2010,,
19352,PA,5.04,36984.0,05/10/2010,,
19067,PA,5.04,36984.0,05/10/2010,,
19526,PA,10.12,63501.0,05/10/2010,,
19504,PA,9.72,77760.0,05/10/2010,,
17315,PA,10.12,75530.0,05/10/2010,,
17321,PA,6.3,51280.96,05/10/2010,,
17046,PA,12.81,94276.96,05/11/2010,,
17043,PA,26.4,179960.0,05/11/2010,,
19344,PA,5.52,42323.62,05/11/2010,,
17560,PA,8.19,52400.0,05/11/2010,,
19002,PA,10.35,72450.0,05/11/2010,,
18013,PA,10.125,70875.0,05/11/2010,,
18040,PA,5.16,37500.0,05/11/2010,,
17747,PA,8.4,54180.0,05/12/2010,,
17015,PA,45.08,264600.0,05/12/2010,,
17601,PA,6.3,40700.0,05/12/2010,,
18080,PA,8.61,63302.0,05/12/2010,,
17701,PA,3.36,21840.0,05/12/2010,,
19363,PA,27.72,184400.0,05/12/2010,,
19067,PA,4.8,32970.0,05/12/2010,,
19350,PA,10.12,66590.0,05/12/2010,,
19464,PA,7.56,41088.91,05/12/2010,,
19320,PA,14.4,100000.04,05/12/2010,,
15376,PA,12.0,68000.0,05/12/2010,,
18080,PA,2.58,19935.0,05/12/2010,,
17972,PA,8.4,61268.0,05/13/2010,,
17517,PA,4.55,29408.0,05/13/2010,,
18088,PA,4.7,31725.0,05/13/2010,,
18011,PA,5.52,35464.0,05/13/2010,,
19426,PA,3.5,26015.0,05/13/2010,,
19512,PA,3.68,29390.0,05/13/2010,,
18052,PA,10.12,66000.0,05/13/2010,,
18708,PA,29.7,240000.0,05/14/2010,,
18901,PA,10.32,107279.0,05/14/2010,,
19403,PA,4.6,27600.0,05/14/2010,,
17015,PA,9.93,66660.0,05/14/2010,,
17252,PA,10.12,62946.0,05/14/2010,,
17889,PA,9.9,63162.0,05/15/2010,,
18032,PA,3.15,20475.0,05/16/2010,,
16428,PA,4.0,28000.0,05/16/2010,,
16506,PA,6.8,46920.0,05/16/2010,,
18707,PA,8.97,63649.8,05/17/2010,,
17821,PA,9.24,62027.18,05/17/2010,,
18431,PA,10.8,63181.0,05/17/2010,,
17522,PA,3.78,26002.56,05/17/2010,,
17815,PA,4.83,32561.93,05/17/2010,,
19426,PA,6.0,35300.0,05/17/2010,,
16841,PA,4.032,49500.0,05/17/2010,,
16865,PA,9.9,69585.15,05/17/2010,,
15241,PA,2.3,9105.0,05/17/2010,,
18708,PA,5.67,45360.0,05/18/2010,,
18944,PA,10.752,69250.0,05/18/2010,,
18969,PA,18.33,120978.0,05/18/2010,,
18104,PA,4.92,35995.0,05/18/2010,,
17922,PA,3.28,21730.0,05/18/2010,,
18444,PA,9.9,68020.0,05/18/2010,,
18966,PA,5.4,39150.0,05/18/2010,,
18938,PA,20.7,144900.0,05/18/2010,,
19530,PA,7.56,52920.0,05/18/2010,,
18302,PA,5.4,40068.0,05/19/2010,,
17938,PA,6.56,45050.0,05/19/2010,,
19096,PA,6.9,60878.96,05/19/2010,,
18966,PA,4.8,32800.0,05/19/2010,,
19490,PA,9.52,66518.0,05/19/2010,,
19440,PA,4.14,27194.0,05/19/2010,,
18013,PA,3.44,39218.65,05/19/2010,,
17329,PA,7.59,57496.96,05/19/2010,,
15905,PA,10.32,83000.0,05/19/2010,,
18505,PA,5.06,36432.0,05/19/2010,,
17011,PA,4.2,33990.0,05/19/2010,,
15767,PA,5.52,45250.0,05/19/2010,,
17821,PA,10.56,71805.92,05/20/2010,,
17527,PA,4.23,26400.0,05/20/2010,,
17584,PA,5.46,39781.36,05/20/2010,,
19608,PA,8.1,50075.0,05/20/2010,,
18846,PA,4.032,26200.0,05/20/2010,,
16412,PA,6.8,48280.0,05/20/2010,,
19547,PA,24.192,145152.0,05/20/2010,,
17837,PA,6.6,42919.0,05/20/2010,,
17701,PA,4.0,20854.0,05/21/2010,,
19343,PA,10.0,71097.0,05/21/2010,,
19027,PA,3.36,27000.0,05/21/2010,,
18954,PA,4.14,31725.0,05/21/2010,,
17042,PA,9.0,62550.0,05/21/2010,,
15601,PA,10.12,64961.0,05/21/2010,,
17202,PA,11.04,49750.0,05/21/2010,,
17972,PA,3.136,20925.0,05/22/2010,,
18250,PA,1.84,12150.0,05/22/2010,,
17257,PA,4.32,27922.0,05/22/2010,,
18958,PA,7.92,41099.85,05/24/2010,,
19440,PA,7.36,48398.0,05/24/2010,,
19063,PA,18.8,112048.0,05/24/2010,,
19446,PA,7.2,61572.0,05/24/2010,,
19426,PA,9.84,70368.08,05/24/2010,,
18103,PA,1.8,15981.08,05/25/2010,,
18457,PA,6.75,40844.0,05/25/2010,,
17555,PA,8.82,60917.0,05/25/2010,,
17543,PA,100.8,529200.0,05/25/2010,,
18103,PA,5.59,27066.0,05/25/2010,,
17856,PA,10.0,63918.0,05/25/2010,,
19403,PA,5.4,37800.0,05/25/2010,,
19030,PA,4.51,33466.0,05/25/2010,,
19344,PA,30.0,187258.14,05/25/2010,,
19096,PA,2.52,22680.0,05/25/2010,,
19127,PA,5.04,37800.0,05/25/2010,,
19438,PA,5.67,41107.0,05/25/2010,,
19343,PA,7.04,38720.0,05/25/2010,,
19465,PA,6.56,41480.0,05/25/2010,,
19506,PA,4.14,32100.0,05/25/2010,,
16335,PA,3.6,30350.2,05/25/2010,,
16866,PA,8.28,62000.0,05/25/2010,,
18444,PA,9.8,64130.0,05/25/2010,,
17013,PA,10.08,80290.0,05/26/2010,,
17866,PA,3.52,23792.0,05/26/2010,,
19438,PA,9.72,70470.0,05/26/2010,,
19390,PA,244.4,1295320.0,05/26/2010,,
19460,PA,7.36,45073.0,05/26/2010,,
19147,PA,4.41,39000.0,05/26/2010,,
18940,PA,2.07,17595.0,05/26/2010,,
15005,PA,10.12,61269.0,05/26/2010,,
17201,PA,8.4,67443.6,05/26/2010,,
17579,PA,7.56,52700.0,05/27/2010,,
17545,PA,10.56,65000.0,05/27/2010,,
19343,PA,11.48,89900.0,05/27/2010,,
19464,PA,5.4,37800.0,05/27/2010,,
19518,PA,120.96,664700.0,05/27/2010,,
17327,PA,4.2,27300.0,05/27/2010,,
19506,PA,5.06,36376.0,05/28/2010,,
18951,PA,13.76,127370.0,05/28/2010,,
17517,PA,7.56,53350.0,05/28/2010,,
17964,PA,6.3,41465.0,05/28/2010,,
18017,PA,10.15,60393.0,05/28/2010,,
17551,PA,8.064,47495.0,05/28/2010,,
17519,PA,21.504,101069.0,05/28/2010,,
17519,PA,10.752,62000.0,05/28/2010,,
19438,PA,6.3,33992.01,05/28/2010,,
17362,PA,10.12,74780.0,05/28/2010,,
19540,PA,4.6,39500.0,05/29/2010,,
16510,PA,4.8,32640.0,05/29/2010,,
19390,PA,5.805,40305.0,05/30/2010,,
15216,PA,3.87,21721.37,05/31/2010,,
17519,PA,22.68,140000.0,06/01/2010,,
18472,PA,8.2,57495.0,06/01/2010,,
18252,PA,8.2,59895.0,06/01/2010,,
18640,PA,2.87,19995.0,06/01/2010,,
17062,PA,6.65,43225.0,06/01/2010,,
17112,PA,11.34,74600.0,06/01/2010,,
18252,PA,10.44,60393.0,06/01/2010,,
19085,PA,7.2,56287.84,06/01/2010,,
19343,PA,6.6,36300.0,06/01/2010,,
19512,PA,3.15,23308.0,06/01/2010,,
17522,PA,10.08,74115.38,06/02/2010,,
18066,PA,3.51,23000.0,06/02/2010,,
17339,PA,3.15,21400.0,06/02/2010,,
17050,PA,4.6,34086.0,06/02/2010,,
17552,PA,9.1,55895.0,06/02/2010,,
17866,PA,3.52,23792.0,06/02/2010,,
17601,PA,5.06,36880.0,06/02/2010,,
19373,PA,4.14,26910.0,06/02/2010,,
17860,PA,9.856,66420.0,06/03/2010,,
17543,PA,3.78,26106.16,06/03/2010,,
18078,PA,8.97,49290.0,06/03/2010,,
19390,PA,2.31,17611.0,06/03/2010,,
19382,PA,6.4,52375.0,06/03/2010,,
19311,PA,6.435,46800.0,06/03/2010,,
17327,PA,8.4,56616.0,06/03/2010,,
15005,PA,3.68,24350.0,06/03/2010,,
17013,PA,4.83,32254.74,06/03/2010,,
17522,PA,11.28,64300.0,06/04/2010,,
18017,PA,8.4,53320.0,06/04/2010,,
18040,PA,8.74,65550.0,06/04/2010,,
19355,PA,6.4,43190.0,06/04/2010,,
19428,PA,7.0,43750.0,06/04/2010,,
18069,PA,4.6,31050.0,06/05/2010,,
18424,PA,10.08,80000.0,06/06/2010,,
17601,PA,10.08,60556.91,06/07/2010,,
17522,PA,74.52,386370.0,06/07/2010,,
17313,PA,7.56,49140.0,06/07/2010,,
19506,PA,5.04,43251.0,06/07/2010,,
15203,PA,8.064,47069.0,06/07/2010,,
17019,PA,10.08,79885.0,06/07/2010,,
17824,PA,4.14,26550.0,06/08/2010,,
18054,PA,6.15,46705.0,06/08/2010,,
19380,PA,9.45,70900.0,06/08/2010,,
17363,PA,6.9,56854.64,06/08/2010,,
17365,PA,5.52,40780.0,06/08/2010,,
18036,PA,3.055,22500.0,06/09/2010,,
18428,PA,3.15,18903.0,06/09/2010,,
19067,PA,5.4,37800.0,06/09/2010,,
19063,PA,6.9,50279.0,06/09/2010,,
19124,PA,4.14,34177.0,06/09/2010,,
19465,PA,6.8,51354.4,06/09/2010,,
18054,PA,6.6,58694.84,06/09/2010,,
19462,PA,4.29,36616.8,06/09/2010,,
19002,PA,7.56,53146.8,06/09/2010,,
18914,PA,11.0,69010.0,06/09/2010,,
18842,PA,7.36,58650.0,06/09/2010,,
19512,PA,9.8,50155.0,06/09/2010,,
19525,PA,13.2,89496.0,06/09/2010,,
19541,PA,11.0,71500.0,06/09/2010,,
18066,PA,10.045,68999.0,06/09/2010,,
17562,PA,82.72,360000.0,06/10/2010,,
17601,PA,5.88,42205.9,06/10/2010,,
17543,PA,6.72,45675.4,06/10/2010,,
17751,PA,4.92,30950.0,06/10/2010,,
17557,PA,6.272,44517.0,06/10/2010,,
17535,PA,95.41,487873.0,06/10/2010,,
18414,PA,7.0,46417.0,06/10/2010,,
18901,PA,5.4,41850.0,06/10/2010,,
18902,PA,101.52,653212.72,06/10/2010,,
19438,PA,10.08,72576.0,06/10/2010,,
19530,PA,5.4,39150.0,06/10/2010,,
16801,PA,5.52,42787.17,06/10/2010,,
19320,PA,10.08,113410.0,06/11/2010,,
18947,PA,10.12,71840.0,06/11/2010,,
19465,PA,6.975,44990.0,06/11/2010,,
19468,PA,6.72,50123.0,06/11/2010,,
19031,PA,5.4,42693.0,06/11/2010,,
19605,PA,144.44,837692.0,06/11/2010,,
19508,PA,5.4,34910.0,06/11/2010,,
16652,PA,2.16,14833.0,06/11/2010,,
19350,PA,10.08,75096.0,06/12/2010,,
19075,PA,2.15,17175.0,06/12/2010,,
18041,PA,15.12,102060.0,06/14/2010,,
18360,PA,4.7,39500.0,06/14/2010,,
19540,PA,5.67,32280.0,06/14/2010,,
19014,PA,10.2,76674.24,06/14/2010,,
19123,PA,3.6,24590.0,06/14/2010,,
19072,PA,3.15,23700.0,06/14/2010,,
19403,PA,9.89,81600.0,06/14/2010,,
19320,PA,5.04,40071.76,06/14/2010,,
18013,PA,10.0,69000.0,06/14/2010,,
16803,PA,7.08,45780.52,06/14/2010,,
17225,PA,2.15,11000.0,06/14/2010,,
18414,PA,31.46,223257.0,06/15/2010,,
17536,PA,7.82,56304.0,06/15/2010,,
17602,PA,7.56,48700.0,06/15/2010,,
18040,PA,8.74,65500.0,06/15/2010,,
17582,PA,23.0,124660.0,06/15/2010,,
18929,PA,6.3,49455.0,06/15/2010,,
19006,PA,9.4,60450.0,06/15/2010,,
19348,PA,5.76,39560.0,06/15/2010,,
19426,PA,5.984,45455.0,06/15/2010,,
19438,PA,5.4,38610.0,06/15/2010,,
17313,PA,9.43,77028.75,06/15/2010,,
18091,PA,3.584,25780.0,06/15/2010,,
17322,PA,9.66,57960.0,06/15/2010,,
17015,PA,10.8,64300.0,06/15/2010,,
19606,PA,5.04,37820.0,06/15/2010,,
18833,PA,2.8,26350.0,06/15/2010,,
15024,PA,8.4,64323.0,06/15/2010,,
17202,PA,10.12,48500.0,06/15/2010,,
17225,PA,6.3,38274.9,06/15/2010,,
17584,PA,5.04,32400.0,06/16/2010,,
17501,PA,9.66,59719.0,06/16/2010,,
18960,PA,7.56,54028.0,06/16/2010,,
19406,PA,7.98,51400.0,06/16/2010,,
17241,PA,2.0,15000.0,06/16/2010,,
17322,PA,10.81,58806.4,06/16/2010,,
17349,PA,8.97,51936.3,06/16/2010,,
17545,PA,7.6,38120.0,06/17/2010,,
17764,PA,6.3,41812.5,06/17/2010,,
19343,PA,10.0,70590.0,06/17/2010,,
19330,PA,10.34,67480.0,06/17/2010,,
19426,PA,5.17,36448.25,06/17/2010,,
17365,PA,10.08,79885.0,06/17/2010,,
18020,PA,7.2,48600.0,06/18/2010,,
17022,PA,10.08,72310.73,06/18/2010,,
17032,PA,4.6,30975.36,06/18/2010,,
17201,PA,9.72,59222.0,06/18/2010,,
17821,PA,10.0,63812.0,06/19/2010,,
17015,PA,10.0,62010.0,06/19/2010,,
15229,PA,3.87,30400.0,06/19/2010,,
18058,PA,9.856,67574.0,06/20/2010,,
17517,PA,34.4,215280.0,06/21/2010,,
17961,PA,9.84,63468.4,06/21/2010,,
17505,PA,5.52,36266.4,06/21/2010,,
17013,PA,15.18,98670.0,06/21/2010,,
19344,PA,7.095,67452.0,06/21/2010,,
19382,PA,7.525,62457.5,06/21/2010,,
19380,PA,6.765,41267.0,06/21/2010,,
19350,PA,10.08,74902.0,06/21/2010,,
17033,PA,4.5,35100.0,06/21/2010,,
17325,PA,7.59,57393.36,06/21/2010,,
17046,PA,6.9,48645.0,06/21/2010,,
19541,PA,11.25,59800.0,06/21/2010,,
15243,PA,2.07,13947.0,06/21/2010,,
17257,PA,3.68,27080.0,06/22/2010,,
17040,PA,9.66,66654.0,06/22/2010,,
17562,PA,5.46,41223.0,06/22/2010,,
19013,PA,195.52,987376.0,06/22/2010,,
18938,PA,11.28,67200.0,06/22/2010,,
17527,PA,8.97,53334.0,06/23/2010,,
18067,PA,6.75,50980.0,06/23/2010,,
17847,PA,20.24,116680.0,06/23/2010,,
19440,PA,7.8,57174.0,06/23/2010,,
18944,PA,5.64,43176.0,06/23/2010,,
18052,PA,4.2,33860.0,06/23/2010,,
19551,PA,5.76,36260.0,06/23/2010,,
17532,PA,7.82,48955.0,06/23/2010,,
19426,PA,14.19,107134.5,06/23/2010,,
19312,PA,15.6,102578.0,06/23/2010,,
19382,PA,1.075,8922.5,06/23/2010,,
18938,PA,10.08,64750.0,06/23/2010,,
19020,PA,4.68,39900.0,06/23/2010,,
19460,PA,5.76,38390.0,06/23/2010,,
19380,PA,5.28,32420.0,06/23/2010,,
17257,PA,7.99,50550.0,06/23/2010,,
19605,PA,299.92,1705188.0,06/23/2010,,
19522,PA,46.92,269790.0,06/23/2010,,
17562,PA,3.22,23506.0,06/24/2010,,
17013,PA,3.85,14441.0,06/24/2010,,
17702,PA,4.1,28719.0,06/24/2010,,
19406,PA,10.08,70560.0,06/24/2010,,
19335,PA,7.36,51152.0,06/24/2010,,
16926,PA,4.92,34495.0,06/24/2010,,
19530,PA,3.68,26132.06,06/24/2010,,
17547,PA,3.6,29927.0,06/25/2010,,
17728,PA,7.36,41220.0,06/25/2010,,
18249,PA,6.97,48995.0,06/25/2010,,
17772,PA,211.2,1089202.05,06/28/2010,,
17049,PA,2.52,21420.0,06/28/2010,,
17601,PA,5.46,38649.72,06/28/2010,,
17049,PA,10.08,66416.96,06/28/2010,,
17074,PA,2.1,15822.03,06/28/2010,,
17972,PA,7.56,70115.0,06/28/2010,,
18405,PA,7.65,44544.0,06/28/2010,,
18088,PA,9.975,61851.25,06/28/2010,,
17552,PA,7.56,47900.0,06/28/2010,,
17314,PA,7.56,52012.8,06/28/2010,,
19152,PA,2.99,19883.5,06/28/2010,,
19010,PA,5.16,45150.0,06/28/2010,,
19355,PA,6.45,56437.5,06/28/2010,,
19348,PA,101.885,601500.0,06/28/2010,,
17372,PA,5.88,38237.91,06/28/2010,,
19602,PA,6.3,49992.0,06/28/2010,,
17313,PA,7.36,54380.0,06/28/2010,,
17552,PA,10.08,79047.0,06/28/2010,,
17529,PA,94.08,473222.4,06/28/2010,,
17512,PA,5.71,45590.0,06/29/2010,,
18706,PA,9.72,80000.0,06/29/2010,,
17602,PA,8.064,52416.0,06/29/2010,,
18517,PA,4.2,27888.0,06/29/2010,,
17112,PA,9.54,54258.0,06/29/2010,,
19335,PA,4.32,30140.0,06/29/2010,,
19002,PA,5.88,41440.0,06/29/2010,,
19002,PA,6.345,43146.0,06/29/2010,,
19426,PA,2.275,12956.0,06/29/2010,,
19533,PA,32.8,241356.38,06/29/2010,,
19529,PA,10.12,63501.0,06/29/2010,,
17403,PA,9.66,69880.0,06/29/2010,,
18074,PA,7.128,43700.0,06/29/2010,,
15650,PA,9.72,70024.0,06/29/2010,,
17110,PA,9.975,59500.0,06/30/2010,,
17578,PA,10.08,61000.0,06/30/2010,,
17543,PA,9.856,54000.0,06/30/2010,,
17112,PA,5.4,34388.0,06/30/2010,,
17963,PA,8.82,51940.0,06/30/2010,,
18444,PA,7.79,53303.0,06/30/2010,,
19424,PA,4.14,27572.0,06/30/2010,,
18976,PA,5.17,35500.0,06/30/2010,,
19348,PA,10.105,67198.0,06/30/2010,,
19446,PA,6.44,53290.0,06/30/2010,,
19534,PA,5.52,38000.0,06/30/2010,,
19506,PA,5.74,38000.0,06/30/2010,,
15668,PA,5.04,34940.85,06/30/2010,,
16242,PA,10.0,71000.0,06/30/2010,,
19440,PA,6.075,44955.0,07/01/2010,,
17022,PA,3.15,22676.69,07/01/2010,,
17582,PA,8.4,47941.92,07/01/2010,,
17545,PA,10.08,59568.0,07/01/2010,,
17545,PA,6.72,39162.0,07/01/2010,,
17018,PA,5.04,31988.55,07/01/2010,,
18801,PA,2.52,18270.0,07/01/2010,,
19047,PA,6.02,41839.0,07/01/2010,,
19004,PA,9.2,65780.0,07/01/2010,,
17362,PA,10.08,63000.0,07/01/2010,,
17202,PA,3.36,27522.31,07/01/2010,,
17552,PA,40.32,211680.0,07/01/2010,,
19061,PA,5.98,43300.0,07/02/2010,,
18976,PA,10.12,74280.0,07/02/2010,,
19096,PA,3.01,24200.0,07/02/2010,,
16056,PA,10.12,59723.75,07/02/2010,,
15668,PA,3.6,30061.65,07/02/2010,,
16877,PA,8.28,59600.0,07/02/2010,,
19403,PA,8.1,58725.0,07/03/2010,,
19475,PA,5.67,41100.0,07/03/2010,,
18914,PA,10.08,70560.0,07/03/2010,,
18031,PA,3.51,23000.0,07/05/2010,,
18088,PA,5.376,35229.04,07/05/2010,,
19343,PA,8.46,49900.0,07/05/2010,,
15212,PA,3.22,20153.0,07/05/2010,,
18062,PA,6.3,44100.0,07/06/2010,,
17820,PA,6.075,42529.0,07/06/2010,,
17050,PA,7.0,49565.0,07/06/2010,,
17827,PA,5.075,33750.0,07/06/2010,,
17062,PA,10.08,58968.0,07/06/2010,,
18088,PA,10.08,70860.0,07/06/2010,,
18431,PA,10.125,56697.0,07/06/2010,,
19465,PA,10.12,88302.24,07/06/2010,,
19390,PA,5.805,36515.25,07/06/2010,,
17370,PA,10.08,66416.96,07/06/2010,,
18062,PA,3.6,25758.0,07/06/2010,,
17042,PA,5.04,29983.0,07/06/2010,,
17325,PA,7.14,46830.0,07/06/2010,,
19504,PA,5.04,20373.86,07/06/2010,,
19539,PA,8.05,52742.76,07/06/2010,,
16123,PA,4.2,35000.0,07/06/2010,,
18951,PA,4.3,27610.0,07/07/2010,,
17552,PA,6.72,47913.6,07/07/2010,,
19020,PA,5.52,45787.0,07/07/2010,,
19063,PA,5.95,38940.0,07/07/2010,,
19422,PA,4.752,43956.0,07/07/2010,,
19355,PA,14.62,117307.0,07/07/2010,,
19446,PA,8.61,52890.0,07/07/2010,,
19530,PA,6.75,43245.0,07/07/2010,,
19512,PA,3.87,31000.0,07/07/2010,,
19464,PA,5.16,46031.0,07/07/2010,,
17319,PA,8.28,53674.0,07/07/2010,,
16851,PA,5.52,34720.0,07/07/2010,,
16851,PA,5.52,37330.0,07/07/2010,,
18464,PA,9.9,58994.0,07/08/2010,,
18055,PA,10.08,72677.0,07/08/2010,,
17055,PA,7.74,60917.0,07/08/2010,,
18431,PA,3.15,24016.0,07/08/2010,,
18917,PA,7.98,57376.0,07/08/2010,,
17552,PA,12.42,80730.0,07/09/2010,,
18088,PA,4.92,34617.0,07/09/2010,,
17545,PA,5.52,34850.44,07/09/2010,,
17603,PA,7.56,48700.0,07/09/2010,,
18078,PA,8.19,47395.96,07/09/2010,,
17815,PA,10.045,71995.0,07/09/2010,,
18976,PA,5.67,40190.0,07/09/2010,,
18947,PA,9.87,63392.0,07/09/2010,,
19047,PA,5.74,41000.0,07/09/2010,,
17015,PA,10.5,79875.0,07/09/2010,,
17324,PA,8.1,51975.0,07/09/2010,,
18657,PA,4.51,30995.0,07/09/2010,,
17112,PA,5.04,48499.0,07/09/2010,,
17112,PA,5.04,41116.0,07/09/2010,,
17112,PA,1.1,11620.0,07/12/2010,,
17545,PA,10.08,59658.0,07/12/2010,,
18603,PA,9.72,59346.43,07/12/2010,,
17112,PA,6.6,43186.0,07/12/2010,,
19422,PA,10.08,86475.2,07/12/2010,,
18940,PA,3.36,21490.0,07/12/2010,,
19002,PA,6.21,48753.0,07/12/2010,,
19335,PA,7.74,47213.75,07/12/2010,,
19380,PA,3.87,23573.25,07/12/2010,,
19040,PA,6.0,57420.0,07/12/2010,,
19508,PA,10.08,69056.0,07/12/2010,,
17019,PA,5.98,38770.0,07/12/2010,,
17350,PA,13.44,81842.96,07/12/2010,,
15235,PA,2.1,16000.0,07/12/2010,,
17519,PA,10.08,65000.0,07/13/2010,,
18092,PA,6.9,50696.0,07/13/2010,,
18066,PA,10.8,77699.84,07/13/2010,,
17015,PA,13.16,86480.0,07/13/2010,,
18103,PA,5.17,35297.0,07/13/2010,,
18062,PA,2.52,22575.0,07/13/2010,,
19067,PA,6.15,52760.4,07/13/2010,,
18901,PA,45.12,322868.8,07/13/2010,,
18091,PA,6.815,43606.0,07/13/2010,,
17050,PA,5.28,28500.0,07/13/2010,,
17579,PA,10.08,57600.0,07/14/2010,,
17821,PA,6.9,50000.0,07/14/2010,,
18433,PA,2.53,11264.64,07/14/2010,,
18017,PA,9.975,59351.25,07/14/2010,,
18944,PA,11.0,64310.64,07/14/2010,,
17552,PA,10.35,70380.0,07/14/2010,,
17756,PA,9.2,81670.0,07/14/2010,,
17827,PA,6.65,43225.0,07/14/2010,,
18034,PA,5.17,33800.0,07/14/2010,,
17961,PA,10.0,60948.0,07/14/2010,,
19363,PA,8.28,57546.0,07/14/2010,,
15227,PA,3.68,20163.0,07/14/2010,,
18045,PA,7.59,52800.0,07/14/2010,,
18201,PA,11.34,90880.0,07/15/2010,,
17112,PA,4.0,20400.0,07/15/2010,,
17554,PA,2.53,21295.0,07/15/2010,,
17579,PA,7.0,43750.0,07/15/2010,,
17601,PA,4.6,34887.0,07/15/2010,,
17557,PA,4.37,36456.0,07/15/2010,,
17040,PA,10.12,51450.0,07/15/2010,,
17040,PA,10.12,51450.0,07/15/2010,,
19473,PA,9.84,81564.57,07/15/2010,,
19020,PA,9.66,70929.0,07/15/2010,,
19382,PA,2.99,24808.0,07/15/2010,,
17601,PA,9.89,70484.4,07/16/2010,,
18360,PA,4.7,41750.0,07/16/2010,,
19608,PA,7.14,41316.0,07/16/2010,,
18322,PA,3.24,22275.0,07/16/2010,,
19123,PA,4.14,22184.0,07/16/2010,,
19333,PA,7.56,52451.52,07/16/2010,,
17038,PA,7.15,48470.1,07/16/2010,,
17350,PA,9.66,62765.02,07/16/2010,,
18042,PA,9.9,65700.0,07/16/2010,,
15329,PA,3.2,37650.0,07/16/2010,,
17604,PA,13.5,98550.0,07/19/2010,,
17824,PA,10.35,69037.0,07/19/2010,,
18235,PA,15.51,118000.0,07/19/2010,,
17815,PA,10.08,63574.56,07/19/2010,,
17777,PA,6.9,43617.0,07/19/2010,,
18901,PA,3.6,27074.0,07/19/2010,,
19403,PA,5.67,40890.0,07/19/2010,,
19468,PA,5.04,35870.0,07/19/2010,,
17402,PA,10.08,66711.36,07/19/2010,,
18014,PA,5.52,43519.0,07/19/2010,,
17055,PA,5.8,40359.0,07/20/2010,,
17111,PA,9.68,59420.0,07/20/2010,,
17821,PA,4.6,28902.0,07/20/2010,,
19311,PA,3.168,18657.0,07/20/2010,,
19317,PA,10.568,67284.0,07/20/2010,,
19125,PA,3.08,17248.0,07/20/2010,,
19125,PA,3.08,17248.0,07/20/2010,,
17053,PA,2.52,16380.0,07/20/2010,,
18301,PA,4.6,43600.0,07/20/2010,,
17349,PA,5.88,36750.0,07/20/2010,,
17032,PA,7.36,48110.0,07/20/2010,,
18103,PA,10.752,68812.8,07/21/2010,,
18104,PA,4.9,25189.0,07/21/2010,,
17022,PA,10.08,64023.76,07/21/2010,,
18969,PA,13.8,98946.0,07/21/2010,,
17747,PA,2.94,15875.0,07/21/2010,,
15237,PA,9.72,70780.0,07/21/2010,,
18901,PA,4.2,38556.0,07/21/2010,,
19540,PA,4.7,26518.0,07/21/2010,,
17202,PA,10.8,75060.0,07/21/2010,,
18080,PA,4.3,30745.0,07/22/2010,,
17538,PA,2.64,20910.0,07/22/2010,,
17025,PA,8.1,53055.0,07/22/2010,,
17901,PA,3.28,25440.0,07/22/2010,,
17509,PA,6.3,40950.0,07/22/2010,,
17036,PA,10.08,55440.0,07/22/2010,,
17112,PA,3.22,21754.96,07/22/2010,,
19425,PA,3.136,24774.0,07/22/2010,,
19362,PA,6.58,48206.0,07/22/2010,,
18938,PA,45.36,265038.0,07/22/2010,,
18938,PA,8.82,56713.0,07/22/2010,,
19125,PA,3.08,17248.0,07/22/2010,,
18974,PA,4.14,27078.0,07/22/2010,,
19070,PA,4.3,36550.0,07/22/2010,,
17033,PA,8.8,49896.0,07/22/2010,,
18091,PA,4.6,32980.0,07/22/2010,,
17532,PA,5.94,34452.0,07/23/2010,,
18073,PA,4.55,27887.5,07/23/2010,,
19440,PA,8.2,46740.0,07/23/2010,,
17315,PA,1.84,18340.0,07/23/2010,,
18064,PA,4.725,36432.0,07/23/2010,,
19025,PA,5.06,35420.0,07/24/2010,,
18810,PA,10.08,65000.0,07/25/2010,,
17552,PA,113.4,544320.0,07/26/2010,,
17566,PA,10.26,57700.0,07/26/2010,,
17555,PA,10.34,67210.4,07/26/2010,,
17522,PA,6.93,43700.0,07/26/2010,,
17050,PA,7.56,49140.0,07/26/2010,,
17023,PA,5.04,32760.0,07/26/2010,,
18974,PA,10.08,61528.0,07/26/2010,,
19475,PA,5.04,38125.72,07/26/2010,,
19002,PA,34.944,205049.0,07/26/2010,,
19002,PA,16.8,144672.0,07/26/2010,,
17532,PA,7.56,46100.0,07/27/2010,,
17013,PA,6.12,38405.0,07/27/2010,,
17543,PA,10.62,60400.75,07/27/2010,,
19355,PA,5.98,43056.0,07/27/2010,,
17301,PA,4.2,31336.3,07/27/2010,,
17350,PA,60.48,302400.0,07/27/2010,,
18360,PA,7.05,50000.0,07/28/2010,,
18031,PA,7.7,47250.0,07/28/2010,,
17112,PA,7.2,42350.0,07/28/2010,,
17036,PA,10.44,58910.5,07/28/2010,,
17112,PA,7.2,42350.0,07/28/2010,,
17551,PA,98.7,492513.0,07/28/2010,,
17363,PA,6.97,51095.0,07/28/2010,,
17601,PA,4.945,39560.0,07/28/2010,,
17015,PA,6.16,39100.0,07/28/2010,,
19406,PA,21.0,162750.0,07/28/2010,,
19128,PA,2.115,18032.0,07/28/2010,,
19064,PA,4.32,27210.0,07/28/2010,,
18938,PA,6.72,52875.0,07/28/2010,,
19422,PA,10.105,65177.25,07/28/2010,,
19464,PA,5.52,31980.0,07/28/2010,,
17078,PA,7.36,48124.0,07/28/2010,,
17402,PA,9.84,79495.0,07/28/2010,,
16511,PA,6.21,35601.01,07/28/2010,,
17557,PA,5.4,31700.0,07/29/2010,,
18344,PA,2.76,22792.0,07/29/2010,,
17048,PA,11.76,66938.0,07/29/2010,,
17601,PA,6.3,37700.0,07/29/2010,,
17545,PA,8.4,47941.92,07/29/2010,,
17543,PA,9.9,57500.0,07/29/2010,,
19047,PA,6.75,43875.0,07/29/2010,,
19006,PA,10.08,73100.0,07/29/2010,,
19341,PA,4.8,39501.0,07/29/2010,,
18977,PA,24.51,156864.0,07/29/2010,,
19465,PA,5.04,34332.0,07/29/2010,,
19040,PA,7.65,61623.0,07/29/2010,,
17078,PA,7.14,62938.0,07/29/2010,,
18074,PA,5.52,33120.0,07/29/2010,,
17067,PA,7.59,47570.0,07/29/2010,,
19567,PA,10.34,71863.0,07/29/2010,,
17327,PA,7.56,45064.96,07/29/2010,,
17073,PA,3.6,35355.0,07/30/2010,,
17015,PA,7.2,44640.0,07/30/2010,,
17582,PA,3.22,21933.0,07/30/2010,,
17509,PA,19.035,127153.7,07/30/2010,,
17545,PA,20.7,132894.0,07/30/2010,,
17566,PA,5.4,37530.0,07/30/2010,,
17501,PA,10.58,65000.0,07/30/2010,,
17859,PA,3.69,28995.0,07/30/2010,,
19425,PA,15.75,112927.5,07/30/2010,,
19446,PA,7.02,42471.0,07/30/2010,,
17322,PA,10.12,68500.0,07/30/2010,,
19530,PA,9.9,64000.0,07/30/2010,,
19533,PA,11.04,101112.0,07/30/2010,,
17356,PA,8.14,62100.0,07/30/2010,,
17078,PA,10.25,69995.0,07/30/2010,,
17019,PA,1.52,12244.0,07/30/2010,,
17202,PA,24.15,148522.0,07/30/2010,,
18328,PA,5.4,37800.0,07/30/2010,,
17406,PA,200.33,1083750.0,07/30/2010,,
17047,PA,144.9,960680.0,08/02/2010,,
18049,PA,7.2,47550.0,08/02/2010,,
17837,PA,10.12,58374.0,08/02/2010,,
17837,PA,7.56,38934.0,08/02/2010,,
19149,PA,3.675,28481.25,08/02/2010,,
19149,PA,5.075,34256.25,08/02/2010,,
19350,PA,4.83,38000.0,08/02/2010,,
19460,PA,7.175,35227.0,08/02/2010,,
17067,PA,9.68,59200.0,08/02/2010,,
17356,PA,11.76,66786.91,08/02/2010,,
18704,PA,3.69,26995.0,08/03/2010,,
17878,PA,12.96,83790.0,08/03/2010,,
17878,PA,12.6,74740.0,08/03/2010,,
18078,PA,7.14,60290.84,08/03/2010,,
18407,PA,7.99,48318.0,08/03/2010,,
17545,PA,4.2,19950.0,08/03/2010,,
17960,PA,10.08,63249.88,08/03/2010,,
17820,PA,10.34,63557.0,08/03/2010,,
18436,PA,4.51,32995.0,08/03/2010,,
18704,PA,4.51,31995.0,08/03/2010,,
19047,PA,4.14,25813.0,08/03/2010,,
19134,PA,3.36,23550.0,08/03/2010,,
19544,PA,7.92,50650.0,08/03/2010,,
17019,PA,7.2,43330.0,08/03/2010,,
17403,PA,6.9,35880.0,08/03/2010,,
15042,PA,2.52,18900.0,08/03/2010,,
17837,PA,9.84,55200.0,08/03/2010,,
17201,PA,6.9,45120.0,08/03/2010,,
17019,PA,6.0,36771.0,08/03/2010,,
17551,PA,10.08,58500.0,08/03/2010,,
17552,PA,23.52,123480.0,08/03/2010,,
17552,PA,60.48,309657.0,08/03/2010,,
17543,PA,202.86,1190700.0,08/04/2010,,
18360,PA,43.2,304517.0,08/04/2010,,
17601,PA,5.04,29983.55,08/04/2010,,
17015,PA,10.92,65480.56,08/04/2010,,
17557,PA,4.92,34617.0,08/04/2010,,
18966,PA,3.36,23889.0,08/04/2010,,
19025,PA,8.28,68224.0,08/04/2010,,
19365,PA,3.6,22545.6,08/04/2010,,
18966,PA,4.6,39100.0,08/04/2010,,
19406,PA,7.2,41367.0,08/04/2010,,
19390,PA,4.83,29844.0,08/04/2010,,
18014,PA,9.8,58000.0,08/04/2010,,
17350,PA,5.98,41500.0,08/04/2010,,
19506,PA,9.66,47594.0,08/04/2010,,
17356,PA,5.88,34141.1,08/04/2010,,
19529,PA,8.82,50224.0,08/04/2010,,
19512,PA,8.64,60480.0,08/04/2010,,
17046,PA,6.09,39585.0,08/04/2010,,
17554,PA,31.5,158500.0,08/05/2010,,
17584,PA,5.98,37900.0,08/05/2010,,
17015,PA,10.08,59009.0,08/05/2010,,
18073,PA,4.3,36400.0,08/05/2010,,
17543,PA,248.4,1153680.0,08/05/2010,,
17055,PA,10.81,58914.5,08/05/2010,,
19320,PA,20.24,113740.0,08/05/2010,,
19147,PA,1.8,13500.0,08/05/2010,,
18824,PA,7.755,63600.0,08/05/2010,,
17601,PA,9.66,58800.0,08/06/2010,,
18969,PA,10.44,70188.0,08/06/2010,,
17747,PA,5.52,36722.0,08/06/2010,,
19341,PA,197.12,1074311.43,08/06/2010,,
19130,PA,3.36,26208.0,08/06/2010,,
19126,PA,2.665,20680.0,08/06/2010,,
19143,PA,2.94,23413.0,08/06/2010,,
19428,PA,6.0,45960.0,08/06/2010,,
16875,PA,9.66,67280.0,08/06/2010,,
18428,PA,5.06,38456.0,08/07/2010,,
17827,PA,5.075,33750.0,08/09/2010,,
18229,PA,2.87,19995.0,08/09/2010,,
19426,PA,5.67,41499.0,08/09/2010,,
19344,PA,2.76,22680.0,08/09/2010,,
19342,PA,9.6,59220.0,08/09/2010,,
19061,PA,6.24,40580.0,08/09/2010,,
17366,PA,4.928,25960.0,08/09/2010,,
19547,PA,5.88,41160.0,08/09/2010,,
18202,PA,26.65,200709.0,08/10/2010,,
17821,PA,9.45,56984.0,08/10/2010,,
17036,PA,10.85,63182.5,08/10/2010,,
17603,PA,6.72,41967.92,08/10/2010,,
17516,PA,8.4,65640.0,08/10/2010,,
17584,PA,10.92,56639.64,08/10/2010,,
17552,PA,7.56,52900.0,08/10/2010,,
17032,PA,10.08,65520.0,08/10/2010,,
19342,PA,8.05,56130.0,08/10/2010,,
18901,PA,10.08,62030.0,08/10/2010,,
19123,PA,4.05,31590.0,08/10/2010,,
19490,PA,8.46,40540.0,08/10/2010,,
17015,PA,9.72,58126.0,08/10/2010,,
19539,PA,3.22,21238.0,08/10/2010,,
15931,PA,4.725,38119.0,08/10/2010,,
17532,PA,4.41,33761.89,08/11/2010,,
18707,PA,9.9,67500.0,08/11/2010,,
18436,PA,5.4,38442.0,08/11/2010,,
17043,PA,5.04,30500.0,08/11/2010,,
18445,PA,9.72,59588.0,08/11/2010,,
18431,PA,10.8,55226.0,08/11/2010,,
19138,PA,11.48,105083.0,08/11/2010,,
18947,PA,9.18,58300.0,08/11/2010,,
19450,PA,9.84,58486.05,08/11/2010,,
17329,PA,5.06,35699.52,08/11/2010,,
19529,PA,10.08,73080.0,08/11/2010,,
15108,PA,5.52,32795.88,08/11/2010,,
18222,PA,5.4,39150.0,08/12/2010,,
17032,PA,5.88,35973.0,08/12/2010,,
17578,PA,6.3,37800.0,08/12/2010,,
17543,PA,9.18,53550.0,08/12/2010,,
18707,PA,5.52,34528.5,08/12/2010,,
17728,PA,10.08,58460.0,08/12/2010,,
18330,PA,10.32,69144.0,08/12/2010,,
19382,PA,10.8,75600.0,08/12/2010,,
19002,PA,8.1,54675.0,08/12/2010,,
19342,PA,10.105,62651.0,08/12/2010,,
19605,PA,4.725,31805.0,08/12/2010,,
17349,PA,9.0,56250.0,08/12/2010,,
17402,PA,3.78,34988.0,08/12/2010,,
18634,PA,8.61,61995.0,08/13/2010,,
17578,PA,303.6,1630332.0,08/13/2010,,
17098,PA,4.2,29820.0,08/13/2010,,
17857,PA,10.08,48720.84,08/13/2010,,
18249,PA,5.33,36995.0,08/13/2010,,
19465,PA,10.08,67166.96,08/13/2010,,
19425,PA,10.08,83066.73,08/13/2010,,
19426,PA,8.61,60156.28,08/13/2010,,
19401,PA,7.2,42120.0,08/13/2010,,
19003,PA,3.01,29095.0,08/13/2010,,
17325,PA,16.8,106926.0,08/13/2010,,
17057,PA,6.15,43995.0,08/13/2010,,
17202,PA,12.65,56900.0,08/13/2010,,
15301,PA,3.584,24000.0,08/13/2010,,
17327,PA,3.36,25872.0,08/13/2010,,
18636,PA,19.8,130000.0,08/15/2010,,
19063,PA,4.1,28700.0,08/16/2010,,
19125,PA,3.93,33573.0,08/16/2010,,
17013,PA,5.06,31625.0,08/17/2010,,
17036,PA,3.6,20900.0,08/17/2010,,
17557,PA,59.22,339927.68,08/17/2010,,
18062,PA,5.16,39328.27,08/17/2010,,
17532,PA,6.345,38000.0,08/17/2010,,
18020,PA,6.58,41787.0,08/17/2010,,
18103,PA,3.995,30741.0,08/17/2010,,
19008,PA,4.3,32850.0,08/17/2010,,
19320,PA,9.84,76861.53,08/17/2010,,
19426,PA,9.9,62700.0,08/17/2010,,
19438,PA,7.13,42780.0,08/17/2010,,
17331,PA,5.2,34574.65,08/17/2010,,
19522,PA,10.56,75024.08,08/17/2010,,
18426,PA,10.34,70800.0,08/18/2010,,
17532,PA,10.08,73400.0,08/18/2010,,
19382,PA,11.04,68390.0,08/18/2010,,
17046,PA,11.04,67896.0,08/18/2010,,
17406,PA,4.935,33720.0,08/18/2010,,
19426,PA,7.56,55505.83,08/18/2010,,
17551,PA,5.04,30240.0,08/18/2010,,
15367,PA,4.0,21737.36,08/18/2010,,
17543,PA,3.36,21732.05,08/19/2010,,
17512,PA,10.08,65947.48,08/19/2010,,
17603,PA,9.24,54078.0,08/19/2010,,
19380,PA,4.032,30170.0,08/19/2010,,
19473,PA,9.45,63787.0,08/19/2010,,
18966,PA,8.736,58000.0,08/19/2010,,
19438,PA,6.93,46916.0,08/19/2010,,
19130,PA,3.69,24981.0,08/19/2010,,
19426,PA,7.52,47000.0,08/19/2010,,
19380,PA,4.032,21490.04,08/19/2010,,
17356,PA,9.24,54246.07,08/19/2010,,
17356,PA,4.2,25523.9,08/19/2010,,
17078,PA,9.87,59893.63,08/19/2010,,
17257,PA,10.08,79885.0,08/19/2010,,
17022,PA,5.46,32139.17,08/20/2010,,
18081,PA,5.46,37775.0,08/20/2010,,
17856,PA,9.72,56376.0,08/20/2010,,
17111,PA,5.04,35784.0,08/20/2010,,
17015,PA,8.64,48625.0,08/20/2010,,
19428,PA,3.45,22942.5,08/20/2010,,
19320,PA,7.74,57676.0,08/20/2010,,
18062,PA,9.45,66150.0,08/22/2010,,
18445,PA,8.28,55566.0,08/23/2010,,
17368,PA,10.5,63712.96,08/23/2010,,
18951,PA,8.64,54676.0,08/23/2010,,
17403,PA,10.08,61522.86,08/23/2010,,
19460,PA,6.3,38936.0,08/23/2010,,
19355,PA,10.08,68200.0,08/23/2010,,
17003,PA,4.2,33530.0,08/23/2010,,
19526,PA,10.12,63501.0,08/23/2010,,
18417,PA,4.032,34300.0,08/23/2010,,
16947,PA,9.9,75500.0,08/23/2010,,
15136,PA,5.64,31371.0,08/23/2010,,
17032,PA,10.29,79645.0,08/24/2010,,
18067,PA,7.995,71626.0,08/24/2010,,
19129,PA,2.3,19528.0,08/24/2010,,
19070,PA,3.6,23372.16,08/24/2010,,
19382,PA,10.08,56952.0,08/24/2010,,
17363,PA,6.3,44100.0,08/24/2010,,
19555,PA,4.23,27200.0,08/24/2010,,
18801,PA,3.69,26995.0,08/24/2010,,
15005,PA,10.08,56084.0,08/24/2010,,
15044,PA,10.12,68898.7,08/24/2010,,
15329,PA,10.12,61674.0,08/24/2010,,
17837,PA,20.68,116523.0,08/24/2010,,
18411,PA,16.56,120060.0,08/25/2010,,
17566,PA,7.59,49335.0,08/25/2010,,
17522,PA,12.6,73710.0,08/25/2010,,
19540,PA,10.12,60870.0,08/25/2010,,
17543,PA,10.752,57200.0,08/25/2010,,
17241,PA,2.53,17610.96,08/25/2010,,
19464,PA,20.16,135072.0,08/25/2010,,
19047,PA,2.88,22270.0,08/25/2010,,
18062,PA,5.04,38025.0,08/25/2010,,
19526,PA,6.75,43250.0,08/25/2010,,
19540,PA,3.15,20157.92,08/25/2010,,
19518,PA,7.095,57293.74,08/25/2010,,
15236,PA,3.2,28584.35,08/25/2010,,
17846,PA,10.25,71626.0,08/26/2010,,
17562,PA,7.755,47900.0,08/26/2010,,
17527,PA,4.7,28200.0,08/26/2010,,
19348,PA,9.89,63580.51,08/26/2010,,
19355,PA,7.74,44737.2,08/26/2010,,
19006,PA,5.06,34000.0,08/26/2010,,
17201,PA,5.06,27000.0,08/26/2010,,
17026,PA,10.56,66750.0,08/26/2010,,
19529,PA,6.56,44995.0,08/26/2010,,
17019,PA,6.93,46411.76,08/26/2010,,
17518,PA,10.8,60700.0,08/27/2010,,
17801,PA,10.08,56450.0,08/27/2010,,
18431,PA,3.15,18977.0,08/27/2010,,
19073,PA,6.72,40580.0,08/27/2010,,
19063,PA,9.6,70513.0,08/27/2010,,
19320,PA,6.45,36840.53,08/27/2010,,
19612,PA,157.95,895055.5,08/27/2010,,
18013,PA,10.34,69795.0,08/27/2010,,
19533,PA,129.955,623784.0,08/27/2010,,
16421,PA,7.92,46200.0,08/27/2010,,
16801,PA,10.08,55944.0,08/27/2010,,
17545,PA,15.12,83527.2,08/29/2010,,
17579,PA,4.2,26193.63,08/29/2010,,
17745,PA,4.14,19872.0,08/29/2010,,
19507,PA,4.2,26193.63,08/29/2010,,
17584,PA,5.04,34700.0,08/30/2010,,
17339,PA,4.2,31513.0,08/30/2010,,
17602,PA,5.94,34200.0,08/30/2010,,
17339,PA,10.0,53000.0,08/30/2010,,
19111,PA,4.8,34440.0,08/30/2010,,
19352,PA,11.34,79380.0,08/30/2010,,
19096,PA,2.4,18180.0,08/30/2010,,
19382,PA,4.32,25910.0,08/30/2010,,
18954,PA,10.34,72380.0,08/30/2010,,
17009,PA,74.25,430000.0,08/30/2010,,
17019,PA,5.33,31180.5,08/30/2010,,
19056,PA,51.7,315000.0,08/30/2010,,
15639,PA,10.12,61673.75,08/30/2010,,
17013,PA,12.075,73900.0,08/31/2010,,
17972,PA,7.56,52900.0,08/31/2010,,
17522,PA,8.064,43697.0,08/31/2010,,
17025,PA,10.08,65520.0,08/31/2010,,
18707,PA,8.28,47999.19,08/31/2010,,
17745,PA,3.69,26995.0,08/31/2010,,
18974,PA,10.752,79958.88,08/31/2010,,
19040,PA,11.04,59506.0,08/31/2010,,
19533,PA,10.08,62160.0,08/31/2010,,
18013,PA,2.87,20995.0,08/31/2010,,
15238,PA,2.76,17760.0,08/31/2010,,
15636,PA,4.14,29685.0,08/31/2010,,
17601,PA,9.856,58000.0,09/01/2010,,
18020,PA,3.68,30642.0,09/01/2010,,
19403,PA,7.74,57818.0,09/01/2010,,
19468,PA,6.02,52000.0,09/01/2010,,
19446,PA,4.6,29900.0,09/01/2010,,
19010,PA,9.87,61687.5,09/01/2010,,
19063,PA,3.145,20201.74,09/01/2010,,
17569,PA,4.32,25700.0,09/01/2010,,
17370,PA,4.14,29732.16,09/01/2010,,
17327,PA,5.34,27540.0,09/01/2010,,
17728,PA,5.52,18817.4,09/02/2010,,
17543,PA,9.66,55605.0,09/02/2010,,
17889,PA,3.28,24600.0,09/02/2010,,
17241,PA,10.08,58968.52,09/02/2010,,
17112,PA,5.04,32760.0,09/02/2010,,
19104,PA,2.4,21420.0,09/02/2010,,
18040,PA,9.24,61280.0,09/02/2010,,
15101,PA,3.0,23963.0,09/02/2010,,
15216,PA,3.68,25500.0,09/02/2010,,
16262,PA,11.2,68546.34,09/02/2010,,
15017,PA,4.6,27000.0,09/02/2010,,
17022,PA,10.08,58953.0,09/03/2010,,
17570,PA,12.6,70683.0,09/03/2010,,
19335,PA,10.125,70875.0,09/03/2010,,
19426,PA,5.33,38995.0,09/03/2010,,
17329,PA,6.3,40672.42,09/03/2010,,
18353,PA,5.74,41856.0,09/03/2010,,
15090,PA,9.6,61802.17,09/03/2010,,
16827,PA,5.52,45000.0,09/03/2010,,
15301,PA,5.6,32200.0,09/03/2010,,
15671,PA,6.0,28276.0,09/03/2010,,
15613,PA,8.4,40000.0,09/03/2010,,
15601,PA,5.6,28907.47,09/03/2010,,
19512,PA,6.56,42500.0,09/06/2010,,
17339,PA,10.08,58503.0,09/07/2010,,
17022,PA,5.04,32548.0,09/07/2010,,
17032,PA,5.04,35784.0,09/07/2010,,
15237,PA,7.56,45225.0,09/07/2010,,
15044,PA,7.2,35920.0,09/07/2010,,
19330,PA,10.34,61431.0,09/07/2010,,
19438,PA,4.48,29478.5,09/07/2010,,
18801,PA,9.2,57900.0,09/07/2010,,
17349,PA,6.3,50797.0,09/07/2010,,
17015,PA,10.08,57768.0,09/07/2010,,
17356,PA,5.46,33000.0,09/07/2010,,
17042,PA,9.24,52878.0,09/07/2010,,
18431,PA,10.8,63181.0,09/08/2010,,
18415,PA,7.79,54995.0,09/08/2010,,
17938,PA,5.04,34320.0,09/08/2010,,
17545,PA,21.15,130742.16,09/08/2010,,
19465,PA,5.4,39150.0,09/08/2010,,
19103,PA,9.2,78200.0,09/08/2010,,
19124,PA,4.6,39100.0,09/08/2010,,
19320,PA,8.6,71695.0,09/08/2010,,
18976,PA,9.75,73150.0,09/08/2010,,
19460,PA,10.32,65000.0,09/08/2010,,
19335,PA,10.32,76884.0,09/08/2010,,
19529,PA,10.12,63501.0,09/08/2010,,
17042,PA,8.46,51500.0,09/08/2010,,
19312,PA,42.0,260395.8,09/08/2010,,
17601,PA,7.56,41000.0,09/09/2010,,
17022,PA,9.24,53698.57,09/09/2010,,
19607,PA,7.02,39700.0,09/09/2010,,
18940,PA,9.9,73260.0,09/09/2010,,
19320,PA,8.46,47799.0,09/09/2010,,
19002,PA,9.45,67546.04,09/09/2010,,
19002,PA,10.15,58363.0,09/09/2010,,
17078,PA,6.3,40950.0,09/09/2010,,
18930,PA,6.9,41600.0,09/09/2010,,
15642,PA,10.12,66244.98,09/09/2010,,
18435,PA,9.675,73374.06,09/10/2010,,
17815,PA,10.08,60369.12,09/10/2010,,
17112,PA,7.36,45582.96,09/10/2010,,
17112,PA,8.97,55530.0,09/10/2010,,
17866,PA,6.02,34193.0,09/10/2010,,
18414,PA,7.525,44516.0,09/10/2010,,
19311,PA,9.0,49835.0,09/10/2010,,
17316,PA,10.12,63150.0,09/10/2010,,
17361,PA,4.62,29835.76,09/10/2010,,
17578,PA,18.48,114576.98,09/13/2010,,
17557,PA,10.34,65400.0,09/13/2010,,
19073,PA,9.9,63770.0,09/13/2010,,
19330,PA,10.08,67338.96,09/13/2010,,
19512,PA,7.168,47300.0,09/13/2010,,
17067,PA,10.12,58150.0,09/13/2010,,
15301,PA,3.0,20900.0,09/13/2010,,
17545,PA,10.8,60400.0,09/14/2010,,
17830,PA,6.56,45920.0,09/14/2010,,
18966,PA,10.08,101121.0,09/14/2010,,
19125,PA,3.29,26156.0,09/14/2010,,
19543,PA,10.08,73677.0,09/14/2010,,
17408,PA,9.87,62680.0,09/14/2010,,
16508,PA,7.2,42120.0,09/14/2010,,
15136,PA,23.4,114327.69,09/14/2010,,
16870,PA,5.824,47787.0,09/14/2010,,
17032,PA,9.24,52914.0,09/15/2010,,
18080,PA,14.22,87758.0,09/15/2010,,
17073,PA,5.06,32199.0,09/15/2010,,
19606,PA,9.4,60510.0,09/15/2010,,
18201,PA,7.92,46200.0,09/15/2010,,
19320,PA,7.36,50563.2,09/15/2010,,
19125,PA,4.6,30040.0,09/15/2010,,
19010,PA,10.44,59404.0,09/15/2010,,
19426,PA,6.56,50000.0,09/15/2010,,
17368,PA,8.775,65800.0,09/15/2010,,
17257,PA,6.08,46000.0,09/15/2010,,
17032,PA,7.98,46721.53,09/16/2010,,
17036,PA,5.04,32760.0,09/16/2010,,
17022,PA,1.84,15538.96,09/16/2010,,
19492,PA,4.725,33562.0,09/16/2010,,
19344,PA,9.165,61863.5,09/17/2010,,
19344,PA,4.73,38265.7,09/17/2010,,
17578,PA,15.3,102911.0,09/17/2010,,
19310,PA,10.32,75233.0,09/17/2010,,
17728,PA,3.33,19980.0,09/17/2010,,
19047,PA,5.59,47880.0,09/17/2010,,
18950,PA,6.44,48165.0,09/17/2010,,
19380,PA,5.52,45831.0,09/17/2010,,
18938,PA,10.105,63662.0,09/17/2010,,
18066,PA,7.2,77700.0,09/17/2010,,
19526,PA,200.1,1110555.0,09/17/2010,,
16823,PA,11.28,84422.0,09/17/2010,,
17601,PA,9.24,54878.57,09/18/2010,,
17901,PA,10.08,57006.02,09/18/2010,,
17516,PA,4.62,24465.0,09/20/2010,,
18828,PA,5.376,33806.4,09/20/2010,,
17756,PA,8.17,46570.0,09/20/2010,,
17837,PA,6.44,40569.0,09/20/2010,,
17055,PA,8.4,62195.0,09/20/2010,,
19330,PA,12.04,89698.0,09/20/2010,,
19002,PA,8.1,51505.0,09/20/2010,,
19518,PA,7.2,42120.0,09/20/2010,,
17529,PA,6.345,41147.0,09/21/2010,,
17094,PA,8.4,52500.0,09/21/2010,,
17572,PA,6.3,42875.1,09/21/2010,,
17112,PA,16.56,108468.0,09/21/2010,,
17110,PA,7.56,49140.0,09/21/2010,,
18951,PA,10.32,99934.0,09/21/2010,,
19081,PA,2.99,25415.0,09/21/2010,,
19426,PA,9.84,63330.81,09/21/2010,,
18103,PA,3.895,25797.35,09/21/2010,,
19438,PA,7.52,48700.0,09/21/2010,,
19074,PA,3.6,24640.0,09/21/2010,,
18925,PA,4.6,30000.0,09/21/2010,,
17015,PA,4.2,27300.0,09/21/2010,,
17011,PA,4.2,31150.0,09/21/2010,,
17090,PA,5.88,38220.0,09/21/2010,,
17202,PA,53.13,305497.0,09/21/2010,,
18049,PA,11.34,76545.0,09/22/2010,,
18088,PA,10.08,70560.0,09/22/2010,,
18301,PA,4.05,29362.0,09/22/2010,,
18036,PA,8.1,58000.0,09/22/2010,,
18431,PA,1.575,11528.0,09/22/2010,,
17756,PA,8.695,54278.79,09/22/2010,,
16033,PA,5.04,16662.04,09/22/2010,,
19128,PA,4.14,35190.0,09/22/2010,,
19002,PA,8.1,60563.0,09/22/2010,,
19348,PA,6.3,44100.0,09/22/2010,,
19422,PA,6.3,43470.0,09/22/2010,,
19426,PA,5.98,36298.0,09/22/2010,,
18901,PA,10.56,57446.0,09/22/2010,,
17406,PA,5.46,33639.17,09/22/2010,,
17324,PA,16.8,82502.0,09/22/2010,,
15074,PA,10.34,61812.33,09/22/2010,,
17565,PA,11.04,65500.0,09/23/2010,,
17552,PA,141.75,668751.0,09/23/2010,,
17870,PA,3.15,13860.0,09/23/2010,,
17110,PA,6.9,49885.0,09/23/2010,,
19464,PA,2.58,24400.0,09/23/2010,,
19335,PA,6.88,56192.0,09/23/2010,,
19335,PA,6.88,56416.0,09/23/2010,,
19067,PA,9.9,64053.0,09/23/2010,,
19534,PA,9.2,57450.0,09/23/2010,,
17325,PA,5.16,43344.0,09/23/2010,,
19007,PA,4.73,33658.0,09/24/2010,,
17038,PA,8.1,58725.0,09/25/2010,,
16901,PA,3.22,20000.0,09/27/2010,,
17517,PA,10.12,73572.0,09/27/2010,,
18951,PA,6.72,50314.0,09/27/2010,,
17339,PA,10.08,57768.0,09/27/2010,,
19087,PA,6.72,43550.0,09/27/2010,,
19369,PA,5.52,35880.0,09/27/2010,,
19504,PA,10.12,72300.0,09/27/2010,,
17050,PA,6.3,36874.42,09/28/2010,,
19446,PA,10.44,58777.0,09/28/2010,,
17842,PA,7.2,47448.0,09/28/2010,,
17901,PA,8.4,45769.37,09/28/2010,,
18222,PA,10.8,75325.0,09/28/2010,,
17543,PA,8.28,47782.0,09/28/2010,,
17582,PA,6.16,35821.0,09/28/2010,,
17601,PA,10.8,60940.0,09/28/2010,,
19002,PA,5.64,34065.0,09/28/2010,,
18914,PA,9.9,57953.0,09/28/2010,,
19047,PA,8.1,41250.0,09/28/2010,,
19078,PA,6.12,37188.0,09/28/2010,,
19130,PA,7.38,47731.0,09/28/2010,,
19440,PA,7.2,42120.0,09/28/2010,,
18929,PA,7.2,42626.0,09/28/2010,,
19363,PA,8.64,50069.0,09/28/2010,,
18966,PA,8.64,51235.0,09/28/2010,,
18942,PA,10.08,57960.0,09/28/2010,,
17901,PA,199.92,1598604.0,09/29/2010,,
17824,PA,4.14,27740.0,09/29/2010,,
17603,PA,5.94,34000.0,09/29/2010,,
17053,PA,9.24,48495.29,09/29/2010,,
17557,PA,11.16,63400.0,09/29/2010,,
19426,PA,8.25,46055.0,09/29/2010,,
19055,PA,5.52,35000.0,09/29/2010,,
15139,PA,5.17,31020.0,09/29/2010,,
17522,PA,55.328,255000.0,09/30/2010,,
17522,PA,10.752,61286.0,09/30/2010,,
18049,PA,10.08,65520.0,09/30/2010,,
19016,PA,59.136,367401.0,09/30/2010,,
15644,PA,2.34,18954.0,09/30/2010,,
15228,PA,5.52,32500.0,09/30/2010,,
15340,PA,5.16,45150.0,09/30/2010,,
17047,PA,23.22,150930.0,10/01/2010,,
17543,PA,16.1,90965.0,10/01/2010,,
17543,PA,5.52,32710.0,10/01/2010,,
17545,PA,10.8,75060.0,10/01/2010,,
17040,PA,10.12,61720.0,10/01/2010,,
18034,PA,6.3,40615.34,10/01/2010,,
19425,PA,85.54,468091.8,10/01/2010,,
19335,PA,6.88,52976.0,10/01/2010,,
19465,PA,10.32,88000.0,10/01/2010,,
19343,PA,10.08,69528.0,10/01/2010,,
19087,PA,8.0,67840.5,10/01/2010,,
19460,PA,10.32,82300.0,10/01/2010,,
19403,PA,5.59,35217.0,10/01/2010,,
18947,PA,7.36,52999.0,10/01/2010,,
19529,PA,10.12,67804.0,10/01/2010,,
17402,PA,10.35,85422.5,10/01/2010,,
17046,PA,7.98,45900.0,10/01/2010,,
18066,PA,15.18,102465.0,10/01/2010,,
17013,PA,11.04,75520.0,10/01/2010,,
17042,PA,7.4,44252.0,10/01/2010,,
19555,PA,11.1,61050.0,10/01/2010,,
17402,PA,4.14,26082.0,10/01/2010,,
19067,PA,7.05,41570.0,10/03/2010,,
17017,PA,10.152,65022.53,10/04/2010,,
17552,PA,243.0,1122700.0,10/04/2010,,
19034,PA,7.56,59850.0,10/04/2010,,
18966,PA,10.32,75233.0,10/04/2010,,
19530,PA,8.46,64982.0,10/04/2010,,
17202,PA,6.72,39162.0,10/04/2010,,
17257,PA,10.32,79885.0,10/04/2010,,
18058,PA,10.25,65000.0,10/05/2010,,
17543,PA,8.28,49500.0,10/05/2010,,
17821,PA,4.51,31995.0,10/05/2010,,
19103,PA,4.32,28370.0,10/05/2010,,
19129,PA,3.22,20400.0,10/05/2010,,
19454,PA,5.17,27000.0,10/05/2010,,
18840,PA,10.08,72000.0,10/05/2010,,
17322,PA,10.25,69995.0,10/05/2010,,
17051,PA,5.04,24700.0,10/05/2010,,
18372,PA,30.36,206448.0,10/06/2010,,
17837,PA,10.08,54921.0,10/06/2010,,
15009,PA,14.4,80054.0,10/06/2010,,
19380,PA,5.98,44444.0,10/06/2010,,
19341,PA,166.1,805100.0,10/06/2010,,
18040,PA,3.22,23699.0,10/06/2010,,
17325,PA,9.9,54450.0,10/06/2010,,
17572,PA,201.6,907200.0,10/07/2010,,
18017,PA,6.9,52043.0,10/07/2010,,
19311,PA,12.51,66002.5,10/07/2010,,
17584,PA,10.08,60480.0,10/07/2010,,
17602,PA,5.94,33561.0,10/07/2010,,
17325,PA,5.04,29484.0,10/07/2010,,
17512,PA,9.856,56168.0,10/07/2010,,
19390,PA,6.93,49726.96,10/07/2010,,
16828,PA,5.52,41375.0,10/07/2010,,
17545,PA,10.56,68000.0,10/08/2010,,
18235,PA,9.87,63668.0,10/08/2010,,
16828,PA,5.64,42917.0,10/08/2010,,
17536,PA,10.08,58688.0,10/09/2010,,
19390,PA,10.0,56000.0,10/09/2010,,
18067,PA,1.575,10080.0,10/09/2010,,
17268,PA,10.08,58876.0,10/09/2010,,
19362,PA,9.66,72741.0,10/11/2010,,
17535,PA,10.105,60498.8,10/11/2010,,
17601,PA,9.45,58590.0,10/11/2010,,
17602,PA,5.376,37632.0,10/11/2010,,
19362,PA,10.12,62510.56,10/11/2010,,
19317,PA,6.12,39787.46,10/11/2010,,
19464,PA,5.52,36900.0,10/11/2010,,
15352,PA,10.0,84080.0,10/11/2010,,
18036,PA,11.04,81340.0,10/12/2010,,
19362,PA,10.8,68040.0,10/12/2010,,
17015,PA,10.56,64232.0,10/12/2010,,
18326,PA,6.075,38649.9,10/12/2010,,
19474,PA,9.45,55790.0,10/12/2010,,
19119,PA,2.688,18574.0,10/12/2010,,
19119,PA,2.73,20283.0,10/12/2010,,
19149,PA,2.94,23413.0,10/12/2010,,
19132,PA,2.52,20659.0,10/12/2010,,
17319,PA,3.225,22575.0,10/12/2010,,
17067,PA,5.52,30139.8,10/12/2010,,
18077,PA,7.56,55810.0,10/13/2010,,
18036,PA,10.08,68040.0,10/13/2010,,
17584,PA,5.94,33700.0,10/13/2010,,
17815,PA,9.45,59200.0,10/13/2010,,
17015,PA,10.08,65520.0,10/13/2010,,
19475,PA,5.04,35280.0,10/13/2010,,
19053,PA,5.52,41124.0,10/13/2010,,
18072,PA,4.51,32558.0,10/13/2010,,
19464,PA,6.3,41206.9,10/13/2010,,
17404,PA,10.34,65480.0,10/13/2010,,
17402,PA,6.3,41853.36,10/13/2010,,
17322,PA,5.64,37709.36,10/13/2010,,
17366,PA,4.2,27300.0,10/13/2010,,
16055,PA,4.4,22974.88,10/13/2010,,
17112,PA,6.75,47250.0,10/14/2010,,
17112,PA,9.0,63000.0,10/14/2010,,
17074,PA,5.04,34461.5,10/14/2010,,
18040,PA,9.9,55935.0,10/14/2010,,
17015,PA,2.58,22608.0,10/14/2010,,
17070,PA,10.32,77887.88,10/14/2010,,
19006,PA,3.36,20870.0,10/14/2010,,
19344,PA,8.6,61418.36,10/14/2010,,
19510,PA,6.44,43083.6,10/14/2010,,
17013,PA,10.0,65860.0,10/14/2010,,
17404,PA,7.74,42957.0,10/14/2010,,
17543,PA,198.0,1188000.0,10/15/2010,,
17036,PA,9.24,52878.0,10/15/2010,,
18067,PA,9.24,56393.0,10/15/2010,,
18067,PA,6.3,41522.88,10/15/2010,,
17103,PA,10.5,63712.96,10/15/2010,,
19082,PA,13.16,95660.0,10/15/2010,,
19139,PA,5.76,39140.0,10/15/2010,,
19382,PA,10.92,57500.0,10/15/2010,,
19464,PA,4.752,30400.0,10/15/2010,,
17327,PA,6.3,40227.88,10/15/2010,,
17363,PA,6.3,39375.0,10/15/2010,,
19526,PA,8.82,61740.0,10/15/2010,,
19540,PA,2.4,17073.28,10/15/2010,,
17941,PA,10.8,64290.0,10/17/2010,,
17025,PA,4.86,34960.0,10/18/2010,,
18064,PA,9.36,54145.0,10/18/2010,,
17821,PA,12.765,71651.5,10/18/2010,,
19446,PA,6.29,42348.57,10/18/2010,,
19067,PA,4.62,29502.17,10/18/2010,,
17038,PA,24.75,109300.0,10/18/2010,,
17042,PA,13.86,72506.15,10/18/2010,,
17356,PA,10.08,57768.52,10/18/2010,,
16801,PA,7.36,47810.0,10/18/2010,,
17368,PA,10.98,71919.0,10/18/2010,,
17547,PA,75.6,359100.0,10/18/2010,,
17562,PA,10.26,58353.25,10/19/2010,,
17550,PA,10.08,57768.52,10/19/2010,,
19403,PA,3.68,25760.0,10/19/2010,,
18966,PA,9.4,60630.0,10/19/2010,,
18976,PA,10.56,64300.0,10/19/2010,,
19442,PA,8.74,69909.0,10/19/2010,,
19438,PA,9.84,73981.77,10/19/2010,,
19030,PA,5.75,45695.0,10/19/2010,,
19446,PA,7.02,43625.0,10/19/2010,,
18940,PA,7.36,47420.0,10/19/2010,,
19446,PA,8.05,49364.0,10/19/2010,,
17078,PA,10.08,58222.56,10/19/2010,,
17022,PA,20.16,109468.8,10/19/2010,,
18840,PA,9.2,60000.0,10/19/2010,,
18064,PA,3.68,28007.0,10/19/2010,,
18944,PA,10.12,73168.0,10/20/2010,,
18036,PA,7.56,52920.0,10/20/2010,,
17070,PA,14.72,83210.0,10/20/2010,,
19082,PA,13.16,95660.0,10/20/2010,,
19047,PA,7.59,56755.0,10/20/2010,,
18940,PA,28.2,198810.0,10/20/2010,,
18913,PA,9.45,77840.0,10/20/2010,,
18974,PA,3.36,17640.0,10/20/2010,,
17019,PA,19.8,123750.0,10/20/2010,,
17777,PA,5.28,31080.0,10/20/2010,,
18064,PA,3.36,27900.0,10/20/2010,,
15209,PA,4.6,27500.0,10/20/2010,,
17551,PA,8.28,46119.0,10/21/2010,,
17603,PA,10.56,68000.0,10/21/2010,,
17853,PA,10.12,61730.0,10/21/2010,,
17584,PA,5.76,32700.0,10/21/2010,,
17517,PA,2.87,19995.0,10/21/2010,,
18944,PA,3.69,26995.0,10/21/2010,,
18603,PA,2.05,14995.0,10/21/2010,,
17543,PA,5.33,36995.0,10/21/2010,,
17062,PA,10.08,57757.0,10/21/2010,,
19422,PA,6.11,47353.0,10/21/2010,,
18944,PA,9.88,60000.0,10/21/2010,,
19438,PA,9.84,71275.17,10/21/2010,,
18328,PA,6.15,43995.0,10/21/2010,,
18077,PA,1.05,7000.0,10/22/2010,,
17601,PA,4.86,22360.0,10/22/2010,,
17601,PA,5.04,29000.0,10/22/2010,,
18419,PA,12.71,71000.0,10/22/2010,,
18071,PA,5.16,34498.0,10/22/2010,,
17543,PA,3.69,26995.0,10/22/2010,,
18214,PA,6.15,43995.0,10/22/2010,,
17821,PA,6.15,43995.0,10/22/2010,,
18635,PA,8.61,61995.0,10/22/2010,,
19382,PA,4.83,35600.0,10/22/2010,,
19518,PA,5.52,36741.46,10/22/2010,,
18901,PA,9.84,57000.0,10/22/2010,,
18938,PA,8.695,65213.0,10/22/2010,,
19446,PA,9.84,58486.05,10/22/2010,,
19512,PA,12.6,91784.0,10/22/2010,,
18040,PA,7.83,49000.0,10/22/2010,,
19504,PA,10.32,60630.0,10/22/2010,,
16505,PA,8.385,61700.5,10/22/2010,,
16865,PA,5.33,36995.0,10/22/2010,,
15317,PA,6.12,37332.0,10/22/2010,,
18621,PA,9.856,69502.4,10/24/2010,,
19030,PA,4.375,31000.0,10/24/2010,,
19380,PA,10.08,55270.0,10/24/2010,,
17602,PA,7.095,57398.55,10/25/2010,,
18049,PA,6.75,35184.0,10/25/2010,,
17015,PA,11.52,69000.0,10/25/2010,,
18049,PA,9.24,46755.3,10/25/2010,,
17856,PA,3.22,19576.0,10/25/2010,,
18055,PA,6.11,39487.0,10/25/2010,,
17846,PA,10.12,64661.0,10/25/2010,,
17543,PA,11.648,66044.0,10/25/2010,,
19317,PA,12.39,91516.4,10/25/2010,,
19083,PA,6.3,44800.0,10/25/2010,,
19350,PA,13.86,76490.2,10/25/2010,,
19382,PA,10.0,71000.0,10/25/2010,,
19390,PA,4.41,26423.45,10/25/2010,,
19320,PA,10.8,52985.05,10/25/2010,,
18976,PA,12.825,64207.5,10/25/2010,,
19348,PA,8.74,47068.51,10/25/2010,,
19390,PA,6.75,35069.76,10/25/2010,,
19335,PA,10.12,60091.0,10/25/2010,,
19067,PA,10.29,60417.41,10/25/2010,,
18925,PA,9.2,56500.0,10/25/2010,,
18091,PA,7.74,58972.0,10/25/2010,,
17078,PA,5.04,31615.06,10/25/2010,,
17837,PA,4.6,29453.0,10/25/2010,,
19540,PA,7.095,42955.0,10/26/2010,,
18969,PA,8.385,59115.0,10/26/2010,,
18053,PA,7.36,51520.0,10/26/2010,,
17074,PA,9.66,46242.84,10/26/2010,,
17562,PA,9.4,56950.0,10/26/2010,,
19115,PA,2.76,21350.0,10/26/2010,,
19468,PA,6.58,34000.0,10/26/2010,,
19355,PA,7.26,39346.35,10/26/2010,,
19119,PA,3.6,27125.0,10/26/2010,,
19425,PA,8.6,53190.07,10/26/2010,,
17340,PA,24.675,148050.0,10/26/2010,,
17004,PA,10.26,57943.0,10/26/2010,,
18817,PA,10.08,58560.0,10/26/2010,,
18940,PA,9.9,69661.0,10/26/2010,,
17068,PA,10.08,55768.52,10/26/2010,,
18014,PA,4.6,34040.0,10/26/2010,,
18951,PA,4.995,29825.4,10/27/2010,,
17728,PA,10.32,74310.0,10/27/2010,,
18072,PA,5.52,32568.0,10/27/2010,,
19106,PA,43.05,236775.0,10/27/2010,,
19121,PA,2.76,20270.0,10/27/2010,,
19464,PA,4.14,28995.0,10/27/2010,,
18938,PA,12.21,68929.22,10/27/2010,,
19422,PA,10.36,58498.0,10/27/2010,,
18901,PA,2.99,23400.0,10/27/2010,,
19053,PA,5.52,35410.0,10/27/2010,,
19064,PA,8.82,53387.08,10/27/2010,,
17365,PA,10.12,55120.0,10/27/2010,,
18038,PA,5.04,32760.0,10/27/2010,,
17343,PA,15.96,94769.14,10/27/2010,,
18360,PA,4.62,31078.96,10/27/2010,,
17408,PA,6.29,40817.36,10/27/2010,,
17078,PA,9.99,56444.0,10/27/2010,,
19504,PA,5.74,40180.0,10/27/2010,,
18040,PA,10.8,60940.0,10/27/2010,,
19504,PA,6.97,48995.0,10/27/2010,,
19510,PA,8.1,46737.0,10/27/2010,,
15216,PA,2.7,22050.0,10/27/2010,,
18940,PA,7.955,46200.0,10/27/2010,,
17368,PA,15.12,73330.0,10/27/2010,,
18469,PA,10.08,79361.0,10/27/2010,,
17961,PA,8.505,60000.0,10/28/2010,,
18055,PA,10.66,78500.0,10/28/2010,,
17074,PA,8.46,49957.8,10/28/2010,,
17055,PA,3.44,27005.0,10/28/2010,,
17870,PA,8.46,54196.0,10/28/2010,,
19341,PA,2.8,15999.23,10/28/2010,,
19343,PA,3.36,20700.0,10/28/2010,,
19060,PA,5.33,29848.0,10/28/2010,,
18976,PA,8.064,45300.0,10/28/2010,,
19465,PA,6.88,42070.75,10/28/2010,,
18072,PA,11.28,81780.0,10/28/2010,,
17201,PA,4.14,33120.0,11/04/2009,,
19382,PA,44,290000,11/24/2008,,
19355,PA,100,700000,11/02/2007,,
17102,PA,42,281980,11/23/2009,,
18708,PA,10,67800,12/21/2009,,
