Zipcode,State,Size (kW DC),Cost,Date Installed,Filters=state=VT
05674,VT,138.9,,01/14/2015,,
05602,VT,500.0,,12/15/2014,,
05301,VT,2500.0,,10/08/2014,,
05701,VT,98.28,,01/21/2014,,
05602,VT,30.0,,06/09/1997,,
05701,VT,150.0,,05/09/2014,,
05482,VT,2960.0,,02/11/2014,,
05156,VT,148.5,,12/08/2012,,
05485,VT,2400.0,,12/13/2013,,
05701,VT,140.4,,01/14/2014,,
05871,VT,32.34,,07/17/2013,,
05001,VT,32.0,,12/17/2010,,
05661,VT,108.0,,12/31/2012,,
05753,VT,143.0,,02/21/2012,,
05674,VT,5.232,,12/20/2012,,
05477,VT,4.578,,12/18/2012,,
05677,VT,5.886,,12/03/2012,,
05674,VT,6.867,,12/05/2012,,
05672,VT,5.232,,12/05/2012,,
05491,VT,5.232,,11/29/2012,,
05648,VT,7.848,,12/26/2012,,
05452,VT,4.928,,12/26/2012,,
05443,VT,4.08,,12/28/2012,,
05674,VT,4.32,,12/31/2012,,
05477,VT,3.924,,12/27/2012,,
05673,VT,8.64,,12/31/2012,,
05494,VT,5.886,,12/28/2012,,
05446,VT,5.28,,12/28/2012,,
05660,VT,7.7,,12/19/2012,,
05602,VT,3.68,,12/26/2012,,
05468,VT,6.54,,12/20/2012,,
05602,VT,7.848,,12/20/2012,,
05641,VT,3.924,,12/20/2012,,
05465,VT,3.924,,12/19/2012,,
05676,VT,3.84,,12/14/2012,,
05446,VT,5.886,,12/20/2012,,
05403,VT,5.232,,12/14/2012,,
05465,VT,5.886,,12/13/2012,,
05663,VT,5.886,,12/07/2012,,
05602,VT,7.848,,12/07/2012,,
05489,VT,6.867,,12/07/2012,,
05465,VT,8.175,,12/07/2012,,
05677,VT,3.924,,12/07/2012,,
05676,VT,3.924,,12/07/2012,,
05461,VT,6.125,,12/05/2012,,
05735,VT,1.02,,12/27/2012,,
05403,VT,4.905,,10/25/2012,,
05468,VT,3.924,,12/04/2012,,
05403,VT,6.54,,11/19/2012,,
05465,VT,5.232,,11/19/2012,,
05676,VT,7.848,,11/12/2012,,
05465,VT,5.232,,11/19/2012,,
05462,VT,6.54,,11/12/2012,,
05465,VT,5.232,,10/12/2012,,
05656,VT,6.54,,12/11/2012,,
05468,VT,3.27,,11/21/2012,,
05650,VT,5.886,,10/29/2012,,
05650,VT,10.0,,12/24/2012,,
05602,VT,7.848,,10/28/2012,,
05667,VT,5.635,,12/13/2012,,
05482,VT,4.0,,11/21/2012,,
05408,VT,6.0,,11/22/2012,,
05602,VT,5.88,,11/27/2012,,
05672,VT,11.772,,12/03/2012,,
05359,VT,11.76,,11/19/2012,,
05602,VT,4.41,,10/30/2012,,
05465,VT,3.924,,09/06/2012,,
05737,VT,6.37,,12/21/2012,,
05346,VT,5.88,39749.0,09/19/2012,,
05156,VT,8.82,41967.0,11/05/2012,,
05408,VT,5.886,,12/10/2012,,
05301,VT,5.88,24074.0,10/11/2012,,
05346,VT,9.555,37485.0,09/01/2012,,
05602,VT,9.81,,07/10/2012,,
05301,VT,4.8,24960.0,06/26/2012,,
05346,VT,6.24,28744.0,07/16/2012,,
05158,VT,1.88,10284.0,03/01/2012,,
05358,VT,5.64,39875.0,03/07/2012,,
05358,VT,1.41,9522.0,01/11/2012,,
05158,VT,5.64,39875.0,03/28/2012,,
05764,VT,2.94,19219.94,01/12/2012,,
05344,VT,2.35,12408.0,01/16/2012,,
05701,VT,146.64,760000.0,12/31/2012,,
05359,VT,1.88,9362.0,01/20/2012,,
05443,VT,33.84,,12/31/2012,,
05701,VT,8.82,,12/31/2012,,
05301,VT,10.045,40180.0,12/31/2012,,
05301,VT,13.23,55556.0,12/28/2012,,
05255,VT,8.575,,12/06/2012,,
05346,VT,10.0,63735.0,12/13/2012,,
05857,VT,6.0,39000.0,08/22/2012,,
05255,VT,6.24,28390.0,09/14/2012,,
05301,VT,11.28,63688.0,01/30/2012,,
05478,VT,27.0,112990.0,10/31/2012,,
05301,VT,5.64,34640.0,01/31/2012,,
05301,VT,5.64,34640.0,01/31/2012,,
05461,VT,144.0,,09/26/2009,,
05658,VT,18.0,97020.0,01/25/2013,,
05060,VT,87.4,,09/25/2012,,
05679,VT,2513.28,10000000.0,12/01/2012,,
05760,VT,7.8,,11/24/2009,,
05471,VT,12.96,58701.52511,06/13/2014,,
05472,VT,4.2,18098.59047,01/15/2014,,
05261,VT,2307.0,10000000.0,12/01/2012,,
05770,VT,120.0,,08/02/2012,,
05150,VT,382.8,1300000.0,10/23/2012,,
05677,VT,150.0,,11/29/2012,,
05677,VT,35.54,,12/21/2011,,
05851,VT,5.0,,10/23/2012,,
05001,VT,100.0,,12/10/2009,,
05495,VT,15.0,,09/27/2010,,
05495,VT,3.99,,04/22/2011,,
05753,VT,3.99,31000.0,09/20/2010,,
05473,VT,4.18,31000.0,08/13/2010,,
05473,VT,3.2,23500.0,09/22/2010,,
05346,VT,36.8,,10/10/2009,,
05487,VT,100.0,589000.0,09/30/2010,,
05461,VT,7.98,62000.0,01/21/2010,,
05461,VT,141.36,1086000.0,12/01/2010,,
05473,VT,3.99,31000.0,04/28/2010,,
05443,VT,3.99,31000.0,08/12/2010,,
05673,VT,28.0,217000.0,04/19/2010,,
05673,VT,3.99,31000.0,09/25/2010,,
05156,VT,209.664,,12/02/2010,,
05648,VT,0.96,,06/03/2002,,
05401,VT,34.38,,10/21/2010,,
05033,VT,58.0,,06/05/2009,,
05091,VT,59.0,,03/19/2012,,
05408,VT,147.0,1160640.0,12/16/2011,,
05753,VT,11.4,93000.0,06/16/2010,,
05495,VT,2.99,23500.0,06/25/2010,,
05403,VT,95.76,,07/23/2010,,
05482,VT,40.32,,08/03/2010,,
05401,VT,31.28,187000.0,08/20/2010,,
05491,VT,1046.65,5000000.0,11/30/2010,,
05143,VT,2.0,9020.0,09/06/2011,,
05730,VT,3.44,,10/31/2011,,
05443,VT,3.15,,11/14/2011,,
05730,VT,2.35,,12/29/2011,,
05403,VT,2.88,,12/29/2011,,
05443,VT,5.64,,12/31/2011,,
05403,VT,1420.5,8800000.0,10/01/2011,,
05641,VT,3.192,,07/16/2010,,
05350,VT,4.59,27991.0,01/29/2011,,
05350,VT,10.26,65627.0,06/28/2010,,
05461,VT,2.16,33000,07/02/2004,,
05491,VT,1.08,14861.95,08/06/2004,,
05660,VT,4.56,40865,11/17/2005,,
05352,VT,1.6,10287.45,12/16/2000,,
05472,VT,2494.69,,09/04/2013,,
05401,VT,1.44,12428,07/02/2004,,
05403,VT,2.338,16502.82,05/28/2004,,
05201,VT,1.2,18150.0,08/23/2004,,
05602,VT,1.92,16959.99,03/19/2004,,
05855,VT,2.28,15760,07/01/2005,,
05401,VT,5.5,26950,10/22/2004,,
05868,VT,3,16910,12/17/2004,,
05767,VT,3.08,24980,10/08/2004,,
05055,VT,5.76,46520,10/22/2004,,
05363,VT,2.88,26359.92,02/25/2005,,
05764,VT,3.84,18780.0,11/12/2012,,
05456,VT,3.36,22060.0,09/04/2012,,
05701,VT,59.8,195000.0,08/17/2012,,
05405,VT,1.4,9800.0,06/25/2012,,
05655,VT,2.4,12982.5,11/07/2012,,
05443,VT,50.4,352800.0,10/31/2012,,
05346,VT,52.92,300000.0,06/06/2012,,
05735,VT,28.8,140300.0,07/03/2012,,
05403,VT,5.04,17000.0,09/16/2012,,
05403,VT,32.16,135989.0,08/24/2012,,
05401,VT,91.875,317007.0,02/08/2012,,
05408,VT,137.445,588728.0,02/08/2012,,
05641,VT,9.2,46000.0,12/29/2012,,
05346,VT,5.76,18924.0,12/26/2012,,
05602,VT,3.27,15860.0,12/18/2012,,
05491,VT,11.76,73320.0,12/22/2012,,
05753,VT,5.88,36600.0,12/31/2012,,
05473,VT,2.88,13399.0,12/13/2012,,
05667,VT,5.886,17643.0,11/19/2012,,
05301,VT,5.0,21750.0,12/29/2012,,
05076,VT,5.5,23760.0,12/11/2012,,
05753,VT,8.67,38250.0,11/27/2012,,
05301,VT,8.82,39690.0,12/31/2012,,
05346,VT,5.88,26460.0,12/31/2012,,
05468,VT,4.578,24021.0,11/12/2012,,
05462,VT,3.924,11987.0,12/19/2012,,
05663,VT,5.886,17105.0,11/03/2012,,
05446,VT,5.232,27800.0,11/05/2012,,
05735,VT,4.59,22480.0,12/26/2012,,
05495,VT,3.27,19574.0,11/05/2012,,
05602,VT,4.6,17636.0,11/21/2012,,
05301,VT,8.33,44149.0,12/21/2012,,
05201,VT,5.64,33600.0,11/30/2012,,
05676,VT,3.924,21727.0,10/29/2012,,
05468,VT,5.232,29853.0,10/29/2012,,
05346,VT,7.35,33475.0,11/30/2012,,
05477,VT,4.578,13590.0,11/16/2012,,
05468,VT,7.848,42739.0,10/27/2012,,
05489,VT,3.924,11958.0,11/28/2012,,
05677,VT,5.04,25558.0,11/09/2012,,
05363,VT,4.41,19712.0,11/19/2012,,
05602,VT,5.88,31164.0,11/30/2012,,
05477,VT,2.16,15535.0,12/28/2012,,
05651,VT,5.76,32472.0,11/29/2012,,
05667,VT,7.5,26840.0,11/01/2012,,
05446,VT,6.213,31000.0,10/19/2012,,
05602,VT,6.867,33285.0,10/19/2012,,
05733,VT,1.53,7300.0,11/19/2012,,
05055,VT,9.18,39800.0,11/09/2012,,
05201,VT,5.64,35950.0,10/20/2012,,
05495,VT,6.0,23641.08,10/30/2012,,
05156,VT,2.94,17391.0,12/05/2012,,
05033,VT,6.0,25600.0,11/09/2012,,
05452,VT,6.37,24570.0,12/11/2012,,
05906,VT,3.675,16635.0,11/09/2012,,
05445,VT,6.37,26085.0,11/09/2012,,
05257,VT,4.6,31450.0,10/15/2012,,
05660,VT,4.578,14049.0,10/15/2012,,
05672,VT,8.175,41498.0,10/11/2012,,
05494,VT,7.848,24804.0,12/04/2012,,
05477,VT,4.9,29630.0,11/08/2012,,
05468,VT,5.886,29754.0,12/17/2012,,
05672,VT,3.27,18123.0,10/10/2012,,
05680,VT,3.924,22777.0,10/29/2012,,
05660,VT,5.232,13788.0,10/25/2012,,
05452,VT,5.886,31645.0,10/24/2012,,
05465,VT,3.27,19232.0,10/25/2012,,
05674,VT,9.156,22628.0,11/09/2012,,
05452,VT,6.24,30883.0,10/24/2012,,
05489,VT,4.578,12777.0,10/12/2012,,
05201,VT,5.64,35962.0,08/09/2012,,
05468,VT,6.867,37090.0,10/09/2012,,
05477,VT,11.445,56720.0,10/08/2012,,
05403,VT,3.924,11930.0,10/08/2012,,
05301,VT,3.84,15360.0,10/19/2012,,
05495,VT,11.772,62377.0,12/03/2012,,
05143,VT,4.41,26693.0,12/24/2012,,
05495,VT,7.848,43682.0,10/08/2012,,
05468,VT,3.924,19230.0,10/10/2012,,
05663,VT,4.251,20617.0,11/20/2012,,
05461,VT,3.924,21833.0,10/08/2012,,
05495,VT,3.27,20175.0,10/09/2012,,
05465,VT,3.27,9979.0,10/09/2012,,
05148,VT,4.0,20000.0,10/25/2012,,
05602,VT,4.32,25140.0,11/06/2012,,
05677,VT,5.88,36800.0,11/07/2012,,
05701,VT,3.924,11874.0,10/08/2012,,
05680,VT,16.17,54909.0,10/31/2012,,
05676,VT,5.39,23069.0,10/23/2012,,
05673,VT,4.41,21256.0,09/12/2012,,
05403,VT,6.125,24560.0,10/19/2012,,
05472,VT,5.145,22330.0,10/04/2012,,
05352,VT,5.88,26166.0,10/24/2012,,
05487,VT,6.0,28500.0,08/31/2012,,
05602,VT,2.45,15680.0,09/27/2012,,
05735,VT,3.06,13150.0,09/28/2012,,
05743,VT,6.0,23700.0,11/23/2012,,
05676,VT,7.5,30000.0,11/06/2012,,
05673,VT,3.27,9821.0,10/10/2012,,
05641,VT,11.96,28232.0,10/24/2012,,
05403,VT,10.0,40000.0,09/27/2012,,
05676,VT,10.965,43000.0,11/13/2012,,
05828,VT,7.35,30492.0,08/24/2012,,
05071,VT,4.75,21606.0,09/14/2012,,
05486,VT,5.1,17159.0,09/24/2012,,
05766,VT,6.0,31200.0,09/21/2012,,
05701,VT,3.92,21560.0,09/06/2012,,
05495,VT,8.16,37520.0,11/05/2012,,
05143,VT,11.52,56304.0,10/25/2012,,
05641,VT,9.0,46800.0,10/30/2012,,
05465,VT,5.232,14296.0,09/14/2012,,
05346,VT,1.47,7306.0,10/11/2012,,
05440,VT,10.0,51823.0,10/19/2012,,
05033,VT,6.0,33000.0,10/10/2012,,
05487,VT,4.83,22942.0,08/16/2012,,
05462,VT,4.905,25799.0,08/31/2012,,
05494,VT,3.924,19000.0,10/28/2012,,
05468,VT,5.28,23594.0,08/29/2012,,
05445,VT,3.0,14650.0,08/30/2012,,
05602,VT,3.27,9913.0,09/05/2012,,
05495,VT,5.232,15084.0,08/25/2012,,
05462,VT,3.924,21995.0,10/23/2012,,
05674,VT,3.27,10147.0,09/24/2012,,
05489,VT,7.848,21416.0,09/27/2012,,
05676,VT,6.867,31433.0,10/23/2012,,
05489,VT,7.848,19908.0,09/11/2012,,
05403,VT,5.232,13646.0,08/16/2012,,
05677,VT,4.905,13835.0,09/27/2012,,
05672,VT,3.27,18736.0,10/03/2012,,
05489,VT,4.578,23904.0,08/21/2012,,
05676,VT,6.867,33707.55,09/07/2012,,
05764,VT,5.76,27048.0,09/21/2012,,
05301,VT,17.331,79902.0,11/16/2012,,
05777,VT,5.145,19650.0,08/31/2012,,
05455,VT,7.5,32000.0,10/05/2012,,
05674,VT,9.81,45965.0,09/07/2012,,
05401,VT,4.578,12759.0,11/15/2012,,
05403,VT,5.886,36389.0,09/06/2012,,
05677,VT,9.81,45239.0,08/16/2012,,
05677,VT,5.232,14770.0,08/22/2012,,
05452,VT,11.772,59401.0,08/08/2012,,
05079,VT,4.5,27858.0,09/26/2012,,
05001,VT,3.185,17407.0,08/21/2012,,
05873,VT,2.5,14000.0,09/14/2012,,
05677,VT,6.37,32104.0,09/26/2012,,
05602,VT,3.6,16622.0,10/01/2012,,
05143,VT,2.94,21309.0,09/26/2012,,
05465,VT,4.8,19809.0,11/24/2012,,
05403,VT,5.886,36389.0,08/08/2012,,
05458,VT,6.12,23068.0,09/10/2012,,
05346,VT,5.88,29800.0,08/06/2012,,
05340,VT,5.16,10297.36,11/30/2012,,
05091,VT,12.24,45000.0,09/22/2012,,
05072,VT,3.825,26128.0,09/10/2012,,
05455,VT,4.41,22050.0,09/27/2012,,
05401,VT,9.31,20763.0,08/24/2012,,
05403,VT,5.64,25492.8,08/31/2012,,
05255,VT,4.41,20639.0,08/23/2012,,
05832,VT,4.41,20639.0,08/17/2012,,
05679,VT,5.88,23266.0,09/01/2012,,
05048,VT,4.7,23829.0,09/28/2012,,
05462,VT,10.2,33525.0,08/20/2012,,
05056,VT,2.0,13051.0,12/28/2012,,
05679,VT,4.2,29400.0,11/09/2012,,
05462,VT,3.84,17365.0,09/18/2012,,
05048,VT,4.32,30636.0,08/31/2012,,
05640,VT,3.0,14250.0,08/21/2012,,
05903,VT,6.0,29900.0,09/10/2012,,
05444,VT,4.18,19100.0,12/13/2012,,
05491,VT,6.0,40102.0,07/30/2012,,
05760,VT,1.47,6982.5,07/10/2012,,
05068,VT,8.575,33875.0,08/08/2012,,
05487,VT,4.2,29400.0,07/16/2012,,
05651,VT,4.41,22010.0,07/23/2012,,
05672,VT,8.25,32650.0,08/20/2012,,
05601,VT,8.4,56000.0,08/04/2012,,
05260,VT,8.085,39106.39,06/15/2012,,
05143,VT,3.06,24470.0,12/19/2012,,
05482,VT,3.06,13500.0,12/10/2012,,
05602,VT,3.924,22045.0,07/25/2012,,
05468,VT,7.848,19123.0,07/25/2012,,
05468,VT,5.886,35487.0,08/13/2012,,
05472,VT,8.05,33420.0,07/13/2012,,
05857,VT,7.36,30488.0,10/04/2012,,
05482,VT,3.15,17984.0,10/31/2012,,
05842,VT,4.2,28350.0,08/10/2012,,
05072,VT,4.9,24500.0,07/06/2012,,
05465,VT,6.867,34716.0,07/18/2012,,
05452,VT,3.27,19323.0,10/15/2012,,
05845,VT,8.28,37541.73,07/08/2012,,
05822,VT,8.28,32159.73,09/19/2012,,
05679,VT,4.0,21692.0,09/13/2012,,
05465,VT,5.88,19907.34,09/18/2012,,
05301,VT,3.57,18955.0,08/24/2012,,
05154,VT,2.88,15264.0,07/27/2012,,
05674,VT,5.88,31158.0,07/11/2012,,
05468,VT,6.867,42235.0,08/27/2012,,
05660,VT,6.54,32277.0,08/13/2012,,
05403,VT,9.156,21786.0,07/20/2012,,
05766,VT,11.28,78960.0,07/02/2012,,
05757,VT,6.0,41024.0,08/14/2012,,
05602,VT,6.867,36344.0,08/26/2012,,
05602,VT,5.886,30802.0,08/02/2012,,
05161,VT,15.3,69800.0,07/30/2012,,
05055,VT,2.115,12150.0,10/19/2012,,
05344,VT,4.05,20375.0,06/29/2012,,
05658,VT,4.59,46764.19,11/28/2012,,
05301,VT,6.12,17586.0,09/06/2012,,
05773,VT,2.45,10796.0,07/18/2012,,
05346,VT,5.88,29400.0,07/26/2012,,
05461,VT,16.56,70020.0,08/02/2012,,
05403,VT,6.867,34397.0,07/20/2012,,
05676,VT,5.76,26340.0,06/30/2012,,
05675,VT,4.8,27150.0,07/18/2012,,
05156,VT,5.88,35994.0,09/17/2012,,
05477,VT,5.28,29185.0,07/31/2012,,
05086,VT,4.41,14482.0,12/05/2012,,
05759,VT,6.72,29952.0,06/27/2012,,
05301,VT,2.85,11100.0,07/10/2012,,
05495,VT,10.71,53400.0,09/10/2012,,
05701,VT,3.22,14750.0,08/02/2012,,
05489,VT,5.76,38640.0,06/28/2012,,
05443,VT,4.2,29400.0,06/05/2012,,
05489,VT,5.886,30753.0,06/25/2012,,
05468,VT,6.867,17071.0,06/29/2012,,
05452,VT,9.156,51346.0,07/25/2012,,
05455,VT,10.2,37042.0,06/08/2012,,
05149,VT,10.2,54127.0,08/13/2012,,
05446,VT,4.8,19200.0,06/19/2012,,
05677,VT,5.886,32933.0,08/14/2012,,
05403,VT,4.905,29963.0,08/09/2012,,
05677,VT,3.924,21513.0,08/15/2012,,
05773,VT,2.55,10116.0,06/25/2012,,
05849,VT,9.18,57256.0,11/01/2012,,
05602,VT,7.848,19140.0,08/29/2012,,
05477,VT,3.924,22643.0,06/19/2012,,
05673,VT,3.924,11128.0,07/19/2012,,
05769,VT,1.96,9310.0,06/13/2012,,
05651,VT,8.46,43890.0,08/21/2012,,
05456,VT,7.14,41725.0,07/20/2012,,
05488,VT,8.225,31100.0,07/23/2012,,
05819,VT,4.32,20500.0,06/13/2012,,
05070,VT,3.92,22148.0,06/12/2012,,
05860,VT,2.295,11475.0,06/19/2012,,
05602,VT,6.54,33774.0,06/01/2012,,
05660,VT,6.867,33545.0,06/12/2012,,
05001,VT,2.52,18097.0,05/11/2012,,
05602,VT,7.35,33660.0,06/29/2012,,
05764,VT,2.88,12960.0,06/29/2012,,
05301,VT,5.76,21900.0,06/22/2012,,
05091,VT,7.92,39226.0,07/26/2012,,
05751,VT,11.52,46450.0,07/25/2012,,
05647,VT,4.6,34230.0,08/22/2012,,
05677,VT,2.82,17433.0,09/10/2012,,
05055,VT,6.48,23400.0,06/08/2012,,
05464,VT,2.88,19980.0,09/07/2012,,
05733,VT,4.5,13356.96,05/17/2012,,
05832,VT,5.76,28800.0,05/18/2012,,
05836,VT,1.84,13340.0,07/10/2012,,
05841,VT,8.4,56000.0,07/06/2012,,
05764,VT,4.6,21750.0,07/18/2012,,
05083,VT,8.82,39678.0,06/15/2012,,
05301,VT,6.24,24710.0,07/18/2012,,
05676,VT,15.25,58000.0,05/29/2012,,
05682,VT,3.924,22142.0,08/22/2012,,
05452,VT,3.924,20623.0,06/29/2012,,
05602,VT,2.94,18375.0,05/21/2012,,
05866,VT,4.2,28350.0,06/22/2012,,
05738,VT,8.64,31800.0,06/13/2012,,
05743,VT,4.23,17490.0,05/08/2012,,
05735,VT,3.06,17900.0,06/25/2012,,
05841,VT,2.88,17258.0,07/31/2012,,
05658,VT,11.96,60760.0,08/14/2012,,
05764,VT,5.2,16999.36,05/20/2012,,
05676,VT,3.924,21512.0,06/21/2012,,
05468,VT,4.578,12561.0,07/26/2012,,
05650,VT,3.924,21563.0,07/10/2012,,
05404,VT,3.924,10960.0,07/31/2012,,
05403,VT,3.27,9901.0,07/28/2012,,
05730,VT,3.92,19154.0,08/10/2012,,
05738,VT,3.92,21229.02,06/10/2012,,
05655,VT,4.08,20907.0,08/21/2012,,
05871,VT,2.88,17940.0,06/18/2012,,
05344,VT,4.32,18800.0,06/07/2012,,
05602,VT,4.578,26310.9,05/11/2012,,
05477,VT,3.27,19991.0,07/13/2012,,
05403,VT,3.27,19435.9,07/18/2012,,
05495,VT,5.886,33384.0,07/18/2012,,
05602,VT,3.924,21586.0,06/13/2012,,
05495,VT,4.578,25883.0,07/13/2012,,
05458,VT,10.12,25762.0,07/05/2012,,
05101,VT,5.76,38932.0,06/12/2012,,
05495,VT,3.924,11337.0,07/13/2012,,
05465,VT,4.578,12600.0,06/11/2012,,
05677,VT,3.924,22384.0,08/02/2012,,
05673,VT,4.578,25387.0,07/12/2012,,
05682,VT,4.578,24208.0,05/29/2012,,
05495,VT,5.52,25400.0,06/21/2012,,
05444,VT,3.57,14037.0,05/02/2012,,
05443,VT,2.45,12250.0,04/24/2012,,
05730,VT,2.5,12800.0,04/17/2012,,
05346,VT,3.0,14700.0,07/05/2012,,
05055,VT,4.7,23124.0,04/19/2012,,
05461,VT,5.76,20907.23,05/21/2012,,
05660,VT,1.84,7944.0,06/19/2012,,
05046,VT,4.2,28350.0,08/07/2012,,
05445,VT,9.6,53664.0,02/24/2012,,
05158,VT,4.41,24655.0,06/05/2012,,
05486,VT,28.35,157916.0,10/02/2012,,
05470,VT,1.4,5000.0,10/08/2012,,
05602,VT,4.32,22896.0,04/19/2012,,
05458,VT,7.14,44710.62,06/15/2012,,
05464,VT,9.36,39903.14,06/29/2012,,
05155,VT,3.5,20280.0,06/07/2012,,
05672,VT,3.15,14424.0,06/02/2012,,
05055,VT,3.525,19081.0,04/19/2012,,
05647,VT,4.2,28350.0,05/03/2012,,
05489,VT,5.76,25920.0,06/11/2012,,
05456,VT,6.72,27981.0,08/24/2012,,
05602,VT,4.0,21480.0,04/25/2012,,
05401,VT,2.88,6898.0,06/07/2012,,
05462,VT,11.28,78960.0,05/31/2012,,
05773,VT,5.64,29453.0,06/11/2012,,
05495,VT,7.0,34167.0,03/28/2012,,
05495,VT,5.0,23250.0,03/22/2012,,
05482,VT,10.0,54500.0,04/18/2012,,
05482,VT,6.0,35900.0,06/06/2012,,
05486,VT,3.36,16230.0,05/10/2012,,
05445,VT,4.2,27300.0,03/30/2012,,
05829,VT,5.76,37440.0,05/10/2012,,
05055,VT,4.08,22946.0,04/04/2012,,
05055,VT,4.8,30205.0,07/31/2012,,
05055,VT,2.115,10948.0,03/23/2012,,
05445,VT,7.0,39630.0,03/19/2012,,
05495,VT,3.9,18925.0,03/14/2012,,
05660,VT,5.76,34968.0,05/24/2012,,
05445,VT,1.95,11505.0,03/30/2012,,
05091,VT,4.7,26100.0,03/23/2012,,
05841,VT,2.88,15840.0,05/01/2012,,
05143,VT,4.48,30470.0,05/11/2012,,
05482,VT,4.8,25635.0,05/15/2012,,
05487,VT,12.6,94500.0,06/07/2012,,
05464,VT,3.15,16984.0,03/29/2012,,
05055,VT,3.76,20753.0,03/21/2012,,
05778,VT,5.0,30499.0,03/13/2012,,
05819,VT,4.4,19584.0,03/28/2012,,
05301,VT,3.0,12900.0,03/22/2012,,
05773,VT,4.0,23500.0,06/08/2012,,
05055,VT,7.92,33660.0,03/08/2012,,
05462,VT,5.04,21164.0,03/31/2012,,
05461,VT,5.25,24937.0,01/17/2012,,
05363,VT,8.28,42950.0,01/10/2012,,
05641,VT,4.576,27800.0,01/05/2012,,
05827,VT,2.64,12000.0,01/26/2012,,
05301,VT,8.296,35289.0,01/18/2012,,
05482,VT,3.36,19875.0,01/31/2012,,
05465,VT,4.2,27300.0,01/05/2012,,
05445,VT,4.2,27300.0,01/06/2012,,
05346,VT,2.35,12112.0,01/19/2012,,
05495,VT,4.32,21812.0,01/30/2012,,
05495,VT,4.68,21375.0,01/20/2012,,
05495,VT,10.0,45500.0,01/26/2012,,
05482,VT,4.92,23370.0,01/26/2012,,
05461,VT,4.68,23030.0,01/19/2012,,
05495,VT,4.0,19000.0,01/17/2012,,
05660,VT,8.0,36720.0,01/11/2012,,
05445,VT,8.4,54600.0,01/04/2012,,
05472,VT,4.2,33600.0,01/15/2012,,
05445,VT,5.0,31250.0,01/23/2012,,
05495,VT,4.2,27300.0,01/06/2012,,
05346,VT,3.52,27990.0,01/13/2012,,
05032,VT,11.28,50932.0,01/16/2012,,
05401,VT,3.29,18062.0,01/10/2012,,
05091,VT,5.64,33672.0,01/10/2012,,
05301,VT,3.96,22550.0,01/26/2012,,
05602,VT,16.1,88900.0,01/27/2012,,
05075,VT,1.645,10352.0,01/19/2012,,
05440,VT,7.14,34819.0,01/12/2012,,
05072,VT,4.05,29228.0,01/09/2012,,
05602,VT,8.46,43146.0,01/18/2012,,
05462,VT,1.88,11326.54,01/06/2012,,
05739,VT,1.72,21805.0,02/20/2012,,
05201,VT,20.68,98304.57,01/30/2012,,
05743,VT,6.88,46410.0,03/21/2012,,
05401,VT,4.48,24569.0,01/16/2012,,
05446,VT,7.2,29500.0,10/18/2012,,
05495,VT,152.88,760000.0,12/31/2012,,
05001,VT,13.5,65530.0,06/22/2012,,
05487,VT,10.2,50809.59,11/21/2012,,
05770,VT,58.8,411600.0,05/31/2012,,
05767,VT,6.11,24479.32,01/30/2012,,
05672,VT,14.4,70220.0,01/30/2012,,
05774,VT,5.1,21420.0,12/31/2012,,
05478,VT,18.36,99444.0,12/10/2012,,
05477,VT,12.0,55000.0,12/31/2012,,
05641,VT,13.8,75900.0,11/09/2012,,
05701,VT,155.48,423000.0,12/14/2012,,
05346,VT,11.76,58800.0,09/20/2012,,
05839,VT,6.0,20264.0,09/30/2012,,
05301,VT,30.6,146660.0,10/26/2012,,
05403,VT,5.1,25619.0,09/20/2012,,
05060,VT,87.36,298250.0,11/02/2012,,
05733,VT,5.0,23850.0,08/14/2012,,
05857,VT,16.56,28042.61,11/15/2012,,
05602,VT,62.4,220000.0,12/19/2012,,
05656,VT,56.4,270720.0,10/25/2012,,
05201,VT,31.68,139200.0,08/20/2012,,
05677,VT,146.64,703872.0,11/30/2012,,
05733,VT,56.4,270720.0,12/10/2012,,
05150,VT,357.6,1297000.0,10/17/2012,,
05841,VT,8.28,37260.0,06/01/2012,,
05401,VT,50.76,185281.0,10/31/2012,,
05301,VT,23.5,110544.0,09/20/2012,,
05445,VT,5.61,24525.0,04/30/2012,,
05346,VT,15.36,113664.0,06/07/2012,,
05445,VT,24.0,128375.0,05/17/2012,,
05346,VT,16.92,71656.0,04/25/2012,,
05602,VT,5.52,35250.0,05/01/2012,,
05301,VT,16.92,82062.0,06/01/2012,,
05443,VT,36.0,217284.0,07/27/2012,,
05403,VT,5.52,41400.0,01/30/2012,,
05701,VT,39.6,178112.0,01/25/2012,,
05753,VT,12.24,71000.0,01/16/2012,,
05143,VT,22.56,101144.04,01/26/2012,,
05358,VT,6.58,32900.0,01/30/2012,,
05819,VT,16.8,85390.0,01/20/2012,,
05774,VT,40.32,158765.0,01/05/2012,,
05836,VT,4.2,27300.0,01/04/2012,,
05445,VT,6.12,29070.0,01/23/2012,,
05753,VT,147.84,546893.0,01/25/2012,,
05486,VT,7.99,31480.0,01/24/2012,,
05670,VT,43.2,187087.0,01/26/2012,,
05091,VT,58.8,411600.0,03/19/2012,,
05640,VT,46.44,118965.0,01/26/2012,,
05401,VT,24.48,155608.0,01/30/2012,,
05001,VT,2522.52,10500000.0,10/19/2012,,
05482,VT,4,33638,08/30/2007,,
05356,VT,4.8,41120,06/09/2009,,
05487,VT,7.02,72228,07/17/2008,,
05702,VT,4.1,40031,10/12/2007,,
05735,VT,1.32,11000,07/12/2007,,
05676,VT,100.1,,08/14/2009,,
05701,VT,50.16,400000.0,01/15/2010,,
05068,VT,2199.26,11000000.0,07/31/2012,,
05101,VT,3.68,19688.0,01/01/2011,,
05673,VT,5.06,29297.0,01/04/2011,,
05346,VT,4.6,27042.0,01/04/2011,,
05158,VT,3.78,23400.0,01/04/2011,,
05757,VT,2.38,17411.42,01/05/2011,,
05055,VT,8.28,40632.18,01/05/2011,,
05660,VT,7.2,32605.57,01/06/2011,,
05465,VT,4.83,27431.0,01/06/2011,,
05068,VT,2.07,15139.99,01/10/2011,,
05828,VT,3.22,17862.0,01/11/2011,,
05340,VT,4.05,23045.0,01/11/2011,,
05661,VT,2.76,19509.0,01/12/2011,,
05060,VT,2.3,15315.0,01/13/2011,,
05495,VT,2.05,12095.0,01/14/2011,,
05445,VT,5.04,36857.0,01/14/2011,,
05346,VT,12.6,103500.0,01/14/2011,,
05602,VT,3.6,28821.0,01/17/2011,,
05061,VT,2.3,15318.0,01/17/2011,,
05677,VT,3.15,19500.0,01/24/2011,,
05651,VT,3.68,25698.0,01/24/2011,,
05401,VT,25.425,144710.0,01/24/2011,,
05829,VT,2.53,16445.0,01/26/2011,,
05495,VT,5.04,28280.0,01/27/2011,,
05486,VT,9.03,76202.0,01/27/2011,,
05075,VT,4.14,30424.37,01/28/2011,,
05403,VT,2.1,8765.54,01/31/2011,,
05401,VT,36.19,216920.0,01/31/2011,,
05077,VT,5.88,44529.0,01/31/2011,,
05346,VT,3.45,22117.0,02/03/2011,,
05403,VT,5.06,28462.0,02/08/2011,,
05085,VT,11.25,67613.0,02/08/2011,,
05033,VT,10.12,59760.0,02/10/2011,,
05733,VT,10.56,52694.0,02/11/2011,,
05055,VT,5.98,31601.5,02/11/2011,,
05495,VT,7.38,26346.6,02/14/2011,,
05674,VT,5.04,36968.0,02/16/2011,,
05301,VT,5.29,29836.0,02/16/2011,,
05667,VT,3.44,31237.87,02/17/2011,,
05068,VT,15.18,76923.08,02/17/2011,,
05601,VT,2.87,19864.0,02/18/2011,,
05753,VT,20.16,142197.12,02/21/2011,,
05751,VT,6.345,45300.0,02/22/2011,,
05478,VT,12.6,77490.0,02/22/2011,,
05701,VT,1.64,9519.96,02/23/2011,,
05676,VT,2.87,16933.0,03/03/2011,,
05086,VT,2.3,14480.0,03/07/2011,,
05742,VT,3.96,34750.0,03/08/2011,,
05079,VT,5.17,27024.5,03/08/2011,,
05055,VT,4.6,24696.8,03/08/2011,,
05676,VT,6.66,36630.0,03/09/2011,,
05763,VT,4.14,25398.9,03/15/2011,,
05495,VT,8.4,67200.0,03/16/2011,,
05827,VT,8.4,67200.0,03/17/2011,,
05770,VT,1.05,5996.0,03/17/2011,,
05482,VT,8.4,67200.0,03/17/2011,,
05353,VT,6.9,46161.0,03/17/2011,,
05058,VT,6.72,36909.45,03/18/2011,,
05757,VT,4.2,28181.2,03/22/2011,,
05482,VT,8.51,45183.0,03/22/2011,,
05445,VT,8.4,67200.0,03/24/2011,,
05651,VT,4.2,33600.0,03/25/2011,,
05495,VT,4.2,33600.0,03/25/2011,,
05473,VT,4.2,33600.0,03/25/2011,,
05452,VT,6.75,31225.0,03/26/2011,,
05753,VT,4.2,33600.0,03/28/2011,,
05660,VT,4.92,23370.0,03/28/2011,,
05674,VT,2.3,15131.39,03/29/2011,,
05495,VT,8.14,38176.6,03/31/2011,,
05682,VT,7.2,58988.0,04/04/2011,,
05641,VT,4.07,21627.0,04/04/2011,,
05491,VT,6.345,35513.0,04/06/2011,,
05401,VT,3.33,19647.0,04/06/2011,,
05346,VT,1.98,12582.0,04/06/2011,,
05676,VT,2.22,13320.0,04/08/2011,,
05303,VT,6.11,27180.0,04/08/2011,,
05465,VT,4.2,30450.0,04/11/2011,,
05446,VT,3.15,25200.0,04/11/2011,,
05656,VT,7.35,58800.0,04/12/2011,,
05346,VT,2.82,11324.06,04/14/2011,,
05038,VT,3.24,17095.57,04/14/2011,,
05403,VT,3.6,22400.0,04/18/2011,,
05346,VT,3.78,19500.0,04/18/2011,,
05671,VT,7.77,37064.0,04/19/2011,,
05658,VT,8.4,67200.0,04/19/2011,,
05495,VT,4.44,21534.0,04/19/2011,,
05345,VT,11.73,64867.0,04/20/2011,,
05495,VT,4.32,20088.0,04/21/2011,,
05819,VT,2.76,17940.0,04/23/2011,,
05677,VT,4.1,19475.0,04/25/2011,,
05091,VT,10.56,61538.46,04/26/2011,,
05047,VT,0.92,12065.91,04/27/2011,,
05827,VT,3.15,25200.0,04/28/2011,,
05826,VT,4.2,33600.0,04/28/2011,,
05495,VT,8.4,67200.0,04/28/2011,,
05495,VT,7.35,58800.0,04/28/2011,,
05660,VT,4.1,22950.0,04/29/2011,,
05495,VT,5.94,37719.0,04/29/2011,,
05672,VT,15.48,94802.0,05/02/2011,,
05701,VT,1.15,10044.8,05/03/2011,,
05494,VT,10.08,59800.0,05/03/2011,,
05867,VT,5.06,31878.0,05/04/2011,,
05487,VT,8.4,67200.0,05/04/2011,,
05846,VT,2.52,16000.0,05/05/2011,,
05843,VT,5.17,51417.0,05/06/2011,,
05495,VT,4.92,28260.0,05/06/2011,,
05851,VT,4.6,30498.0,05/09/2011,,
05474,VT,4.8,29572.0,05/09/2011,,
05346,VT,3.45,22325.0,05/09/2011,,
05036,VT,2.76,17516.0,05/09/2011,,
05495,VT,4.44,21534.0,05/10/2011,,
05346,VT,3.45,22325.0,05/10/2011,,
05753,VT,2.3,16438.0,05/11/2011,,
05495,VT,5.55,27317.5,05/11/2011,,
05346,VT,4.41,25305.0,05/11/2011,,
05872,VT,2.76,20500.0,05/12/2011,,
05677,VT,2.87,17333.0,05/13/2011,,
05495,VT,4.2,33600.0,05/17/2011,,
05495,VT,4.92,23370.0,05/18/2011,,
05822,VT,1.38,10230.0,05/19/2011,,
05403,VT,8.4,67200.0,05/20/2011,,
05676,VT,4.05,21759.0,05/23/2011,,
05148,VT,2.1,31879.54,05/23/2011,,
05676,VT,4.1,19875.0,05/25/2011,,
05495,VT,8.4,67200.0,05/25/2011,,
05469,VT,3.15,22050.0,05/25/2011,,
05777,VT,1.05,11747.0,05/26/2011,,
05701,VT,2.94,19193.0,05/26/2011,,
05346,VT,1.56,9240.0,05/26/2011,,
05403,VT,147.84,785747.98,05/27/2011,,
05660,VT,7.38,34474.0,05/28/2011,,
05495,VT,4.2,33600.0,05/31/2011,,
05465,VT,8.4,58800.0,05/31/2011,,
05356,VT,13.2,81785.0,05/31/2011,,
05495,VT,4.1,19922.58,06/02/2011,,
05661,VT,3.7,24104.46,06/03/2011,,
05452,VT,6.24,40384.0,06/03/2011,,
05143,VT,2.58,23560.0,06/03/2011,,
05839,VT,1.96,10322.0,06/07/2011,,
05660,VT,3.36,22034.66,06/07/2011,,
05476,VT,4.1,19875.0,06/08/2011,,
05495,VT,4.92,23370.0,06/10/2011,,
05072,VT,5.52,28460.53,06/13/2011,,
05672,VT,34.4,75149.0,06/14/2011,,
05753,VT,9.46,59452.0,06/15/2011,,
05495,VT,6.15,29213.0,06/16/2011,,
05482,VT,5.76,28475.0,06/16/2011,,
05851,VT,3.33,22474.0,06/18/2011,,
05085,VT,2.76,19153.0,06/18/2011,,
05495,VT,4.92,23370.0,06/20/2011,,
05030,VT,10.12,54451.0,06/20/2011,,
05753,VT,4.2,29400.0,06/21/2011,,
05676,VT,3.7,20700.0,06/21/2011,,
05495,VT,6.3,50400.0,06/21/2011,,
05461,VT,7.35,58800.0,06/21/2011,,
05059,VT,6.44,36064.0,06/21/2011,,
05445,VT,4.2,29400.0,06/22/2011,,
05091,VT,8.28,,06/22/2011,,
05677,VT,16.8,117600.0,06/23/2011,,
05661,VT,5.55,42992.82,06/27/2011,,
05495,VT,5.16,24740.0,06/27/2011,,
05346,VT,11.04,94000.0,06/27/2011,,
05031,VT,2.76,17416.0,06/28/2011,,
05676,VT,6.3,50400.0,06/29/2011,,
05495,VT,5.4,26190.0,06/29/2011,,
05346,VT,4.6,38547.0,06/29/2011,,
05149,VT,4.14,25414.27,06/29/2011,,
05065,VT,4.23,23840.0,06/29/2011,,
05667,VT,4.2,33982.0,06/30/2011,,
05489,VT,4.8,23636.0,06/30/2011,,
05495,VT,4.2,33600.0,07/01/2011,,
05701,VT,5.16,30774.84,07/04/2011,,
05677,VT,4.51,21422.0,07/07/2011,,
05676,VT,3.15,22050.0,07/07/2011,,
05660,VT,6.15,30112.0,07/07/2011,,
05827,VT,1.85,14508.76,07/08/2011,,
05362,VT,6.11,39719.0,07/08/2011,,
05042,VT,8.28,50597.0,07/08/2011,,
05495,VT,29.12,165000.0,07/11/2011,,
05676,VT,4.1,19475.0,07/12/2011,,
05401,VT,40.768,224650.0,07/12/2011,,
05156,VT,16.92,95217.0,07/12/2011,,
05843,VT,6.765,34868.0,07/13/2011,,
05059,VT,8.28,59578.24,07/13/2011,,
05401,VT,26.91,137241.0,07/14/2011,,
05824,VT,8.28,47610.0,07/15/2011,,
05462,VT,5.17,23250.0,07/15/2011,,
05676,VT,4.2,26629.0,07/18/2011,,
05676,VT,2.46,14514.0,07/18/2011,,
05461,VT,8.64,38516.0,07/18/2011,,
05465,VT,11.04,77280.0,07/19/2011,,
05495,VT,4.92,23370.0,07/20/2011,,
05477,VT,13.76,76476.54,07/20/2011,,
05301,VT,2.94,14960.0,07/21/2011,,
05677,VT,7.4,31434.0,07/22/2011,,
05462,VT,8.4,67200.0,07/22/2011,,
05461,VT,4.2,33600.0,07/22/2011,,
05445,VT,4.95,23512.0,07/22/2011,,
05346,VT,2.94,14660.0,07/22/2011,,
05465,VT,8.64,45000.0,07/25/2011,,
05669,VT,5.4,30000.0,07/27/2011,,
05660,VT,1.665,11223.0,07/27/2011,,
05001,VT,5.98,30455.82,07/27/2011,,
05842,VT,3.76,30000.0,07/28/2011,,
05487,VT,3.6,19462.0,07/28/2011,,
05048,VT,11.04,67974.0,07/28/2011,,
05843,VT,4.2,29400.0,07/29/2011,,
05640,VT,4.5,22139.0,07/29/2011,,
05491,VT,4.2,33600.0,07/29/2011,,
05445,VT,4.05,25312.0,07/29/2011,,
05489,VT,6.3,50400.0,08/01/2011,,
05468,VT,4.9,25067.0,08/01/2011,,
05468,VT,4.2,29400.0,08/01/2011,,
05345,VT,11.28,66640.0,08/01/2011,,
05474,VT,1.41,11276.0,08/04/2011,,
05445,VT,2.96,14460.0,08/04/2011,,
05048,VT,4.6,23027.0,08/04/2011,,
05660,VT,4.1,25625.0,08/05/2011,,
05301,VT,5.64,20869.0,08/05/2011,,
05673,VT,5.4,25650.0,08/08/2011,,
05482,VT,4.92,24170.0,08/08/2011,,
05482,VT,4.1,19475.0,08/09/2011,,
05819,VT,2.82,20100.0,08/11/2011,,
05445,VT,4.5,21375.0,08/11/2011,,
05482,VT,2.05,12095.0,08/12/2011,,
05354,VT,11.28,66640.0,08/12/2011,,
05346,VT,28.2,179400.0,08/12/2011,,
05839,VT,3.6,26864.0,08/13/2011,,
05775,VT,3.22,21735.0,08/15/2011,,
05301,VT,3.22,20522.0,08/15/2011,,
05462,VT,3.15,25200.0,08/16/2011,,
05401,VT,0.675,2040.0,08/16/2011,,
05086,VT,5.16,51305.0,08/16/2011,,
05403,VT,28.905,139700.0,08/17/2011,,
05403,VT,2.07,17294.0,08/17/2011,,
05680,VT,3.7,29984.0,08/18/2011,,
05482,VT,4.92,23370.0,08/18/2011,,
05032,VT,2.82,27960.0,08/18/2011,,
05445,VT,2.7,15930.0,08/19/2011,,
05363,VT,5.64,33334.0,08/19/2011,,
05346,VT,2.82,31457.0,08/19/2011,,
05602,VT,4.2,29400.0,08/22/2011,,
05482,VT,2.22,13098.0,08/22/2011,,
05077,VT,9.9,69847.0,08/22/2011,,
05445,VT,4.5,21375.0,08/23/2011,,
05445,VT,8.4,67200.0,08/23/2011,,
05445,VT,4.0,19400.0,08/25/2011,,
05346,VT,6.11,32383.0,08/26/2011,,
05820,VT,1.48,10956.12,08/27/2011,,
05255,VT,2.35,15890.0,08/28/2011,,
05826,VT,4.2,29400.0,08/29/2011,,
05860,VT,8.28,57191.91,08/31/2011,,
05482,VT,11.7,53235.0,08/31/2011,,
05482,VT,2.025,11947.5,08/31/2011,,
05101,VT,3.78,18000.0,08/31/2011,,
05468,VT,5.52,38500.0,09/02/2011,,
05346,VT,16.92,99760.0,09/06/2011,,
05851,VT,5.88,29450.0,09/08/2011,,
05737,VT,3.6,25440.9,09/08/2011,,
05674,VT,4.2,33600.0,09/08/2011,,
05301,VT,1.44,8580.0,09/12/2011,,
05143,VT,2.3,12600.0,09/12/2011,,
05826,VT,5.06,28943.0,09/13/2011,,
05661,VT,3.0,16502.0,09/13/2011,,
05647,VT,5.74,31570.0,09/13/2011,,
05462,VT,3.52,20000.0,09/13/2011,,
05443,VT,5.64,32546.71,09/13/2011,,
05351,VT,7.99,43945.0,09/13/2011,,
05461,VT,6.075,28356.25,09/15/2011,,
05445,VT,4.5,21375.0,09/15/2011,,
05301,VT,5.4,29650.0,09/15/2011,,
05301,VT,4.05,21700.0,09/15/2011,,
05819,VT,4.2,29400.0,09/18/2011,,
05660,VT,4.1,25625.0,09/19/2011,,
05445,VT,2.7,15930.0,09/19/2011,,
05660,VT,4.05,19237.5,09/22/2011,,
05445,VT,4.95,23512.5,09/23/2011,,
05482,VT,4.05,19237.5,09/26/2011,,
05461,VT,5.0,22500.0,09/26/2011,,
05458,VT,5.0,26169.0,09/26/2011,,
05101,VT,4.83,30188.0,09/26/2011,,
05446,VT,7.392,36921.0,09/27/2011,,
05445,VT,3.33,19647.0,09/27/2011,,
05262,VT,15.51,65000.0,09/28/2011,,
05461,VT,5.52,44160.0,09/29/2011,,
05091,VT,3.22,19295.57,09/30/2011,,
05841,VT,2.22,10730.26,10/03/2011,,
05819,VT,3.33,22910.0,10/03/2011,,
05445,VT,2.7,15930.0,10/03/2011,,
05654,VT,11.75,52706.0,10/05/2011,,
05301,VT,6.11,61577.0,10/05/2011,,
05674,VT,9.0,42414.0,10/06/2011,,
05301,VT,2.76,13650.0,10/07/2011,,
05663,VT,6.75,34141.0,10/08/2011,,
05757,VT,6.37,38322.72,10/10/2011,,
05156,VT,11.28,66640.0,10/10/2011,,
05758,VT,8.82,43232.7,10/12/2011,,
05676,VT,5.4,33750.0,10/12/2011,,
05664,VT,1.26,9622.0,10/12/2011,,
05482,VT,6.15,29212.5,10/12/2011,,
05602,VT,6.16,39834.0,10/14/2011,,
05477,VT,4.62,22500.0,10/14/2011,,
05450,VT,8.4,58800.0,10/15/2011,,
05445,VT,4.5,21375.0,10/17/2011,,
05055,VT,5.4,38421.0,10/17/2011,,
05495,VT,4.2,33600.0,10/18/2011,,
05482,VT,6.0,28500.0,10/18/2011,,
05661,VT,16.56,115920.0,10/19/2011,,
05346,VT,5.52,39192.0,10/19/2011,,
05461,VT,4.95,23512.5,10/20/2011,,
05301,VT,5.52,27600.0,10/20/2011,,
05495,VT,5.18,26605.0,10/24/2011,,
05482,VT,4.2,33600.0,10/24/2011,,
05673,VT,8.4,67200.0,10/25/2011,,
05346,VT,33.84,199000.0,10/25/2011,,
05494,VT,9.0,45686.0,10/26/2011,,
05461,VT,4.0,21000.0,10/26/2011,,
05495,VT,3.75,18212.0,10/27/2011,,
05836,VT,1.92,22575.0,10/28/2011,,
05482,VT,5.5,28781.0,10/28/2011,,
05773,VT,5.64,23343.0,10/30/2011,,
05827,VT,4.2,33600.0,11/01/2011,,
05825,VT,5.52,44160.0,11/01/2011,,
05445,VT,6.075,28856.25,11/01/2011,,
05482,VT,6.15,29612.0,11/02/2011,,
05346,VT,11.28,61120.0,11/02/2011,,
05482,VT,5.1,28050.0,11/03/2011,,
05763,VT,5.64,39480.0,11/04/2011,,
05342,VT,5.64,40558.0,11/04/2011,,
05148,VT,11.28,75000.0,11/04/2011,,
05036,VT,5.64,19386.18,11/04/2011,,
05301,VT,33.84,164809.0,11/07/2011,,
05153,VT,5.98,23084.0,11/07/2011,,
05075,VT,5.64,39862.0,11/07/2011,,
05733,VT,4.23,20145.0,11/08/2011,,
05461,VT,4.5,21375.0,11/08/2011,,
05445,VT,4.2,33600.0,11/09/2011,,
05441,VT,5.28,42785.0,11/09/2011,,
05075,VT,2.4,15238.14,11/09/2011,,
05677,VT,2.925,17257.0,11/10/2011,,
05301,VT,15.275,56554.0,11/10/2011,,
05301,VT,3.76,19928.0,11/10/2011,,
05477,VT,58.8,411600.0,11/11/2011,,
05301,VT,5.28,26450.0,11/11/2011,,
05301,VT,33.84,140000.0,11/11/2011,,
05843,VT,4.2,33600.0,11/13/2011,,
05354,VT,5.52,40077.0,11/14/2011,,
05819,VT,4.0,24918.97,11/15/2011,,
05602,VT,4.73,18225.0,11/15/2011,,
05468,VT,6.12,28500.0,11/15/2011,,
05446,VT,7.5,38500.0,11/15/2011,,
05445,VT,2.1,11085.0,11/15/2011,,
05482,VT,4.0,19000.0,11/16/2011,,
05340,VT,6.345,36103.0,11/16/2011,,
05055,VT,3.45,22358.24,11/16/2011,,
05495,VT,4.68,22230.0,11/17/2011,,
05346,VT,11.28,79750.0,11/17/2011,,
05655,VT,1.05,7145.0,11/18/2011,,
05091,VT,3.68,24177.0,11/18/2011,,
05843,VT,4.2,29400.0,11/19/2011,,
05602,VT,4.16,19685.0,11/20/2011,,
05482,VT,4.5,21775.0,11/21/2011,,
05461,VT,5.46,25935.0,11/21/2011,,
05346,VT,6.24,29640.0,11/21/2011,,
05857,VT,5.52,44160.0,11/22/2011,,
05602,VT,5.28,27728.0,11/22/2011,,
05055,VT,4.84,33540.0,11/22/2011,,
05492,VT,1.5,11300.0,11/25/2011,,
05344,VT,1.84,7250.0,11/26/2011,,
05766,VT,4.2,29300.0,11/27/2011,,
05738,VT,6.345,29301.05,11/27/2011,,
05445,VT,4.0,19000.0,11/27/2011,,
05346,VT,5.64,34240.0,11/27/2011,,
05346,VT,33.12,184000.0,11/27/2011,,
05101,VT,3.78,23200.0,11/27/2011,,
05648,VT,2.4,8660.0,11/28/2011,,
05641,VT,7.59,38370.19,11/28/2011,,
05464,VT,4.2,29400.0,11/28/2011,,
05154,VT,5.64,39875.0,11/28/2011,,
05445,VT,3.0,17700.0,11/29/2011,,
05660,VT,5.25,26137.0,11/30/2011,,
05495,VT,5.25,24937.5,11/30/2011,,
05067,VT,12.24,,12/01/2011,,
05672,VT,22.56,157920.0,12/02/2011,,
05647,VT,5.76,40320.0,12/02/2011,,
05602,VT,2.5,21323.0,12/02/2011,,
05602,VT,3.5,20428.0,12/02/2011,,
05074,VT,5.17,28993.0,12/02/2011,,
05602,VT,3.08,22559.0,12/04/2011,,
05461,VT,4.0,19400.0,12/05/2011,,
05101,VT,5.52,16728.0,12/05/2011,,
05346,VT,3.76,19928.0,12/06/2011,,
05461,VT,4.23,19035.0,12/07/2011,,
05401,VT,2.25,60625.0,12/07/2011,,
05149,VT,3.29,18448.66,12/07/2011,,
05671,VT,5.265,24985.0,12/08/2011,,
05461,VT,5.25,24937.5,12/08/2011,,
05655,VT,0.896,5040.6,12/09/2011,,
05301,VT,12.22,57114.0,12/09/2011,,
05257,VT,1.92,10240.0,12/10/2011,,
05495,VT,7.0,32130.0,12/12/2011,,
05753,VT,5.64,30250.34,12/13/2011,,
05769,VT,4.92,31000.0,12/14/2011,,
05602,VT,4.14,15801.4,12/14/2011,,
05767,VT,1.41,,12/15/2011,,
05673,VT,42.0,336000.0,12/15/2011,,
05346,VT,5.0,19773.0,12/15/2011,,
05461,VT,6.12,41499.0,12/16/2011,,
05061,VT,5.16,42896.0,12/16/2011,,
05042,VT,6.0,40505.0,12/16/2011,,
05465,VT,33.84,219456.0,12/17/2011,,
05827,VT,4.2,33600.0,12/18/2011,,
05468,VT,7.65,46400.0,12/18/2011,,
05764,VT,34.56,207760.0,12/19/2011,,
05445,VT,8.4,67200.0,12/19/2011,,
05142,VT,5.76,33520.0,12/19/2011,,
05677,VT,16.8,134400.0,12/20/2011,,
05446,VT,16.94,70500.0,12/20/2011,,
05346,VT,5.64,39875.0,12/20/2011,,
05445,VT,4.0,19000.0,12/21/2011,,
05770,VT,58.8,411600.0,12/22/2011,,
05495,VT,4.32,20920.0,12/22/2011,,
05445,VT,4.2,24800.0,12/23/2011,,
05355,VT,2.82,12833.0,12/26/2011,,
05055,VT,4.0,18474.0,12/26/2011,,
05661,VT,4.2,27300.0,12/27/2011,,
05656,VT,4.2,33600.0,12/27/2011,,
05486,VT,4.2,31500.0,12/27/2011,,
05462,VT,10.0,62318.0,12/27/2011,,
05445,VT,10.5,47775.0,12/27/2011,,
05363,VT,3.84,21148.0,12/27/2011,,
05255,VT,16.92,95601.07,12/28/2011,,
05486,VT,8.28,37300.0,12/29/2011,,
05158,VT,22.08,176640.0,12/29/2011,,
05843,VT,2.07,14400.07,12/30/2011,,
05486,VT,2.76,17820.0,12/30/2011,,
05455,VT,10.0,55550.0,12/30/2011,,
05445,VT,7.0,21375.0,12/30/2011,,
05346,VT,2.585,14448.0,12/30/2011,,
05454,VT,4.48,27994.0,12/31/2011,,
05403,VT,2154.48,11987126.0,07/27/2011,,
05733,VT,5.04,32750.0,12/07/2009,,
05341,VT,4.56,19409.0,12/10/2009,,
05677,VT,2.52,15994.81,12/18/2009,,
05401,VT,5.04,32000.0,12/21/2009,,
05667,VT,3.6,42973.94,12/21/2009,,
05494,VT,5.1,32500.0,12/23/2009,,
05673,VT,5.04,34574.0,12/23/2009,,
05037,VT,6.3,38369.0,12/29/2009,,
05301,VT,5.16,43853.0,12/31/2009,,
05344,VT,3.2,20700.0,12/31/2009,,
05401,VT,2.4,11205.0,01/07/2010,,
05070,VT,1.2,9976.7,01/08/2010,,
05142,VT,4.14,25200.0,01/14/2010,,
05491,VT,3.36,14296.0,01/16/2010,,
05262,VT,4.8,31880.0,01/16/2010,,
05655,VT,1.38,4977.75,01/20/2010,,
05074,VT,3.36,15430.0,01/22/2010,,
05445,VT,1.075,8425.0,01/22/2010,,
05473,VT,4.86,23932.4,01/23/2010,,
05001,VT,1.84,13910.0,01/24/2010,,
05477,VT,4.0,29930.0,01/28/2010,,
05403,VT,3.36,22546.0,01/29/2010,,
05055,VT,5.04,31000.0,01/29/2010,,
05032,VT,4.41,15789.0,02/09/2010,,
05495,VT,5.04,32000.0,02/12/2010,,
05301,VT,5.7,29950.0,02/12/2010,,
05660,VT,4.2,21560.0,02/15/2010,,
05354,VT,4.5,29405.0,02/18/2010,,
05732,VT,2.016,21469.0,02/21/2010,,
05262,VT,3.01,18007.0,02/21/2010,,
05344,VT,3.4,26921.0,02/23/2010,,
05471,VT,3.36,24093.0,02/25/2010,,
05461,VT,4.1,31200.0,03/03/2010,,
05443,VT,5.376,42944.12,03/05/2010,,
05070,VT,3.2,29799.39,03/10/2010,,
05055,VT,2.4,20725.89,03/12/2010,,
05445,VT,5.04,35506.68,03/17/2010,,
05478,VT,3.78,26460.0,03/23/2010,,
05464,VT,7.0,48055.59,03/31/2010,,
05055,VT,3.2,19115.55,04/01/2010,,
05042,VT,5.76,21419.0,04/06/2010,,
05401,VT,2.52,18200.0,04/07/2010,,
05401,VT,2.94,36527.0,04/08/2010,,
05035,VT,6.3,28357.0,04/11/2010,,
05143,VT,8.385,51514.0,04/13/2010,,
05667,VT,4.05,27801.73,04/16/2010,,
05070,VT,3.84,21503.0,04/17/2010,,
05074,VT,3.84,22203.0,04/17/2010,,
05753,VT,2.66,21181.07,04/22/2010,,
05151,VT,5.76,34848.0,04/27/2010,,
05065,VT,2.4,18652.0,04/30/2010,,
05676,VT,2.76,18795.0,05/23/2010,,
05445,VT,7.8,62000.0,05/24/2010,,
05461,VT,5.04,29900.0,05/25/2010,,
05866,VT,5.17,29180.0,05/26/2010,,
05446,VT,3.36,40040.0,05/26/2010,,
05043,VT,4.92,39247.19,06/01/2010,,
05055,VT,4.6,28847.04,06/03/2010,,
05655,VT,3.42,23919.0,06/03/2010,,
05733,VT,8.16,44376.0,06/05/2010,,
05143,VT,1.68,18759.6,06/08/2010,,
05037,VT,8.28,56008.75,06/10/2010,,
05667,VT,5.25,35187.0,06/12/2010,,
05262,VT,4.32,40067.46,06/12/2010,,
05673,VT,3.68,31534.0,06/14/2010,,
05454,VT,3.36,23783.0,06/14/2010,,
05350,VT,10.8,65627.0,06/16/2010,,
05161,VT,5.04,42500.0,06/18/2010,,
05001,VT,2.4,15346.0,06/21/2010,,
05445,VT,3.84,22579.0,06/27/2010,,
05462,VT,3.96,25974.0,06/28/2010,,
05151,VT,1.2,17820.0,06/28/2010,,
05656,VT,3.075,23500.0,06/30/2010,,
05344,VT,3.51,22164.49,06/30/2010,,
05472,VT,5.06,26430.0,07/08/2010,,
05053,VT,2.64,19967.49,07/09/2010,,
05353,VT,7.14,32150.0,07/13/2010,,
05457,VT,3.9,31000.0,07/14/2010,,
05075,VT,0.76,0.0,07/14/2010,,
05403,VT,7.2,35228.0,07/14/2010,,
05821,VT,1.95,15225.0,07/14/2010,,
05401,VT,3.36,21684.0,07/15/2010,,
05495,VT,4.1,34476.33,07/15/2010,,
05363,VT,3.44,21296.0,07/16/2010,,
05346,VT,3.42,19550.0,07/16/2010,,
05839,VT,1.84,13432.6,07/18/2010,,
05477,VT,2.7,15500.0,07/22/2010,,
05352,VT,4.725,27942.0,07/22/2010,,
05677,VT,3.99,23468.0,07/23/2010,,
05641,VT,3.36,19358.0,07/23/2010,,
05472,VT,5.28,33632.47,07/23/2010,,
05301,VT,4.3,30121.0,07/27/2010,,
05446,VT,2.4,14880.0,07/29/2010,,
05674,VT,3.99,23227.0,07/29/2010,,
05777,VT,3.36,24516.0,07/29/2010,,
05482,VT,3.87,28416.0,07/30/2010,,
05201,VT,2.88,19123.0,08/02/2010,,
05676,VT,14.85,76923.0,08/02/2010,,
05354,VT,4.515,27982.0,08/03/2010,,
05767,VT,2.76,25062.39,08/08/2010,,
05651,VT,3.87,38415.94,08/08/2010,,
05477,VT,5.4,26074.0,08/09/2010,,
05354,VT,5.805,36302.0,08/13/2010,,
05443,VT,3.075,14456.23,08/15/2010,,
05753,VT,2.3,15096.0,08/17/2010,,
05001,VT,1.374,15027.81,08/17/2010,,
05465,VT,3.36,29741.0,08/20/2010,,
05035,VT,6.9,28105.0,08/23/2010,,
05075,VT,1.84,13364.0,08/24/2010,,
05651,VT,9.9,52767.0,08/24/2010,,
05672,VT,5.25,36971.94,08/30/2010,,
05345,VT,2.58,17228.0,08/31/2010,,
05733,VT,5.52,25198.27,09/03/2010,,
05446,VT,7.35,59670.84,09/03/2010,,
05055,VT,5.76,35595.0,09/07/2010,,
05156,VT,5.4,47948.0,09/08/2010,,
05445,VT,1.05,5900.0,09/09/2010,,
05486,VT,3.36,22550.0,09/09/2010,,
05602,VT,8.0,0.0,09/11/2010,,
05495,VT,21.6,112420.0,09/14/2010,,
05443,VT,1.344,13054.33,09/19/2010,,
05660,VT,5.4,66955.0,09/21/2010,,
05452,VT,3.22,18547.0,09/23/2010,,
05669,VT,5.52,32295.0,09/24/2010,,
05819,VT,6.3,33774.0,09/26/2010,,
05476,VT,30.36,146278.0,09/29/2010,,
05491,VT,3.15,23500.0,09/30/2010,,
05822,VT,1.84,13800.0,10/01/2010,,
05465,VT,9.66,48819.0,10/04/2010,,
05490,VT,7.74,43548.0,10/05/2010,,
05482,VT,8.1,36169.82,10/05/2010,,
05446,VT,8.0,62000.0,10/06/2010,,
05142,VT,6.75,59128.0,10/08/2010,,
05677,VT,2.52,13265.93,10/11/2010,,
05301,VT,1.84,14000.0,10/12/2010,,
05445,VT,22.95,105730.0,10/14/2010,,
05067,VT,8.28,49807.0,10/14/2010,,
05041,VT,3.8,11350.02,10/15/2010,,
05461,VT,4.8,27876.0,10/15/2010,,
05452,VT,18.144,85600.0,10/16/2010,,
05037,VT,1.15,5824.22,10/18/2010,,
05346,VT,8.1,109297.0,10/20/2010,,
05001,VT,4.92,29824.77,10/22/2010,,
05301,VT,5.4,29910.0,10/24/2010,,
05158,VT,59.616,392500.0,10/25/2010,,
05751,VT,22.08,92322.0,10/26/2010,,
05048,VT,4.6,27285.0,10/28/2010,,
05091,VT,44.8,217134.0,10/28/2010,,
05841,VT,5.55,45128.99,11/01/2010,,
05602,VT,8.1,60497.53,11/02/2010,,
05465,VT,3.15,24413.0,11/05/2010,,
05142,VT,7.82,43870.0,11/05/2010,,
05672,VT,4.05,20338.0,11/08/2010,,
05461,VT,4.2,32550.0,11/10/2010,,
05676,VT,3.44,31110.06,11/10/2010,,
05048,VT,2.3,15615.0,11/11/2010,,
05676,VT,2.3,14025.0,11/11/2010,,
05676,VT,2.7,18461.0,11/12/2010,,
05492,VT,3.7,31435.48,11/12/2010,,
05458,VT,3.36,22550.0,11/14/2010,,
05872,VT,5.4,39953.55,11/14/2010,,
05753,VT,5.85,38271.0,11/15/2010,,
05734,VT,2.88,17759.0,11/15/2010,,
05661,VT,22.08,171120.0,11/16/2010,,
05450,VT,4.2,29400.0,11/16/2010,,
05739,VT,1.52,0.0,11/16/2010,,
05346,VT,5.52,62977.0,11/17/2010,,
05495,VT,8.0,62000.0,11/18/2010,,
05641,VT,9.0,54310.0,11/18/2010,,
05001,VT,4.95,27967.0,11/18/2010,,
05677,VT,4.96,0.0,11/18/2010,,
05345,VT,1.84,16420.0,11/19/2010,,
05359,VT,2.58,16871.0,11/19/2010,,
05819,VT,4.14,26561.0,11/22/2010,,
05072,VT,2.88,0.0,11/23/2010,,
05001,VT,7.82,41234.0,11/24/2010,,
05848,VT,15.3,0.0,11/26/2010,,
05065,VT,5.06,24441.0,11/28/2010,,
05075,VT,3.22,19167.0,11/29/2010,,
05158,VT,1.84,11772.0,11/30/2010,,
05346,VT,28.29,199000.0,11/30/2010,,
05489,VT,4.2,34460.0,12/02/2010,,
05301,VT,21.6,109080.0,12/03/2010,,
05734,VT,9.9,46841.0,12/06/2010,,
05452,VT,12.65,76923.07,12/07/2010,,
05655,VT,3.675,26291.0,12/09/2010,,
05491,VT,4.2,0.0,12/09/2010,,
05701,VT,1.435,12857.75,12/09/2010,,
05495,VT,4.92,23370.0,12/10/2010,,
05661,VT,14.4,121606.18,12/12/2010,,
05403,VT,5.76,44640.0,12/14/2010,,
05346,VT,7.56,48546.0,12/15/2010,,
05055,VT,3.22,19167.0,12/17/2010,,
05043,VT,1.64,7433.14,12/18/2010,,
05855,VT,5.55,35229.84,12/20/2010,,
05464,VT,4.2,31500.0,12/20/2010,,
05451,VT,2.76,17330.0,12/20/2010,,
05070,VT,9.66,0.0,12/24/2010,,
05346,VT,16.2,0.0,12/26/2010,,
05676,VT,5.88,0.0,12/27/2010,,
05346,VT,3.45,0.0,12/29/2010,,
05401,VT,10.08,0.0,12/29/2010,,
05672,VT,7.56,0.0,12/30/2010,,
05055,VT,5.52,0.0,12/31/2010,,
05048,VT,2.52,23340,02/20/2008,,
05701,VT,3,21371,05/07/2009,,
05446,VT,3.2,30377,01/16/2009,,
05301,VT,2.2,17426,01/22/2009,,
05038,VT,3.8,33970,06/06/2009,,
05733,VT,1.4,16614,08/04/2009,,
05152,VT,4.9,38908.25,07/22/2009,,
05828,VT,2.88,26903,10/30/2008,,
05068,VT,2.28,18723.18,07/11/2008,,
05477,VT,2.15,19495,07/12/2007,,
05826,VT,2,20439.7,07/25/2007,,
05071,VT,9,78661,11/08/2007,,
05048,VT,3.6,24887,04/14/2006,,
05664,VT,5.32,46730,09/12/2008,,
05494,VT,2.4,34359,07/26/2007,,
05446,VT,3.8,35990,09/26/2008,,
05035,VT,2.88,20369.56,08/04/2008,,
05465,VT,2.28,26201,06/15/2007,,
05489,VT,3.8,32084.84,05/01/2009,,
05001,VT,10.56,56161,12/28/2005,,
05477,VT,7,65167,03/16/2009,,
05452,VT,3.4,24020,01/27/2009,,
05482,VT,4.18,33112,04/06/2006,,
05033,VT,9.6,61085,11/05/2009,,
05836,VT,3.24,40215,12/07/2007,,
05065,VT,1.44,21637,02/20/2008,,
05490,VT,2.07,17800,07/13/2006,,
05070,VT,4.8,26344.06,11/02/2009,,
05673,VT,2.9,24031,01/30/2009,,
05101,VT,4.1,25272.6,08/22/2009,,
05443,VT,1.3,10525,05/07/2009,,
05065,VT,1.44,21637,02/08/2008,,
05001,VT,4,31845.05,09/30/2009,,
05036,VT,2.3,17077,10/07/2009,,
05143,VT,4.56,28360,10/20/2008,,
05301,VT,3.24,33996,03/28/2008,,
05495,VT,2.34,22102,05/23/2008,,
05777,VT,3.04,19598,07/17/2008,,
05482,VT,2,18615,08/02/2007,,
05774,VT,2.66,20319.99,12/19/2008,,
05452,VT,1,11409,11/19/2009,,
05446,VT,1.8,3150,07/01/2008,,
05733,VT,1.5,12069,09/11/2009,,
05445,VT,2,15597,12/21/2006,,
05445,VT,2.16,14580,02/13/2004,,
05032,VT,4.6,26654.35,10/22/2009,,
05660,VT,2.7,24710,07/30/2004,,
05660,VT,12.6,132380,01/16/2009,,
05149,VT,2.2,18517.5,05/01/2009,,
05651,VT,2.28,33836,08/10/2006,,
05403,VT,1.4,13842,07/25/2007,,
05661,VT,4.08,43947,09/12/2008,,
05047,VT,2.2,11000,04/20/2006,,
05071,VT,3.6,32424.87,11/08/2007,,
05461,VT,4.8,40032,10/05/2007,,
05773,VT,2.1,16941.79,11/03/2008,,
05674,VT,2.9,22721,01/26/2009,,
05446,VT,4.68,38122,05/16/2008,,
05055,VT,2.64,24215,08/29/2006,,
05072,VT,1.76,11978,06/01/2006,,
05465,VT,4.9,43171,08/04/2009,,
05773,VT,2.4,14892,01/10/2009,,
05701,VT,5.04,46092,02/08/2008,,
05677,VT,2.2,17506,05/11/2007,,
05445,VT,6.3,43923,09/15/2009,,
05734,VT,2.04,17937,02/01/2008,,
05301,VT,3.6,30087,03/06/2008,,
05148,VT,1.8,17745.17,05/24/2007,,
05401,VT,2,18331,09/26/2008,,
05048,VT,1.5,11756,02/27/2006,,
05151,VT,5.7,44089.38,05/12/2009,,
05682,VT,0.75,11045,03/14/2008,,
05001,VT,3.5,24475,10/07/2009,,
05143,VT,1.5,15000,03/28/2009,,
05602,VT,2.28,14300,01/28/2005,,
05602,VT,1.52,16229.47,05/31/2007,,
05753,VT,1.98,12851.25,02/19/2004,,
05070,VT,5.12,36439.55,10/05/2007,,
05362,VT,4.1,29800,07/18/2009,,
05301,VT,2.64,25189,02/27/2006,,
05855,VT,6.6,53754.35,11/01/2009,,
05067,VT,4.2,44654.88,10/19/2007,,
05673,VT,5,48989.36,09/14/2009,,
05401,VT,1.2,10170.2,02/13/2004,,
05091,VT,4.7,36801.06,01/23/2009,,
05454,VT,12.5,86800,03/09/2009,,
05048,VT,2.76,33425,12/17/2004,,
05769,VT,2.64,32852,04/27/2006,,
05403,VT,3.6,27412,11/18/2009,,
05055,VT,1.8,17979,12/19/2008,,
05676,VT,1.248,12447,01/11/2007,,
05602,VT,6.84,54653,07/12/2007,,
05251,VT,3.8,34278.8,09/26/2008,,
05495,VT,3.78,31073,09/12/2008,,
05455,VT,3.24,47746.68,09/26/2008,,
05001,VT,3.52,22669.75,07/02/2004,,
05651,VT,2.4,22982,11/17/2005,,
05851,VT,1.8,17979,03/20/2008,,
05039,VT,5.32,46533,01/11/2007,,
05037,VT,3.6,32410,02/08/2008,,
05344,VT,4.94,40241,08/28/2008,,
05651,VT,1.8,14154.54,09/17/2004,,
05065,VT,3.06,23075,05/11/2007,,
05836,VT,2.4,24109.14,11/08/2007,,
05035,VT,3.2,16391,09/25/2009,,
05770,VT,0.84,8108.4,06/11/2004,,
05075,VT,2.16,29189.09,03/09/2007,,
05055,VT,12.9,97975,03/06/2008,,
05478,VT,3.52,34840,04/20/2006,,
05072,VT,1.6,16138.34,05/26/2009,,
05070,VT,1.52,22916.54,12/19/2008,,
05777,VT,3,18298.2,12/03/2009,,
05065,VT,1.8,14889.81,08/08/2008,,
05055,VT,5.4,58368.18,02/18/2009,,
05488,VT,4,33929,08/04/2008,,
05091,VT,2.2,19965,04/21/2009,,
05495,VT,2.4,23950,05/14/2009,,
05826,VT,3.1,24219,09/02/2009,,
05443,VT,16.8,169433,10/12/2007,,
05855,VT,2.7,34360.41,05/15/2009,,
05151,VT,7.278,77080.86,01/14/2005,,
05674,VT,4.1,36800,07/23/2009,,
05143,VT,3,27883.81,10/12/2006,,
05462,VT,15.12,133618.72,07/24/2008,,
05495,VT,2.7,24064,02/04/2009,,
05356,VT,14.82,152950,12/19/2008,,
05201,VT,3.2,24190,01/15/2009,,
05602,VT,1.17,4705.36,10/08/2004,,
05491,VT,1.6,14901,05/07/2009,,
05821,VT,4.8,45845,06/12/2009,,
05054,VT,3.24,29915,09/19/2008,,
05061,VT,2.4,30765,09/13/2007,,
05674,VT,8,53437.4,05/22/2009,,
05353,VT,5.4,48600,08/08/2008,,
05301,VT,10.8,82300,05/16/2008,,
05070,VT,1.8,17979,05/24/2007,,
05055,VT,3.8,25840,07/07/2009,,
05655,VT,0.175,1372.69,11/10/2009,,
05478,VT,1,7485,08/17/2009,,
05841,VT,5.04,34991.25,12/10/2004,,
05766,VT,2.64,24748,01/11/2007,,
05301,VT,1.1,13131,09/21/2006,,
05602,VT,3.15,24456,07/03/2008,,
05443,VT,3.8,31550,08/16/2007,,
05494,VT,2.5,18840,10/07/2009,,
05143,VT,2.3,31002,08/10/2006,,
05074,VT,2,19480,05/11/2009,,
05488,VT,3.45,29327,07/12/2007,,
05673,VT,8.2,65725,06/24/2009,,
05819,VT,1.5,17811.5,03/09/2009,,
05673,VT,5,39705,09/10/2009,,
05658,VT,4.305,41060,09/26/2008,,
05469,VT,3.85,45453,11/03/2008,,
05060,VT,2.88,26900,10/05/2007,,
05031,VT,5.9,41647.22,10/16/2009,,
05777,VT,1.8,17080.71,10/20/2008,,
05091,VT,3,23823,08/06/2009,,
05677,VT,5.6,31558.71,07/15/2009,,
05068,VT,1.5,15960,03/09/2009,,
05672,VT,5.46,54668,09/26/2008,,
05089,VT,1.14,17677.05,12/19/2008,,
05764,VT,1.44,13291,09/05/2007,,
05001,VT,3.6,37024,05/23/2008,,
05255,VT,5.04,27260,12/07/2007,,
05079,VT,3.42,33916,03/15/2007,,
05673,VT,8.2,80275,11/18/2009,,
05489,VT,37.62,99435.72,10/05/2007,,
05461,VT,3.72,24245.18,09/13/2007,,
05075,VT,3.9,26092.59,04/22/2009,,
05486,VT,2.3,31522.6,02/04/2009,,
05403,VT,3,24482.8,08/01/2009,,
05482,VT,17.6,125427.21,09/01/2009,,
05673,VT,16.3,144347,01/21/2009,,
05401,VT,4.2,29748.59,04/21/2005,,
05405,VT,1.6,14424,11/11/2009,,
05001,VT,4.94,37102.46,08/08/2008,,
05641,VT,1.84,17991,07/13/2006,,
05091,VT,2.7,24706,04/20/2009,,
05445,VT,3.3,30696,02/27/2006,,
05602,VT,1.035,10084,01/11/2007,,
05734,VT,2.6,16300,02/07/2009,,
05201,VT,2.53,35449.5,09/23/2005,,
05753,VT,1.44,12059,05/13/2005,,
05861,VT,3.7,26545,08/26/2009,,
05156,VT,1.52,22500.55,09/26/2008,,
05766,VT,1.2,11470,09/28/2006,,
05648,VT,4.8,41597,11/17/2005,,
05677,VT,3.6,45111,08/08/2008,,
05354,VT,3.2,20900,10/05/2009,,
05753,VT,3.968,27723.15,08/08/2008,,
05647,VT,3,31750.6,07/01/2005,,
05053,VT,2.64,22107,03/27/2006,,
05648,VT,3.42,31434,01/05/2007,,
05767,VT,4,29839.81,09/17/2009,,
05055,VT,6.6,48067,02/27/2006,,
05682,VT,2.73,31226,12/30/2008,,
05152,VT,1.48,19980.72,08/13/2004,,
05862,VT,5.94,62988,07/13/2006,,
05461,VT,2.04,17126.78,07/24/2008,,
05061,VT,1.98,26211.25,10/22/2004,,
05482,VT,3.2,21000,11/21/2009,,
05052,VT,3.8,28244.89,12/19/2008,,
05841,VT,3.7,26714.15,11/07/2009,,
05733,VT,1.8,17979,07/12/2007,,
05482,VT,3.2,39463,01/11/2009,,
05446,VT,2.7,23706,04/07/2009,,
05362,VT,5.7,40075,12/01/2008,,
05043,VT,4.7,34806.9,01/03/2009,,
05091,VT,5.04,101209,05/30/2008,,
05445,VT,1.65,15590,03/01/2006,,
05647,VT,2.835,44945.73,02/11/2005,,
05075,VT,2.28,18637.01,09/26/2008,,
05346,VT,2.52,22925,05/16/2007,,
05661,VT,2.4,19180.8,11/19/2009,,
05742,VT,2.88,25816,09/28/2007,,
05401,VT,1,13854,05/11/2009,,
05602,VT,2.4,17631.87,07/02/2004,,
05676,VT,1.6,15964.74,08/08/2008,,
05833,VT,1.44,12649.66,07/03/2008,,
05070,VT,1.54,9132.4,05/28/2004,,
05461,VT,2.66,18985,11/14/2008,,
05055,VT,3,20000,08/25/2009,,
05301,VT,1.19,9702,10/12/2007,,
05733,VT,4.56,31103,08/04/2008,,
05766,VT,4.3,31293,09/13/2007,,
05079,VT,3.84,32396.18,12/10/2004,,
05445,VT,3,24514,02/28/2009,,
05069,VT,5.4,34966,06/30/2009,,
05443,VT,5.04,40598,09/26/2008,,
05871,VT,1.44,13493,03/06/2008,,
05061,VT,2.04,17049,10/20/2008,,
05446,VT,4.2,33858,07/29/2009,,
05602,VT,1.52,14941.54,10/05/2007,,
05048,VT,2.16,18128.61,09/13/2007,,
05055,VT,5.61,48078,04/06/2006,,
05403,VT,3.7,24353,06/11/2009,,
05651,VT,2.925,25996.8,09/26/2008,,
05602,VT,3,25305.74,03/18/2005,,
05602,VT,2.925,26897.45,09/26/2008,,
05301,VT,2.97,22135,10/08/2004,,
05465,VT,5.04,42855,08/08/2008,,
05262,VT,2.88,28721,12/07/2007,,
05826,VT,3.7,35396.35,10/09/2009,,
05827,VT,1.44,11646.42,09/17/2004,,
05641,VT,4.25,42325,02/20/2008,,
05766,VT,1.71,23672,12/19/2008,,
05602,VT,8.68,62727.8,12/05/2008,,
05753,VT,1.32,17321,03/01/2007,,
05142,VT,1.265,10834,02/08/2007,,
05672,VT,13.3,127222,02/08/2008,,
05660,VT,2,23430,02/04/2009,,
05663,VT,4.8,49765,09/26/2008,,
05443,VT,3.42,30750,11/14/2008,,
05674,VT,5.28,42070.86,09/17/2004,,
05001,VT,1.86,17068,07/24/2008,,
05053,VT,0.96,19467,04/20/2006,,
05462,VT,2.16,15365,07/03/2008,,
05143,VT,1.44,9414.75,02/16/2007,,
05468,VT,5,33325,11/11/2009,,
05682,VT,2.4,25038,07/26/2007,,
05068,VT,3,18750,07/23/2004,,
05602,VT,5.8,41154.59,10/21/2009,,
05652,VT,1.26,10017.22,01/25/2008,,
05760,VT,1.36,14843,07/17/2008,,
05655,VT,4.32,40888.56,12/07/2006,,
05301,VT,2.28,19010,06/15/2007,,
05491,VT,1.8,23394,09/21/2006,,
05401,VT,3.96,28800,11/08/2007,,
05851,VT,2.3,28605.4,01/22/2009,,
05602,VT,4.992,50522,11/03/2008,,
05346,VT,2.55,32699.54,08/08/2008,,
05452,VT,8.8,65117.46,10/02/2009,,
05753,VT,8.55,71697,12/19/2008,,
05819,VT,4.2,33858,05/07/2009,,
05602,VT,2.64,14491.5,08/16/2007,,
05461,VT,2.1,18675,05/16/2008,,
05733,VT,2,19676,01/27/2009,,
05855,VT,3.3,26382.6,09/22/2009,,
05363,VT,1.32,15523.9,04/08/2005,,
05465,VT,3.33,24939,10/08/2004,,
05667,VT,2.72,19702.35,11/15/2004,,
05482,VT,2.28,16054,08/16/2007,,
05701,VT,1.52,11392.5,08/21/2008,,
05494,VT,1.32,17090,06/26/2008,,
05773,VT,1.44,16265.5,01/17/2008,,
05445,VT,3,24688,10/20/2008,,
05056,VT,1.1,19318,06/23/2009,,
05060,VT,3,28977,12/20/2007,,
05065,VT,2.64,23940,06/29/2006,,
05819,VT,5.06,44106,06/29/2006,,
05676,VT,2.16,27837.76,11/08/2007,,
05452,VT,2.9,22345,01/29/2009,,
05464,VT,2.88,15900,12/10/2004,,
05301,VT,3.6,26730,09/08/2009,,
05251,VT,4,31890,08/13/2009,,
05091,VT,6.15,47351,11/14/2008,,
05053,VT,0.72,12010,07/17/2008,,
05769,VT,0.64,5825,03/16/2009,,
05340,VT,5.3,34327,03/08/2009,,
05001,VT,1.98,20778.68,09/13/2007,,
05031,VT,1,10189,02/17/2009,,
05766,VT,1.92,19564.54,07/23/2004,,
05091,VT,9,78640.66,09/26/2008,,
05672,VT,5.04,41771,10/20/2008,,
05346,VT,4.3,30193,11/11/2009,,
05651,VT,1.95,18840,03/06/2008,,
05651,VT,1.5,12624.5,05/28/2004,,
05075,VT,1.14,11171.02,07/24/2008,,
05673,VT,1.8,23126.39,02/13/2004,,
05491,VT,2.7,19658.25,01/01/2009,,
05363,VT,6.8,65503,10/01/2009,,
05359,VT,1.44,13163,02/08/2008,,
05757,VT,0.96,6800,10/05/2007,,
05048,VT,1.8,15369.51,08/16/2007,,
05091,VT,3.9,36393.83,01/23/2009,,
05462,VT,2,15809,07/16/2009,,
05146,VT,2.38,23044,04/11/2008,,
05753,VT,2.1,19245,07/24/2008,,
05674,VT,2.64,25204,04/20/2006,,
05753,VT,2.7,23205,04/25/2009,,
05674,VT,2.16,15009,01/28/2005,,
05363,VT,5.28,45227,06/01/2006,,
05495,VT,1,10838.61,04/14/2009,,
05673,VT,2.64,32160,06/21/2006,,
05077,VT,1.19,11396,05/16/2008,,
05663,VT,0.66,7704,08/10/2006,,
05769,VT,0.64,6630,05/06/2009,,
05841,VT,3.04,32118.43,12/01/2008,,
05359,VT,1,10411,10/21/2009,,
05660,VT,4.3,39204.25,07/29/2009,,
05664,VT,2.1,21513,04/15/2009,,
05077,VT,1.8,15079,08/28/2008,,
05819,VT,4.1,43610,10/05/2007,,
05344,VT,0.92,7560,01/11/2007,,
05489,VT,12.3,84194,08/27/2009,,
05446,VT,2.1,19147.63,09/13/2007,,
05089,VT,1.76,17405,02/03/2006,,
05077,VT,1.8,17929,04/25/2007,,
05873,VT,2.7,24206,06/12/2009,,
05602,VT,3.6,40240.72,09/26/2008,,
05047,VT,0.96,4091.88,12/19/2008,,
05055,VT,3.52,28412,12/10/2007,,
05462,VT,1.44,15200,09/13/2007,,
05748,VT,4.92,39025,12/30/2008,,
05072,VT,2.64,24215,11/17/2005,,
05677,VT,2,23870,06/26/2009,,
05768,VT,22.8,141500,10/15/2009,,
05495,VT,2,13644,06/26/2008,,
05346,VT,1.02,6587.5,10/22/2004,,
05673,VT,2.16,15009,01/14/2005,,
05363,VT,8.4,62956,06/02/2009,,
05602,VT,3.8,31266,01/05/2009,,
05464,VT,3.8,32130,05/11/2009,,
05401,VT,3.6,26752,07/27/2009,,
05602,VT,2.15,19905,09/13/2007,,
05651,VT,4.7,92350.68,06/17/2009,,
05062,VT,2.9,36900,06/05/2009,,
05461,VT,4.4,30015.77,07/02/2009,,
05655,VT,4.56,52775.62,07/24/2008,,
05647,VT,4.9,34403.2,07/22/2009,,
05730,VT,0.4,8585,04/13/2009,,
05738,VT,1.76,17405,11/17/2005,,
05458,VT,1.6,9750,02/27/2009,,
05344,VT,2.16,16975,08/16/2007,,
05077,VT,2.3,18964.79,10/17/2009,,
05250,VT,1.5,13926.5,02/12/2009,,
05662,VT,6.75,58778,12/30/2008,,
05344,VT,2.5,15250,08/28/2009,,
05446,VT,1.6,34308,02/11/2009,,
05040,VT,3.57,25899,02/20/2008,,
05148,VT,3.6,37911,08/21/2008,,
05757,VT,4.14,31346.85,02/25/2005,,
05747,VT,3.04,34299,07/13/2006,,
05461,VT,3.968,6944,05/16/2007,,
05462,VT,1.8,17830.71,11/03/2008,,
05446,VT,5,33000,07/30/2009,,
05462,VT,2.3,18672,05/11/2006,,
05753,VT,2.97,27929.25,05/07/2004,,
05701,VT,1.36,12420.21,07/24/2008,,
05445,VT,2.88,22784.4,01/15/2004,,
05051,VT,4.2,26980,10/08/2009,,
05461,VT,1,14284,11/25/2009,,
05055,VT,1,3000,08/25/2009,,
05495,VT,2,18869.2,12/07/2007,,
05346,VT,2.64,35528,03/08/2006,,
05401,VT,4.6,29476.3,09/25/2009,,
05344,VT,1,14153.45,07/16/2009,,
05443,VT,6.864,53175,01/11/2007,,
05363,VT,3.3,23974,06/29/2009,,
05148,VT,4.8,44547,09/16/2009,,
05091,VT,3.84,34202,01/28/2005,,
05345,VT,2.52,20390,08/04/2008,,
05254,VT,2.7,14587.24,10/26/2009,,
05445,VT,1.26,14400,10/12/2007,,
05061,VT,2.88,18647,10/12/2007,,
05822,VT,5.4,47479,04/23/2009,,
05444,VT,6,27119.64932,09/30/2014,,
05491,VT,4.578,21989.33979,08/20/2014,,
05495,VT,4.16,17389.97248,11/25/2014,,
05461,VT,5.1,21061.44363,05/30/2014,,
05491,VT,5.1,21061.44363,05/06/2014,,
05043,VT,6.36,42015.79042,06/03/2014,,
05446,VT,3.27,15456.99995,05/13/2014,,
05055,VT,4,19143.63715,10/28/2014,,
05773,VT,9.9,42567.76596,07/28/2014,,
05045,VT,4,19109.91373,08/08/2014,,
05048,VT,3.924,24851.05903,09/19/2014,,
05473,VT,10.8,50412.59584,07/28/2014,,
05037,VT,14,58163.02003,05/30/2014,,
05462,VT,3.924,24196.63886,09/02/2014,,
05459,VT,7.29,28738.69559,05/28/2014,,
05682,VT,6.867,31267.03762,07/28/2014,,
05846,VT,3.36,11856.35896,12/16/2014,,
05748,VT,5.232,24528.49683,06/19/2014,,
05602,VT,10.8,49911.05149,10/29/2014,,
05149,VT,7.848,44880.49345,09/10/2014,,
05446,VT,11.772,52807.28109,07/22/2014,,
05494,VT,9.81,44880.49345,09/29/2014,,
05667,VT,7.2,33349.25645,01/05/2014,,
05491,VT,5.5,16093.70831,01/13/2014,,
05452,VT,14.061,61715.06872,06/06/2014,,
05075,VT,3.5,12346.04323,07/07/2014,,
05255,VT,7.95,29996.71721,02/25/2014,,
05055,VT,3.924,19078.14414,11/07/2014,,
05075,VT,1.8,8309.145019,05/19/2014,,
05494,VT,7.194,34028.55677,12/30/2014,,
05257,VT,8.25,22986.97604,05/09/2014,,
05445,VT,6,30967.8896,01/27/2014,,
05777,VT,8.8,18321.91354,05/28/2014,,
05766,VT,4.2,19082.30852,01/27/2014,,
05757,VT,4.2,21237.47247,10/14/2014,,
05730,VT,3.3,10693.51607,10/16/2014,,
05461,VT,4.32,16220.82987,12/31/2014,,
05061,VT,6.63,22607.42606,08/27/2014,,
05651,VT,6.05,25241.01105,08/29/2014,,
05495,VT,6.54,30880.07891,09/09/2014,,
05656,VT,4,17084.031,06/10/2014,,
05340,VT,6.75,22286.71439,06/30/2014,,
05753,VT,4.578,22008.16129,01/13/2014,,
05060,VT,8.415,29694.33167,12/19/2014,,
05065,VT,10.464,49468.24132,11/18/2014,,
05733,VT,3.924,24567.66625,12/15/2014,,
05472,VT,5.2,19035.62103,03/27/2014,,
05344,VT,4.86,16376.75643,04/02/2014,,
05043,VT,7.15,24693.59165,08/06/2014,,
05201,VT,6.12,19101.76045,10/28/2014,,
05055,VT,4,19862.52061,10/22/2014,,
05450,VT,9.54,26739.52525,05/01/2014,,
05301,VT,5.04,15538.39704,11/06/2014,,
05647,VT,7.2,37917.50581,07/07/2014,,
05462,VT,4.2,18237.3664,07/25/2014,,
05663,VT,1.375,7695.015206,11/12/2014,,
05477,VT,3.6,17600.52496,06/02/2014,,
05443,VT,3.27,16430.62482,10/30/2014,,
05346,VT,8.64,34847.77797,02/19/2014,,
05462,VT,10.464,49722.00925,09/24/2014,,
05491,VT,6,18445.78719,06/05/2014,,
05146,VT,7.25,28908.96943,04/14/2014,,
05001,VT,3,13071.51474,10/17/2014,,
05473,VT,7.29,24350.30763,10/06/2014,,
05301,VT,6.3,18545.39849,10/03/2014,,
05455,VT,7.194,37080.29333,06/12/2014,,
05201,VT,6.75,23925.58946,06/06/2014,,
05075,VT,4,19408.50613,08/26/2014,,
05486,VT,7.56,35592.37574,07/30/2014,,
05462,VT,3.6,20602.87574,08/27/2014,,
05483,VT,3.6,17636.85788,08/10/2014,,
05455,VT,9,37223.97458,05/15/2014,,
05677,VT,5.232,23850.63128,03/06/2014,,
05676,VT,3.27,14996.30574,08/05/2014,,
05477,VT,7.2,32766.5755,06/05/2014,,
05465,VT,3.597,17060.78558,04/22/2014,,
05491,VT,3.6,17633.29937,05/23/2014,,
05450,VT,4.32,16152.44385,10/22/2014,,
05065,VT,3.5,16686.72795,06/06/2014,,
05819,VT,5.5,21315.24349,10/30/2014,,
05862,VT,8.25,33916.76782,06/30/2014,,
05488,VT,3,12801.10416,06/10/2014,,
05075,VT,6.12,21924.20156,05/29/2014,,
05058,VT,4,19109.91373,08/08/2014,,
05655,VT,9.9,41501.36439,01/10/2014,,
05478,VT,7.8,31543.87537,06/06/2014,,
05753,VT,6.72,22557.87372,06/21/2014,,
05462,VT,3.924,24173.4036,07/24/2014,,
05445,VT,9.6,41219.00087,01/17/2014,,
05403,VT,4.68,18980.52369,08/19/2014,,
05255,VT,7.56,24533.46312,06/11/2014,,
05674,VT,4.578,21786.76921,03/12/2014,,
05201,VT,5.72,19674.17754,07/25/2014,,
05663,VT,3.6,17667.13301,05/20/2014,,
05680,VT,3.6,17756.44206,07/02/2014,,
05455,VT,3.924,25386.67141,06/20/2014,,
05777,VT,3.3,15037.15843,11/21/2014,,
05733,VT,3.48,17420.51321,01/06/2014,,
05832,VT,6,29797.72848,06/03/2014,,
05737,VT,6,19831.61161,10/29/2014,,
05301,VT,6.885,27367.62834,11/05/2014,,
05075,VT,4.5,21512.42141,07/14/2014,,
05490,VT,7.848,38698.51104,07/07/2014,,
05455,VT,5.5,24081.47722,08/27/2014,,
05738,VT,8.745,29301.09968,06/24/2014,,
05301,VT,7.65,27969.11468,11/26/2014,,
05477,VT,9.9,21164.64554,07/18/2014,,
05461,VT,4.578,22137.64068,08/14/2014,,
05048,VT,3.924,25827.90849,12/20/2014,,
05701,VT,12,44936.22191,04/11/2014,,
05403,VT,7.848,35994.0261,10/24/2014,,
05478,VT,4.8,20326.02386,06/06/2014,,
05701,VT,8.5,36773.8387,09/03/2014,,
05401,VT,3.975,15925.69544,05/30/2014,,
05465,VT,4.125,18437.56119,11/13/2014,,
05647,VT,5,20753.16725,08/19/2014,,
05477,VT,5.46,20310.13173,06/30/2014,,
05089,VT,3.6,20602.87574,08/25/2014,,
05482,VT,7.194,32807.34252,08/28/2014,,
05033,VT,7.194,33567.37877,09/09/2014,,
05458,VT,9,37971.83246,11/07/2014,,
05742,VT,5.232,24538.07144,07/01/2014,,
05446,VT,3.924,18547.80288,05/13/2014,,
05055,VT,4,20141.19085,07/21/2014,,
05454,VT,4.8,20404.04049,04/21/2014,,
05257,VT,2.5,10681.6873,07/22/2014,,
05843,VT,3,16667.92616,10/02/2014,,
05676,VT,7.848,41567.00385,04/24/2014,,
05455,VT,7.848,42104.72724,07/02/2014,,
05829,VT,8.64,32045.06191,07/09/2014,,
05753,VT,4.14,23424.03477,10/09/2014,,
05446,VT,7.848,36934.96948,01/07/2014,,
05068,VT,6.54,29397.64473,11/14/2014,,
05468,VT,9.81,56151.88139,01/03/2014,,
05055,VT,8,38486.68719,10/02/2014,,
05443,VT,3.924,24567.66625,12/30/2014,,
05486,VT,5.88,24716.9276,07/01/2014,,
05440,VT,3.6,14880.83247,07/18/2014,,
05875,VT,4.32,15378.17372,04/21/2014,,
05058,VT,6.12,21200.06054,08/01/2014,,
05441,VT,5.232,24897.34562,12/30/2014,,
05819,VT,8.1,27351.1818,03/25/2014,,
05345,VT,5.5,17513.88651,05/16/2014,,
05454,VT,7.2,28759.18202,04/11/2014,,
05253,VT,9.35,28858.10845,05/19/2014,,
05494,VT,10.8,48741.13774,06/12/2014,,
05465,VT,7.2,33481.87306,07/17/2014,,
05075,VT,15.3,65217.55714,08/22/2014,,
05346,VT,5.1,18712.90532,10/30/2014,,
05055,VT,4.8,17420.70981,10/10/2014,,
05450,VT,10.8,43993.68878,05/21/2014,,
05491,VT,9.35,36238.30689,10/10/2014,,
05661,VT,8.415,29291.76734,09/02/2014,,
05060,VT,10.791,63876.87725,08/12/2014,,
05059,VT,5.1,16810.75223,08/09/2014,,
05443,VT,3,12773.90359,03/17/2014,,
05450,VT,10,42718.95647,05/28/2014,,
05054,VT,6.76,24754.28641,05/30/2014,,
05903,VT,3.24,16120.73644,05/28/2014,,
05403,VT,5.04,16269.55975,06/27/2014,,
05494,VT,7.521,33268.17012,08/20/2014,,
05081,VT,13.8,56138.24656,12/08/2014,,
05472,VT,7.848,38985.21941,10/09/2014,,
05055,VT,4.96,19752.53272,12/05/2014,,
05478,VT,8.502,38463.97698,03/25/2014,,
05488,VT,5.88,27497.04299,10/25/2014,,
05033,VT,5,20232.28427,04/11/2014,,
05673,VT,10.8,50182.00511,11/21/2014,,
05462,VT,4.8,20371.08726,04/08/2014,,
05251,VT,14.04,47281.83848,11/20/2014,,
05072,VT,6.12,21192.07451,09/19/2014,,
05032,VT,5.4,21544.42195,04/11/2014,,
05443,VT,3.6,15361.74617,03/06/2014,,
05735,VT,6.16,23289.27653,12/17/2014,,
05055,VT,12.32,54132.54008,06/27/2014,,
05443,VT,3.27,15784.58968,08/29/2014,,
05828,VT,10,53735.78815,05/05/2014,,
05068,VT,9.6,41656.35503,10/29/2014,,
05062,VT,9.24,35714.59412,07/08/2014,,
05477,VT,13.23,43870.83514,10/14/2014,,
05446,VT,6.54,31062.34668,07/08/2014,,
05301,VT,3.315,16024.45891,08/20/2014,,
05154,VT,12,45111.47528,11/10/2014,,
05454,VT,4.8,20845.41405,04/30/2014,,
05465,VT,9.88,34966.40573,11/12/2014,,
05445,VT,11.2,29172.47768,08/25/2014,,
05738,VT,4.86,18833.55359,07/21/2014,,
05905,VT,7.95,18021.66619,06/20/2014,,
05468,VT,5.559,25513.74343,03/24/2014,,
05075,VT,4,19070.54623,06/03/2014,,
05060,VT,4.08,19729.91104,10/21/2014,,
05058,VT,4,19070.54623,06/04/2014,,
05445,VT,3.924,24195.6443,09/03/2014,,
05655,VT,4.32,16111.86442,09/11/2014,,
05454,VT,5.2,21737.52687,08/12/2014,,
05444,VT,5.232,27507.08369,07/17/2014,,
05051,VT,3.78,14750.66493,07/31/2014,,
05478,VT,4.578,22538.47843,01/23/2014,,
05072,VT,3.5,13805.40595,04/16/2014,,
05472,VT,7.2,32947.00388,05/08/2014,,
05733,VT,3.924,18975.13326,10/23/2014,,
05677,VT,7.2,46690.5918,09/02/2014,,
05482,VT,6,25331.44858,05/07/2014,,
05143,VT,5.58,20224.36809,09/08/2014,,
05346,VT,5.67,21172.06957,12/22/2014,,
05452,VT,3.9,16606.07466,03/27/2014,,
05753,VT,15.696,75483.52788,11/06/2014,,
05043,VT,4,19143.63715,10/01/2014,,
05143,VT,6.72,31327.41339,11/06/2014,,
05465,VT,4.905,23961.99069,04/10/2014,,
05763,VT,6.6,27551.55675,03/10/2014,,
05461,VT,17.004,83657.69436,10/02/2014,,
05452,VT,4.8,20645.93444,01/17/2014,,
05495,VT,18.2,71317.87493,09/04/2014,,
05061,VT,3.924,18927.46246,09/30/2014,,
05089,VT,6.12,27424.61112,07/26/2014,,
05075,VT,6.63,30531.11006,10/10/2014,,
05058,VT,4.59,17127.78492,05/23/2014,,
05478,VT,9.156,42504.49073,09/25/2014,,
05486,VT,6.54,30671.84406,07/02/2014,,
05036,VT,7.848,40713.60768,11/05/2014,,
05465,VT,7.194,32080.26552,05/15/2014,,
05451,VT,7.2,32529.05887,05/21/2014,,
05446,VT,3.92,17645.15378,07/23/2014,,
05701,VT,9.36,25549.73719,04/01/2014,,
05767,VT,16.5,79848.94809,12/31/2014,,
05068,VT,4,19106.05801,05/22/2014,,
05730,VT,6.6,28404.62024,09/03/2014,,
05478,VT,4.2,17762.6633,05/13/2014,,
05346,VT,8.64,28570.32986,01/05/2014,,
05769,VT,6,25107.34003,02/14/2014,,
05036,VT,12,47823.85634,05/15/2014,,
05142,VT,20.4,69721.28877,11/14/2014,,
05001,VT,3.5,16896.31971,12/16/2014,,
05074,VT,3.57,12613.53837,08/08/2014,,
05468,VT,4.578,22177.70423,10/08/2014,,
05491,VT,3.6,18237.24209,01/08/2014,,
05764,VT,5.232,24756.17516,11/21/2014,,
05641,VT,4.578,22258.00191,11/04/2014,,
05905,VT,10.92,52170.91993,11/17/2014,,
05446,VT,3.924,17995.16876,08/01/2014,,
05760,VT,7.2,34778.65295,12/15/2014,,
05472,VT,10.8,55796.88006,11/21/2014,,
05494,VT,6.05,24708.97843,07/15/2014,,
05701,VT,5.5,17822.52678,10/03/2014,,
05663,VT,5.886,26743.04353,04/05/2014,,
05456,VT,3.6,17104.89745,05/02/2014,,
05739,VT,7.56,29855.86877,03/03/2014,,
05201,VT,8.25,32949.42155,11/13/2014,,
05470,VT,4.8,20512.88601,04/18/2014,,
05641,VT,9,32630.06007,03/24/2014,,
05444,VT,9.9,36820.52137,07/11/2014,,
05446,VT,4.5,19249.67888,04/18/2014,,
05408,VT,9.625,27867.95096,10/06/2014,,
05346,VT,9,39092.83426,02/19/2014,,
05072,VT,5.61,19807.64764,09/05/2014,,
05492,VT,6.96,36937.26423,06/24/2014,,
05764,VT,2.2,7116.452248,08/15/2014,,
05051,VT,6,20668.69773,06/04/2014,,
05641,VT,16.52,57727.86439,08/07/2014,,
05074,VT,5.61,20079.1875,12/12/2014,,
05491,VT,6.6,27720.20315,01/31/2014,,
05672,VT,7.848,45625.80992,12/03/2014,,
05489,VT,5.886,34746.39075,12/30/2014,,
05753,VT,6,25688.69206,05/07/2014,,
05747,VT,7,30659.73138,10/15/2014,,
05251,VT,3,7988.661672,04/24/2014,,
05701,VT,4.4,14258.02142,10/03/2014,,
05733,VT,7.848,39375.00843,12/31/2014,,
05065,VT,4,19766.81701,08/28/2014,,
05468,VT,5.6,22248.9706,06/25/2014,,
05641,VT,5.886,27629.85836,09/30/2014,,
05070,VT,4,19070.54623,06/09/2014,,
05055,VT,6.16,22477.54442,11/10/2014,,
05701,VT,3.25,10513.43847,08/13/2014,,
05089,VT,9.156,41133.64564,11/11/2014,,
05443,VT,5.5,23708.58646,11/11/2014,,
05043,VT,7.56,25456.89317,12/20/2014,,
05454,VT,8.4,34188.97724,03/26/2014,,
05483,VT,4.251,20708.68189,01/23/2014,,
05446,VT,7.8,28665.4148,06/18/2014,,
05465,VT,7.848,35903.59911,09/09/2014,,
05065,VT,6.36,24877.6797,05/09/2014,,
05401,VT,5.04,20100.81901,10/03/2014,,
05656,VT,3.6,17828.97421,06/26/2014,,
05753,VT,7.2,38472.67499,12/15/2014,,
05072,VT,4,18581.16768,07/25/2014,,
05075,VT,5.2,20067.33155,05/09/2014,,
05465,VT,4.48,16750.68251,10/14/2014,,
05465,VT,10.36,41898.53331,04/22/2014,,
05770,VT,4.8,21552.25794,11/21/2014,,
05450,VT,7.848,38683.41112,06/26/2014,,
05075,VT,7.15,25741.18981,09/12/2014,,
05062,VT,3.3,15124.70047,08/27/2014,,
05828,VT,3.025,14214.15059,10/01/2014,,
05452,VT,4.68,18198.42007,10/03/2014,,
05051,VT,9.6,39916.4085,12/17/2014,,
05401,VT,5.6,19994.62483,09/03/2014,,
05454,VT,8.1,38185.79005,07/08/2014,,
05458,VT,9.54,55120.83141,06/04/2014,,
05065,VT,7.2,37952.39175,09/08/2014,,
05602,VT,5.232,24538.07144,07/02/2014,,
05753,VT,3.6,20880.77738,09/26/2014,,
05072,VT,8,29599.07696,06/04/2014,,
05478,VT,3.924,21379.87793,05/28/2014,,
05734,VT,5.76,21896.77615,08/15/2014,,
05055,VT,4,19357.32075,12/30/2014,,
05077,VT,5.1,24662.3888,10/03/2014,,
05491,VT,7.848,39415.51778,01/03/2014,,
05068,VT,6,,09/30/2014,,
05454,VT,5.232,25628.03301,06/13/2014,,
05826,VT,5,27868.62419,08/01/2014,,
05440,VT,10.8,47570.08701,06/14/2014,,
05089,VT,4.251,20560.07749,08/28/2014,,
05905,VT,13.77,39805.35311,08/20/2014,,
05468,VT,7.848,34576.006,12/05/2014,,
05070,VT,4,19143.63715,10/08/2014,,
05455,VT,9.81,45734.40291,08/18/2014,,
05464,VT,6.24,25021.83162,11/11/2014,,
05753,VT,7.848,40479.56752,09/08/2014,,
05468,VT,5.886,27696.45588,10/03/2014,,
05450,VT,6,24732.11464,06/04/2014,,
05680,VT,4.8,21160.6985,10/14/2014,,
05452,VT,6.54,31198.14617,10/02/2014,,
05753,VT,4.95,21383.02994,09/25/2014,,
05674,VT,9.81,44262.82827,03/06/2014,,
05403,VT,7.848,36474.05721,08/20/2014,,
05491,VT,9.156,39775.00124,06/17/2014,,
05491,VT,7.2,28759.18202,04/18/2014,,
05450,VT,9.81,42001.00257,08/08/2014,,
05468,VT,5.232,24622.50622,10/02/2014,,
05494,VT,8.8,47348.81311,12/30/2014,,
05486,VT,10,38259.88116,05/09/2014,,
05487,VT,7.2,32468.59821,06/13/2014,,
05454,VT,5.4,22300.35208,05/23/2014,,
05089,VT,3.825,19953.16328,12/03/2014,,
05488,VT,6.54,35934.60027,08/08/2014,,
05661,VT,3.6,20560.43265,06/24/2014,,
05055,VT,4,19143.63715,10/14/2014,,
05658,VT,3.924,22153.32264,07/02/2014,,
05403,VT,5.775,17815.40398,05/13/2014,,
05733,VT,5.232,25743.64159,08/04/2014,,
05070,VT,5,20809.88745,01/16/2014,,
05068,VT,3.924,19186.936,12/16/2014,,
05039,VT,3.85,17550.32819,10/27/2014,,
05060,VT,12,54598.82362,07/11/2014,,
05452,VT,6.6,28452.3087,11/15/2014,,
05747,VT,7.848,45032.41521,10/10/2014,,
05051,VT,5.5,23533.06251,08/22/2014,,
05441,VT,6.54,31363.65887,10/10/2014,,
05819,VT,6,23499.45263,09/18/2014,,
05056,VT,3.06,14555.14662,10/04/2014,,
05032,VT,7.2,38472.67499,12/31/2014,,
05753,VT,3.924,24235.42668,09/08/2014,,
05051,VT,4.59,22530.67571,11/18/2014,,
05730,VT,8.32,36551.85045,02/10/2014,,
05602,VT,7.2,34429.07794,11/14/2014,,
05060,VT,6.54,30739.84602,09/03/2014,,
05068,VT,3.924,34142.23418,09/17/2014,,
05077,VT,5.88,23157.81857,10/10/2014,,
05465,VT,3.6,15770.97176,11/12/2014,,
05346,VT,1.82,4471.016595,05/01/2014,,
05495,VT,4.5,19302.40202,02/20/2014,,
05046,VT,4.4,18695.19784,11/19/2014,,
05465,VT,3,13160.66341,06/11/2014,,
05354,VT,13.5,53154.46704,03/31/2014,,
05753,VT,7.2,32945.36187,06/16/2014,,
05736,VT,4.48,16937.65566,12/22/2014,,
05490,VT,6.05,30715.90228,11/21/2014,,
05458,VT,8.16,25144.3531,12/09/2014,,
05478,VT,9.81,46454.22909,10/09/2014,,
05404,VT,3.6,14726.59127,05/23/2014,,
05465,VT,7.194,33298.28362,11/18/2014,,
05602,VT,5.886,27817.10067,10/29/2014,,
05464,VT,5.4,22300.35208,05/13/2014,,
05763,VT,7.2,38511.99455,12/30/2014,,
05442,VT,6.867,32677.57709,12/11/2014,,
05403,VT,13.734,60910.66634,10/09/2014,,
05458,VT,10.791,50709.7001,10/07/2014,,
05443,VT,9.9,37324.05025,08/08/2014,,
05491,VT,6.96,31970.83671,01/08/2014,,
05667,VT,8.1,33552.67963,01/23/2014,,
05486,VT,11.772,69064.65928,10/22/2014,,
05085,VT,3.27,15820.42077,08/28/2014,,
05058,VT,6.6,24803.07553,08/28/2014,,
05764,VT,4,20222.72506,06/16/2014,,
05667,VT,3.24,11982.99251,04/25/2014,,
05663,VT,4.5,21978.12729,03/28/2014,,
05072,VT,4,19070.54623,06/06/2014,,
05602,VT,4.5,19375.00155,02/25/2014,,
05403,VT,3,12856.16809,02/11/2014,,
05492,VT,7.2,29600.6944,07/09/2014,,
05486,VT,5.94,17339.84862,11/10/2014,,
05301,VT,6.5,25535.87897,02/12/2014,,
05201,VT,4.5,19493.33306,04/10/2014,,
05478,VT,9.81,45894.94417,09/19/2014,,
05753,VT,5.22,22647.78043,01/24/2014,,
05061,VT,5.1,16443.6407,12/20/2014,,
05751,VT,5.4,32209.59335,11/25/2014,,
05055,VT,4.125,15979.52853,06/17/2014,,
05454,VT,4.8,20569.86894,02/28/2014,,
05478,VT,5.232,24157.7674,01/17/2014,,
05733,VT,7.194,34180.46358,11/21/2014,,
05478,VT,10.8,47920.38174,05/09/2014,,
05452,VT,5.72,23071.23959,08/18/2014,,
05471,VT,4,21244.13717,07/28/2014,,
05770,VT,4.578,23154.84547,08/26/2014,,
05757,VT,3.22,9754.274909,12/24/2014,,
05001,VT,5.4,23408.2967,07/30/2014,,
05444,VT,5.886,27676.68476,01/23/2014,,
05072,VT,2.5,12544.7723,07/07/2014,,
05488,VT,4.2,17824.70136,04/26/2014,,
05454,VT,6.54,30739.84602,09/02/2014,,
05770,VT,4.905,23719.16584,10/09/2014,,
05486,VT,10.791,50720.6259,07/15/2014,,
05458,VT,4.578,21638.6058,05/09/2014,,
05059,VT,7.7,28538.48754,07/21/2014,,
05456,VT,6.72,32247.97942,08/11/2014,,
05060,VT,3.924,24528.34669,12/05/2014,,
05301,VT,3.12,11375.50505,01/09/2014,,
05461,VT,1.75,8053.495404,07/18/2014,,
05055,VT,4,19247.56279,11/13/2014,,
05444,VT,7.2,33083.08583,01/15/2014,,
05677,VT,4.8,20861.88075,09/03/2014,,
05753,VT,3.924,18975.13326,10/15/2014,,
05486,VT,10.8,50063.99273,08/12/2014,,
05845,VT,6.48,31352.20221,08/22/2014,,
05673,VT,4.578,22674.98644,07/07/2014,,
05488,VT,10.8,47847.4418,08/06/2014,,
05032,VT,3.924,24567.66625,12/30/2014,,
05494,VT,3.6,21109.52607,09/05/2014,,
05468,VT,7.84,27461.0245,04/15/2014,,
05075,VT,4,19247.56279,11/17/2014,,
05663,VT,7.65,31348.7029,10/21/2014,,
05753,VT,6.867,32427.79339,02/07/2014,,
05461,VT,8.4,33958.03279,05/07/2014,,
05675,VT,6,28608.04271,07/17/2014,,
05469,VT,11.772,56739.20866,11/04/2014,,
05462,VT,3.6,17600.52496,06/13/2014,,
05446,VT,7.2,37004.55638,08/11/2014,,
05462,VT,3.924,26037.34066,10/30/2014,,
05250,VT,4.5,15327.7433,08/08/2014,,
05656,VT,4.5,19532.41102,06/27/2014,,
05753,VT,3.6,15759.21494,07/28/2014,,
05043,VT,3.85,14919.58464,07/28/2014,,
05143,VT,6,27706.9212,06/21/2014,,
05459,VT,4.8,20262.45537,06/05/2014,,
05661,VT,3,12395.56591,08/25/2014,,
05462,VT,5.04,17808.05086,08/08/2014,,
05667,VT,4.95,24371.68134,09/05/2014,,
05455,VT,13.44,60422.10476,10/15/2014,,
05495,VT,3.924,18969.97035,01/23/2014,,
05667,VT,5.886,27849.81989,11/12/2014,,
05091,VT,10.2,42747.41666,12/23/2014,,
05454,VT,7.8,30989.63762,06/05/2014,,
05445,VT,3,13102.06121,06/06/2014,,
05465,VT,7.2,32468.59821,06/13/2014,,
05454,VT,6.6,29065.74691,04/28/2014,,
05446,VT,5.88,14276.71577,03/26/2014,,
05055,VT,3.6,18810.1992,03/11/2014,,
05468,VT,10.8,47570.08701,06/12/2014,,
05056,VT,3.924,18975.13326,10/06/2014,,
05450,VT,6.72,30803.00525,07/01/2014,,
05477,VT,4.8,19297.11859,05/15/2014,,
05464,VT,3.924,24414.4474,09/19/2014,,
05468,VT,4.905,23579.88365,01/07/2014,,
05753,VT,7.848,41367.60091,05/03/2014,,
05602,VT,8.32,33068.5166,07/10/2014,,
05663,VT,4.578,22137.82165,10/09/2014,,
05478,VT,12.099,60693.84408,07/09/2014,,
05478,VT,4.2,17762.6633,05/23/2014,,
05061,VT,17.5,38021.9172,01/07/2014,,
05091,VT,4.48,16686.72795,06/04/2014,,
05452,VT,5.4,22949.81202,08/05/2014,,
05201,VT,8.25,25779.13446,07/11/2014,,
05482,VT,7.28,27599.02702,09/10/2014,,
05473,VT,5.4,27550.88447,10/06/2014,,
05055,VT,4,19247.56279,11/04/2014,,
05489,VT,7.2,34658.67789,12/01/2014,,
05655,VT,4.8,21093.06256,04/27/2014,,
05459,VT,7.2,32965.22702,06/20/2014,,
05459,VT,3.6,15625.92882,06/12/2014,,
05358,VT,7.848,36417.14678,03/28/2014,,
05482,VT,30.3,88279.74366,06/04/2014,,
05070,VT,3.5,17772.67355,10/16/2014,,
05301,VT,7.425,28179.78157,07/08/2014,,
05461,VT,7.2,38891.25595,09/02/2014,,
05075,VT,5.355,18920.80521,08/01/2014,,
05075,VT,3.57,13281.94498,12/18/2014,,
05701,VT,4.48,14596.06845,11/26/2014,,
05753,VT,7.2,32590.7689,06/11/2014,,
05055,VT,4,19247.56279,11/27/2014,,
05403,VT,3.9,17244.71471,07/18/2014,,
05820,VT,5,27822.06925,07/04/2014,,
05491,VT,6,25333.43879,05/09/2014,,
05495,VT,9.9,22377.58947,09/29/2014,,
05491,VT,10.44,47640.49372,01/06/2014,,
05403,VT,5.886,27651.64704,08/07/2014,,
05350,VT,5.1,27574.10013,12/08/2014,,
05462,VT,3,20403.495,02/17/2014,,
05753,VT,3,18621.82322,01/20/2014,,
05738,VT,8.25,26667.12474,09/16/2014,,
05301,VT,5,20220.87108,01/23/2014,,
05486,VT,7.7,17749.25166,12/12/2014,,
05401,VT,2.24,14174.26801,10/01/2014,,
05758,VT,7.975,25777.98851,09/18/2014,,
05477,VT,7.2,28613.47774,09/16/2014,,
05491,VT,4.2,18300.12064,10/17/2014,,
05455,VT,6.54,31542.35088,12/23/2014,,
05492,VT,3,12060.69912,05/29/2014,,
05842,VT,3.24,16494.51249,07/04/2014,,
05301,VT,4.08,16351.85673,10/03/2014,,
05657,VT,6.5,27653.14955,07/03/2014,,
05753,VT,7.194,33363.14887,12/17/2014,,
05701,VT,8.8,35696.72166,08/15/2014,,
05450,VT,7.2,35827.17449,12/23/2014,,
05602,VT,4.251,20360.13694,02/19/2014,,
05663,VT,11.445,52242.37084,06/11/2014,,
05151,VT,7.14,27412.78912,12/14/2014,,
05359,VT,7.15,29875.93415,07/31/2014,,
05641,VT,7.194,35170.91109,11/24/2014,,
05872,VT,9.075,36751.74815,08/15/2014,,
05777,VT,7.848,36561.13957,12/16/2014,,
05701,VT,7.25,23620.36846,11/28/2014,,
05074,VT,4,19542.46293,10/07/2014,,
05060,VT,6,29233.19146,08/12/2014,,
05669,VT,6.54,30092.50827,02/11/2014,,
05043,VT,5.4,19617.52081,08/11/2014,,
05038,VT,10.2,50242.07688,10/30/2014,,
05060,VT,10.8,55757.78345,11/18/2014,,
05143,VT,4.4,24420.46996,12/16/2014,,
05669,VT,9,40050.1336,06/20/2014,,
05482,VT,12.32,44400.04795,07/07/2014,,
05491,VT,6,25107.34003,02/21/2014,,
05673,VT,8.1,25257.26348,03/05/2014,,
05143,VT,12.24,39273.04791,11/13/2014,,
05077,VT,7.5,26475.19298,08/12/2014,,
05343,VT,7.2,20970.23689,04/14/2014,,
05262,VT,10.5,38675.46506,06/25/2014,,
05353,VT,12,47765.14502,05/13/2014,,
05491,VT,6.867,32316.85247,10/31/2014,,
05767,VT,13,38321.71076,03/25/2014,,
05454,VT,10.4,35739.43525,07/10/2014,,
05491,VT,6.54,35857.5932,06/24/2014,,
05201,VT,3,13939.37738,06/04/2014,,
05403,VT,7.8,29288.02957,12/21/2014,,
05495,VT,8.58,32684.76756,11/19/2014,,
05828,VT,3.575,13560.20646,12/08/2014,,
05040,VT,7.2,34125.75523,07/15/2014,,
05769,VT,4.251,20477.99227,06/23/2014,,
05346,VT,9.62,25686.47403,11/14/2014,,
05487,VT,7.848,36482.58768,10/17/2014,,
05043,VT,5,18871.89471,06/10/2014,,
05641,VT,5.886,26609.25868,12/03/2014,,
05488,VT,7.848,36033.90868,10/06/2014,,
05489,VT,7.2,38215.59941,07/14/2014,,
05461,VT,3.6,15632.02834,07/03/2014,,
05446,VT,3,12731.92954,04/02/2014,,
05491,VT,11,43870.83514,10/09/2014,,
05641,VT,6,24075.8216,02/13/2014,,
05452,VT,3.924,21755.86451,07/17/2014,,
05465,VT,4.905,23659.57671,09/30/2014,,
05738,VT,8.25,24242.3886,09/16/2014,,
05344,VT,5.6,17562.68122,07/07/2014,,
05489,VT,7.848,36395.79579,12/05/2014,,
05353,VT,3,16260.05145,05/06/2014,,
05482,VT,5.232,28948.86306,07/14/2014,,
05486,VT,6.54,33582.93511,12/17/2014,,
05672,VT,6.867,32677.57709,12/02/2014,,
05301,VT,4.59,25154.43504,12/29/2014,,
05446,VT,10.8,40941.89107,04/29/2014,,
05403,VT,10.92,16616.07881,10/24/2014,,
05860,VT,6.48,25923.67531,10/10/2014,,
05350,VT,4.125,14421.11322,09/05/2014,,
05602,VT,11.118,52325.76611,09/23/2014,,
05476,VT,9.81,44880.49345,09/26/2014,,
05471,VT,9.9,36352.62964,08/29/2014,,
05060,VT,6.16,23040.93662,11/19/2014,,
05461,VT,8.502,37805.42124,11/10/2014,,
05401,VT,3.27,15630.49761,09/12/2014,,
05143,VT,6.12,18971.22047,06/12/2014,,
05641,VT,6.9,29275.77237,07/28/2014,,
05070,VT,8.25,30990.47502,09/09/2014,,
05489,VT,5.232,24756.17516,11/20/2014,,
05036,VT,6,22050.31908,06/06/2014,,
05060,VT,3,18390.16476,06/25/2014,,
05658,VT,8.1,34618.35014,12/19/2014,,
05464,VT,4.905,23887.0274,11/18/2014,,
05661,VT,4.8,20877.58075,08/01/2014,,
05444,VT,5.4,22378.23851,04/25/2014,,
05345,VT,8.16,42462.71923,09/12/2014,,
05055,VT,4,19106.05801,05/14/2014,,
05769,VT,3.85,14348.23857,07/10/2014,,
05753,VT,5.4,22258.90318,06/11/2014,,
05770,VT,5.886,29264.83823,10/23/2014,,
05075,VT,5.5,21586.94481,07/18/2014,,
05674,VT,5.232,24091.98379,01/17/2014,,
05458,VT,8.4,30253.92615,10/16/2014,,
05061,VT,3.924,18975.13326,10/24/2014,,
05301,VT,6.5,16628.65461,07/09/2014,,
05677,VT,4.32,14135.67463,09/15/2014,,
05602,VT,8,20179.76204,03/31/2014,,
05477,VT,3.24,12899.19177,08/22/2014,,
05482,VT,5.6,17694.99602,05/03/2014,,
05075,VT,6.5,21991.86885,05/09/2014,,
05753,VT,5.232,24897.34562,12/01/2014,,
05045,VT,4.4,19776.8163,09/29/2014,,
05443,VT,10.8,50569.59181,07/29/2014,,
05602,VT,4.5,23003.0452,03/07/2014,,
05445,VT,3.27,15666.31611,03/24/2014,,
05478,VT,4.8,20645.93444,01/24/2014,,
05065,VT,7.848,44880.49345,09/12/2014,,
05075,VT,4.86,19358.81523,05/16/2014,,
05651,VT,9.45,31527.90884,11/07/2014,,
05641,VT,5.886,27823.08306,10/31/2014,,
05743,VT,12.48,63118.11184,03/20/2014,,
05489,VT,6.54,31324.64702,09/12/2014,,
05445,VT,11.772,58826.80167,10/03/2014,,
05468,VT,5.559,25863.43507,06/24/2014,,
05760,VT,6.36,26817.95564,06/23/2014,,
05820,VT,5.4,20866.55194,07/21/2014,,
05734,VT,8.8,31811.58658,05/30/2014,,
05091,VT,7.848,45411.92311,08/26/2014,,
05257,VT,5.565,17279.5423,08/08/2014,,
05075,VT,6,29162.5246,08/05/2014,,
05602,VT,6.6,27367.62834,11/17/2014,,
05641,VT,6.6,28393.47743,02/28/2014,,
05154,VT,4.4,18117.13531,07/30/2014,,
05494,VT,4.905,24248.92168,11/18/2014,,
05446,VT,5.232,23849.6294,03/18/2014,,
05474,VT,6.6,26144.79594,07/30/2014,,
05677,VT,10.62,38576.42299,10/11/2014,,
05068,VT,10.2,29777.72254,03/28/2014,,
05404,VT,4.2,18230.25029,06/19/2014,,
05738,VT,12,38752.16789,07/10/2014,,
05701,VT,6.6,21333.30196,09/24/2014,,
05446,VT,6.72,31088.96338,06/13/2014,,
05464,VT,3.924,21832.08113,08/01/2014,,
05491,VT,7.848,40510.03118,08/27/2014,,
05446,VT,4.578,22061.90727,07/23/2014,,
05758,VT,7.848,35995.02317,10/17/2014,,
05478,VT,3.27,16270.99395,09/04/2014,,
05301,VT,9.75,30834.29826,01/31/2014,,
05065,VT,1.89,3100.195901,12/11/2014,,
05455,VT,6.9,36938.25749,06/13/2014,,
05403,VT,3.6,15278.31545,04/28/2014,,
05456,VT,6,34197.46345,04/07/2014,,
05491,VT,10.2,41781.5655,05/12/2014,,
05494,VT,8.32,38457.90749,05/06/2014,,
05084,VT,7.848,37621.75943,12/02/2014,,
05845,VT,5.4,21462.73914,07/14/2014,,
05641,VT,5.886,26831.20878,03/20/2014,,
05055,VT,4,20499.20807,05/18/2014,,
05343,VT,5.04,20976.47998,12/03/2014,,
05819,VT,5.5,22036.12108,10/13/2014,,
05048,VT,7.2,38204.51796,10/10/2014,,
05456,VT,4.2,16884.97876,05/13/2014,,
05091,VT,7.2,38047.97884,10/20/2014,,
05819,VT,5.75,22706.78309,07/18/2014,,
05472,VT,8.502,39526.2176,07/23/2014,,
05445,VT,9.9,32568.69216,12/02/2014,,
05048,VT,4,19077.99035,07/07/2014,,
05769,VT,9.72,39882.5774,10/22/2014,,
05828,VT,3.85,16990.06049,09/17/2014,,
05032,VT,5.232,25218.31716,11/25/2014,,
05143,VT,13.2,69108.65966,12/23/2014,,
05827,VT,7.2,34748.14789,05/14/2014,,
05468,VT,6,24775.55267,07/10/2014,,
05458,VT,7.2,33468.80863,06/18/2014,,
05701,VT,6.05,24846.49482,03/25/2014,,
05056,VT,6.24,27684.62361,02/06/2014,,
05143,VT,5.04,18862.25675,05/21/2014,,
05680,VT,3.6,19945.97245,08/18/2014,,
05301,VT,7.5,19583.27605,01/15/2014,,
05677,VT,9.156,41956.19496,06/30/2014,,
05478,VT,10.8,47658.66855,05/08/2014,,
05151,VT,2.04,8171.19189,11/10/2014,,
05465,VT,6.76,23590.54453,10/03/2014,,
05472,VT,6.38,30872.75637,01/03/2014,,
05672,VT,3.924,22209.883,11/12/2014,,
05043,VT,5.232,24560.64765,09/02/2014,,
05443,VT,4.8,20873.36837,05/28/2014,,
05060,VT,6.12,22700.09436,11/11/2014,,
05482,VT,6.75,24044.99499,03/14/2014,,
05660,VT,7.2,37913.60393,09/30/2014,,
05770,VT,7.2,46659.04404,08/04/2014,,
05851,VT,6.6,25940.10172,09/22/2014,,
05753,VT,11.772,57511.11612,11/21/2014,,
05819,VT,12.1,41356.5123,07/25/2014,,
05452,VT,5.3,24405.36141,04/28/2014,,
05735,VT,4.48,14517.25817,10/16/2014,,
05478,VT,4.578,21638.6058,05/12/2014,,
05048,VT,4.578,22137.82165,10/21/2014,,
05033,VT,7.848,44914.26911,08/24/2014,,
05641,VT,6.213,29006.54019,02/07/2014,,
05454,VT,5.886,27849.81989,11/13/2014,,
05473,VT,5.94,19791.73469,09/29/2014,,
05452,VT,9.9,41348.46155,02/20/2014,,
05468,VT,9.5,21980.42836,07/16/2014,,
05262,VT,8.4,26176.60058,08/26/2014,,
05156,VT,14.4,76421.24098,06/04/2014,,
05651,VT,3.6,17633.29937,05/16/2014,,
05043,VT,3.78,14197.20448,07/18/2014,,
05487,VT,3.6,17633.29937,05/20/2014,,
05262,VT,8.415,26172.94142,10/08/2014,,
05454,VT,7.848,38063.61837,06/24/2014,,
05301,VT,6,23941.88424,07/03/2014,,
05055,VT,4,19648.55368,11/21/2014,,
05060,VT,8.25,29222.24308,08/26/2014,,
05048,VT,4.251,20668.07302,11/07/2014,,
05763,VT,11.2,38210.54461,12/17/2014,,
05673,VT,6,24778.16898,05/24/2014,,
05647,VT,8.25,31347.22567,08/25/2014,,
05664,VT,4.8,26041.45682,07/17/2014,,
05677,VT,4.95,18909.56038,09/17/2014,,
05843,VT,6,16897.91516,05/05/2014,,
05667,VT,6.75,26765.01235,04/24/2014,,
05060,VT,3,16194.07217,06/27/2014,,
05488,VT,6.72,31556.4656,12/08/2014,,
05701,VT,5.04,16331.91545,10/14/2014,,
05641,VT,4.578,22384.9267,12/02/2014,,
05733,VT,3.48,17588.24627,02/04/2014,,
05033,VT,9.9,45210.86254,07/03/2014,,
05491,VT,3.27,15720.25979,01/28/2014,,
05465,VT,4.4,19603.4422,11/12/2014,,
05486,VT,11.48,38713.50023,08/14/2014,,
05446,VT,3.27,15812.44487,10/20/2014,,
05055,VT,6.16,22877.51425,05/02/2014,,
05677,VT,6.3,25392.60642,07/28/2014,,
05469,VT,2.75,10984.4098,04/03/2014,,
05344,VT,10.08,28416.3364,10/24/2014,,
05301,VT,4.95,15924.92811,08/01/2014,,
05151,VT,4,19143.63715,10/31/2014,,
05482,VT,7.194,33987.22082,12/19/2014,,
05454,VT,5.4,22404.83834,05/08/2014,,
05701,VT,4.4,14258.02142,10/01/2014,,
05465,VT,15.08,52625.06088,10/03/2014,,
05468,VT,8.4,28007.96731,08/19/2014,,
05758,VT,10.08,44497.9412,06/10/2014,,
05001,VT,4.2,16131.10063,12/08/2014,,
05049,VT,4.251,20556.47746,10/21/2014,,
05733,VT,1.68,6736.646976,11/20/2014,,
05746,VT,12,38553.43882,07/28/2014,,
05491,VT,7.2,30068.37157,12/09/2014,,
05403,VT,9.156,39756.74332,07/14/2014,,
05760,VT,3.6,17933.6254,01/13/2014,,
05482,VT,13.734,62751.93602,04/18/2014,,
05650,VT,4.8,20374.6975,07/21/2014,,
05468,VT,9.24,36268.76337,12/20/2014,,
05452,VT,10.791,49293.03827,04/01/2014,,
05060,VT,4.59,17523.40745,10/02/2014,,
05828,VT,6,27138.48228,04/17/2014,,
05033,VT,7.848,36189.42795,11/19/2014,,
05701,VT,2.8,9122.54278,11/14/2014,,
05055,VT,12,55935.3148,10/23/2014,,
05048,VT,3.924,24527.3385,12/29/2014,,
05482,VT,14.061,62057.35036,11/01/2014,,
05255,VT,6.05,24462.44933,11/13/2014,,
05753,VT,4.14,25427.13365,08/04/2014,,
05641,VT,5.886,26564.11427,07/31/2014,,
05641,VT,4.8,20914.42359,10/09/2014,,
05156,VT,3.24,16239.9506,04/08/2014,,
05769,VT,6.54,30817.26756,10/16/2014,,
05043,VT,5.5,15794.78261,06/12/2014,,
05468,VT,5.232,23850.63128,03/27/2014,,
05773,VT,20.16,85892.24894,11/07/2014,,
05462,VT,8.1,22234.3729,09/10/2014,,
05075,VT,4.08,14848.28357,10/15/2014,,
05753,VT,7.2,29039.81498,02/07/2014,,
05464,VT,8.502,43313.81383,08/18/2014,,
05158,VT,6.12,23440.5056,12/05/2014,,
05445,VT,6.867,32618.58011,06/17/2014,,
05746,VT,6.6,28137.05482,07/23/2014,,
05149,VT,9.945,34580.03877,12/19/2014,,
05346,VT,3.5,14329.66187,04/04/2014,,
05457,VT,13.5,53635.91127,06/04/2014,,
05403,VT,7.521,34956.70854,06/26/2014,,
05735,VT,3.924,24428.36511,11/06/2014,,
05488,VT,6.72,31088.96338,06/02/2014,,
05445,VT,10.464,46951.73419,02/27/2014,,
05446,VT,10.07,,05/13/2014,,
05478,VT,9.81,45308.43942,06/18/2014,,
05141,VT,8.82,17951.8424,01/15/2014,,
05647,VT,4.5,21658.23366,10/26/2014,,
05487,VT,4,19247.56279,11/24/2014,,
05486,VT,7,26465.08696,12/22/2014,,
05763,VT,7.7,24951.53749,10/08/2014,,
05738,VT,6.24,25963.15044,04/10/2014,,
05151,VT,9,38510.64817,05/16/2014,,
05753,VT,7.02,31545.22778,04/08/2014,,
05753,VT,7.7,29262.85498,07/07/2014,,
05089,VT,3.57,26965.63497,11/20/2014,,
05482,VT,6.867,32064.7957,02/27/2014,,
05457,VT,11.4,45332.10794,05/09/2014,,
05461,VT,4.48,16011.27465,05/01/2014,,
05403,VT,5.232,24579.13122,08/07/2014,,
05468,VT,6.6,30831.3455,09/08/2014,,
05075,VT,6,21769.10306,04/25/2014,,
05443,VT,2.943,15864.9939,05/29/2014,,
05070,VT,3.825,15013.69103,04/25/2014,,
05491,VT,5.232,24538.07144,07/28/2014,,
05346,VT,3.12,15274.1359,12/29/2014,,
05445,VT,5.94,19941.2887,10/14/2014,,
05441,VT,7.848,44880.49345,09/29/2014,,
05451,VT,10.8,38403.31247,06/13/2014,,
05826,VT,6.48,29859.2402,08/04/2014,,
05301,VT,4.08,18530.60184,12/15/2014,,
05677,VT,6.54,30949.07111,07/10/2014,,
05602,VT,5.886,27817.10067,10/28/2014,,
05667,VT,3.6,20568.45834,07/03/2014,,
05677,VT,7.848,37254.31555,10/16/2014,,
05477,VT,5.232,30329.12131,06/11/2014,,
05656,VT,3.924,20987.06463,08/28/2014,,
05641,VT,8.829,40920.09808,08/08/2014,,
05251,VT,6.867,31505.17427,02/10/2014,,
05452,VT,5.886,26831.20878,03/14/2014,,
05478,VT,3.24,11706.3851,04/11/2014,,
05738,VT,5,16202.29707,10/14/2014,,
05478,VT,8.12,28858.10845,05/23/2014,,
05443,VT,3.924,18794.20526,02/11/2014,,
05464,VT,7.8,31919.32675,06/19/2014,,
05495,VT,6.6,21765.39549,08/27/2014,,
05454,VT,7.2,38020.76585,08/06/2014,,
05819,VT,6,29654.1942,05/20/2014,,
05773,VT,4.4,16395.14795,07/30/2014,,
05602,VT,4.8,20300.18663,05/16/2014,,
05486,VT,2.6,11515.71364,08/07/2014,,
05757,VT,7.02,30564.07941,01/20/2014,,
05495,VT,3.597,17350.09104,09/09/2014,,
05640,VT,2.7,19524.51577,10/17/2014,,
05075,VT,4,19143.63715,10/02/2014,,
05672,VT,16.24,66078.4513,10/29/2014,,
05075,VT,3.825,13690.26346,12/12/2014,,
05661,VT,5.5,24067.60213,12/10/2014,,
05491,VT,11.7,47384.67012,03/17/2014,,
05763,VT,5.232,24897.34562,12/04/2014,,
05075,VT,7.65,25887.96125,08/01/2014,,
05733,VT,5.886,26734.54971,05/02/2014,,
05445,VT,6.5,28344.64146,01/14/2014,,
05859,VT,7.848,40691.17724,08/08/2014,,
05301,VT,18.36,60491.62734,12/17/2014,,
05673,VT,5.232,24897.34562,12/26/2014,,
05769,VT,6,20866.55194,07/23/2014,,
05753,VT,3,13142.47647,11/07/2014,,
05043,VT,4,19143.63715,10/03/2014,,
05602,VT,4.4,19437.37006,08/14/2014,,
05491,VT,5.3,18375.2659,06/11/2014,,
05201,VT,9.9,27812.52561,04/17/2014,,
05457,VT,6.48,31345.87642,05/22/2014,,
05446,VT,4.905,24349.0782,02/26/2014,,
05101,VT,18.72,66056.85706,12/04/2014,,
05257,VT,4.5,13433.94704,05/30/2014,,
05836,VT,5.4,28318.89192,07/25/2014,,
05766,VT,3.6,18439.65321,01/03/2014,,
05867,VT,9.9,32129.39866,04/15/2014,,
05474,VT,12.48,55212.72466,12/15/2014,,
05468,VT,6.6,30848.32282,05/10/2014,,
05664,VT,3,12731.92954,04/01/2014,,
05075,VT,11.445,54413.22699,12/30/2014,,
05767,VT,5,16383.14907,12/16/2014,,
05408,VT,4.48,15606.42954,08/01/2014,,
05450,VT,6.3,27366.15914,04/30/2014,,
05656,VT,3.6,19090.41138,06/27/2014,,
05833,VT,3.924,19972.84577,08/06/2014,,
05041,VT,7.2,28098.27284,10/24/2014,,
05494,VT,8.502,42871.94116,11/25/2014,,
05454,VT,5.232,22647.64449,05/26/2014,,
05452,VT,4.905,29567.20464,01/09/2014,,
05478,VT,4.8,19832.37482,06/03/2014,,
05075,VT,4.86,18826.20486,06/11/2014,,
05456,VT,4.5,19713.7147,11/12/2014,,
05001,VT,6.6,24596.05146,08/26/2014,,
05468,VT,3.025,12894.46433,09/15/2014,,
05468,VT,5.886,28644.30909,09/03/2014,,
05759,VT,5.5,19176.3869,11/28/2014,,
05443,VT,4.251,20262.91765,03/18/2014,,
05061,VT,4.8,20842.70445,07/08/2014,,
05445,VT,6.213,29758.53653,11/20/2014,,
05070,VT,4,19077.99035,07/24/2014,,
05031,VT,5.886,27824.08012,10/10/2014,,
05663,VT,3.924,24174.39725,07/23/2014,,
05701,VT,7.84,27523.69044,12/03/2014,,
05495,VT,4.251,20785.93135,12/02/2014,,
05461,VT,7.2,32660.12837,07/31/2014,,
05452,VT,6,24864.70946,04/15/2014,,
05058,VT,4,18612.25972,08/17/2014,,
05473,VT,7.2,32529.05887,05/02/2014,,
05478,VT,7.848,38459.8977,05/16/2014,,
05075,VT,6.12,21208.02301,08/15/2014,,
05489,VT,9.9,38787.82175,09/21/2014,,
05656,VT,5.886,27700.44413,10/06/2014,,
05641,VT,3.27,16270.99395,09/16/2014,,
05301,VT,5.04,18399.53665,12/02/2014,,
05459,VT,4.905,23983.92205,12/05/2014,,
05494,VT,6.54,31062.34668,07/25/2014,,
05402,VT,29.7,97069.21234,07/15/2014,,
05454,VT,6.05,24881.48481,11/07/2014,,
05819,VT,4.05,16686.72795,06/28/2014,,
05462,VT,3.924,25892.41002,07/18/2014,,
05465,VT,6.96,36052.45698,01/02/2014,,
05641,VT,6.867,32193.46585,06/12/2014,,
05477,VT,5.886,27718.84029,06/27/2014,,
05650,VT,10.8,56702.05736,10/31/2014,,
05494,VT,7.848,49052.29539,07/11/2014,,
05445,VT,7.425,28960.57902,09/23/2014,,
05077,VT,7.2,34658.67789,12/02/2014,,
05455,VT,10.8,57748.70323,11/26/2014,,
05701,VT,3.3,9868.466692,03/14/2014,,
05602,VT,6.05,25489.83805,08/06/2014,,
