Zipcode,State,Size (kW DC),Cost,Date Installed,Filters=state=WI
54154,WI,7.72,20000,05/01/2015,,
54311,WI,112.0,,06/05/2014,,
54020,WI,3.68,,03/01/2009,,
54022,WI,2.2,,06/26/2008,,
54749,WI,3.2,,03/11/2008,,
54022,WI,3.68,30016.0,02/25/2008,,
54022,WI,2.6,,06/01/2007,,
53207,WI,3.2,16613.0,10/29/2012,,
53211,WI,3.5,15000.0,10/30/2012,,
53593,WI,4.2,26434.0,10/19/2012,,
53137,WI,2.6,13800.0,10/19/2012,,
54481,WI,0.8,7900.0,10/19/2012,,
53715,WI,2.7,14520.0,10/19/2012,,
53703,WI,1.8,11475.0,10/19/2012,,
53726,WI,6.7,45633.0,10/19/2012,,
53960,WI,11.4,51549.0,10/19/2012,,
54174,WI,2.0,10936.0,10/29/2012,,
54904,WI,4.1,47830.0,10/29/2012,,
53214,WI,2.7,18761.0,10/29/2012,,
54751,WI,3.7,28827.0,10/29/2012,,
54944,WI,3.7,19079.0,10/29/2012,,
54904,WI,3.4,15710.0,10/19/2012,,
53711,WI,2.7,15905.0,10/29/2012,,
53222,WI,5.4,25501.0,10/29/2012,,
54481,WI,2.2,13900.0,10/29/2012,,
53149,WI,5.4,16369.54,10/19/2012,,
54475,WI,7.6,35641.0,09/19/2012,,
54949,WI,5.3,39280.0,09/19/2012,,
54205,WI,5.1,24100.0,09/19/2012,,
53191,WI,3.6,22000.0,09/19/2012,,
54820,WI,1.8,9265.0,09/19/2012,,
54149,WI,4.5,8012.2,09/19/2012,,
53181,WI,5.4,38000.0,08/29/2012,,
53023,WI,3.7,19711.0,08/29/2012,,
54161,WI,0.9,2003.69,08/29/2012,,
54956,WI,8.8,32100.0,07/30/2012,,
54311,WI,6.5,27500.0,07/30/2012,,
53121,WI,2.3,14472.0,10/29/2012,,
53926,WI,9.2,36927.0,10/19/2012,,
53703,WI,2.9,19430.0,10/29/2012,,
54639,WI,3.6,16090.54,10/29/2012,,
53066,WI,6.3,33900.0,10/29/2012,,
54615,WI,2.7,14569.57,10/29/2012,,
53212,WI,3.6,15200.0,10/29/2012,,
53521,WI,5.2,23720.0,10/19/2012,,
54601,WI,4.4,29346.0,09/19/2012,,
53590,WI,3.7,19992.0,10/19/2012,,
54665,WI,9.6,39036.0,09/19/2012,,
53703,WI,2.5,15270.0,09/19/2012,,
54930,WI,0.8,3327.01,10/29/2012,,
53404,WI,2.8,21910.0,09/19/2012,,
53024,WI,4.5,16263.0,09/19/2012,,
53704,WI,2.1,14994.0,08/29/2012,,
53562,WI,4.3,20768.0,08/29/2012,,
53575,WI,2.7,11680.0,08/29/2012,,
53137,WI,5.4,16053.55,08/29/2012,,
54481,WI,0.9,4906.92,08/29/2012,,
53590,WI,2.7,14688.0,08/29/2012,,
53705,WI,9.996,84861.0,01/02/2012,,
53705,WI,9.89,76895.0,01/02/2012,,
53081,WI,28.98,169575.0,01/02/2012,,
54729,WI,19.35,97450.0,01/02/2012,,
53711,WI,8.64,53192.0,04/17/2012,,
53083,WI,19.6,115480.0,04/03/2012,,
53510,WI,0.96,4000.0,05/17/2012,,
53562,WI,5.28,27192.4,02/28/2012,,
53583,WI,3.68,24795.0,02/28/2012,,
53714,WI,3.84,22371.6,02/28/2012,,
53955,WI,0.7,8000.0,02/15/2012,,
54667,WI,5.76,36818.45,01/28/2012,,
54210,WI,5.52,23185.0,01/28/2012,,
53588,WI,3.55,25265.0,01/28/2012,,
53543,WI,5.376,33028.5,01/28/2012,,
54475,WI,4.08,23000.0,01/28/2012,,
53705,WI,3.52,19500.0,01/17/2012,,
53207,WI,1.96,13385.0,01/17/2012,,
54722,WI,6.24,45144.0,01/17/2012,,
54986,WI,5.64,15957.81,01/17/2012,,
54459,WI,2.88,20500.0,01/17/2012,,
54751,WI,3.226,8440.99,01/17/2012,,
54245,WI,2.296,14370.0,01/17/2012,,
54208,WI,5.98,41615.28,01/17/2012,,
54154,WI,3.15,26750.0,01/17/2012,,
53704,WI,2.4,14634.0,01/17/2012,,
54451,WI,5.92,25598.0,01/17/2012,,
53703,WI,4.5,31690.0,01/17/2012,,
53941,WI,2.0,8297.92,01/17/2012,,
53704,WI,1.92,12484.8,01/17/2012,,
54751,WI,2.4,10000.0,01/17/2012,,
53704,WI,2.296,14997.0,01/17/2012,,
54022,WI,6.75,30208.0,01/17/2012,,
53049,WI,20.58,127944.0,10/19/2012,,
53095,WI,33.12,231674.0,01/30/2012,,
53703,WI,10.0,58687.0,02/28/2012,,
53703,WI,2.88,25560.0,01/30/2012,,
53597,WI,2.688,31534.0,01/30/2012,,
53715,WI,4.32,23968.2,01/30/2012,,
53578,WI,4.2,25724.51,01/30/2012,,
54952,WI,5.28,28590.0,01/30/2012,,
53081,WI,19.95,117604.0,03/29/2012,,
53226,WI,2.688,36868.0,06/29/2012,,
53574,WI,10.12,29095.0,01/30/2012,,
53211,WI,29.4,221273.0,05/29/2012,,
53818,WI,5.0,45540.0,01/30/2012,,
53217,WI,5.28,74719.0,04/03/2012,,
54981,WI,17.28,93900.0,01/02/2012,,
53233,WI,29.4,182559.27,01/30/2012,,
54241,WI,11.28,51547.5,01/30/2012,,
53115,WI,20.0,146800.0,01/02/2012,,
53115,WI,20.0,146800.0,01/02/2012,,
53115,WI,20.0,146800.0,01/02/2012,,
53115,WI,20.0,146800.0,01/02/2012,,
54107,WI,11.28,74212.0,02/28/2012,,
53115,WI,20.0,146800.0,01/30/2012,,
53115,WI,20.0,146800.0,01/30/2012,,
54913,WI,8.64,69750.0,02/28/2012,,
53528,WI,20.24,125629.54,04/03/2012,,
54209,WI,18.36,103900.0,02/28/2012,,
54482,WI,20.916,85900.0,05/01/2012,,
53073,WI,9.12,59814.81,01/30/2012,,
53813,WI,21.5,124226.0,01/02/2012,,
54639,WI,49.92,298870.0,01/30/2012,,
53211,WI,8.1,65000.0,08/29/2012,,
53074,WI,19.8,79200.0,07/30/2012,,
53037,WI,19.78,89180.0,01/30/2012,,
53051,WI,19.78,89096.0,01/30/2012,,
53233,WI,19.95,112733.0,01/30/2012,,
54901,WI,19.9,92855.0,01/30/2012,,
54428,WI,8.64,41860.0,01/30/2012,,
53704,WI,9.36,56743.0,02/19/2012,,
54130,WI,18.8,150000.0,02/28/2012,,
54961,WI,18.4,150000.0,01/02/2012,,
54981,WI,6.11,29493.75,01/30/2012,,
53713,WI,9.8,55175.0,04/03/2012,,
53221,WI,6.72,63652.3,02/28/2012,,
53589,WI,10.32,46646.4,02/28/2012,,
53913,WI,6.3,47524.0,02/28/2012,,
54981,WI,19.74,120000.0,01/30/2012,,
54452,WI,19.2,87900.0,04/17/2012,,
53015,WI,19.98,148851.0,01/30/2012,,
54406,WI,17.8,79514.0,03/29/2012,,
53526,WI,9.856,85400.0,01/02/2012,,
54956,WI,41.16,209746.0,01/30/2012,,
54230,WI,3.71,7878.085279,10/20/2014,,
53511,WI,0.96,2141.006428,03/29/2014,,
53049,WI,3.97,18245.98638,08/11/2014,,
53715,WI,0.8285,4970.366209,10/03/2014,,
54455,WI,20.28,79540.8153,10/15/2014,,
54603,WI,39.75,,12/20/2012,,
54629,WI,9.0,51995.0,04/23/2012,,
54629,WI,8.28,51995.0,08/19/2011,,
53076,WI,2.48,20331.4,10/08/1998,,
53572,WI,3.76,24600.0,06/16/2011,,
54664,WI,5.76,66650.0,01/26/2010,,
53105,WI,5.76,53089.0,01/26/2010,,
54771,WI,3.78,34727.03,01/26/2010,,
53821,WI,3.36,31405.0,01/26/2010,,
53073,WI,2.96,28687.0,01/26/2010,,
54771,WI,2.82,34919.0,01/26/2010,,
54494,WI,11.0,147800.0,01/27/2010,,
53593,WI,3.15,28300.0,01/27/2010,,
53189,WI,28.0,221491.0,01/28/2010,,
53711,WI,12.3,95200.0,01/28/2010,,
53517,WI,7.0,49900.0,01/28/2010,,
53562,WI,19.712,157715.69,01/28/2010,,
54626,WI,3.36,29405.0,01/29/2010,,
53572,WI,7.79,53212.0,02/10/2010,,
53211,WI,14.784,137094.0,02/10/2010,,
53029,WI,15.12,13693.0,02/10/2010,,
53583,WI,38.64,258579.0,02/10/2010,,
54937,WI,3.36,15200.0,02/10/2010,,
53821,WI,6.72,31593.15,02/10/2010,,
54729,WI,3.36,30010.78,02/10/2010,,
53066,WI,5.76,68390.0,02/10/2010,,
53507,WI,6.08,61676.57,02/11/2010,,
53213,WI,2.88,29570.0,02/11/2010,,
53901,WI,11.52,116000.0,02/12/2010,,
54981,WI,9.02,85000.0,02/12/2010,,
53403,WI,36.9,288250.0,02/18/2010,,
53588,WI,8.064,64512.0,02/19/2010,,
53033,WI,28.2,240000.0,02/24/2010,,
53951,WI,10.08,106969.0,02/24/2010,,
54235,WI,4.1,32726.1,02/24/2010,,
54902,WI,3.526,30482.41,03/08/2010,,
53575,WI,10.56,81410.0,03/08/2010,,
54981,WI,17.326,89501.0,03/08/2010,,
54913,WI,17.856,201460.0,03/15/2010,,
53507,WI,2.88,33100.0,03/26/2010,,
54428,WI,2.4,23156.65,04/07/2010,,
53014,WI,2.4,22719.98,04/07/2010,,
54212,WI,2.4,22381.91,04/07/2010,,
53546,WI,6.21,74811.0,04/07/2010,,
53403,WI,5.64,52100.0,04/07/2010,,
54022,WI,3.87,38942.0,04/07/2010,,
53223,WI,7.2,71295.94,04/07/2010,,
53590,WI,5.776,39290.0,04/07/2010,,
54767,WI,12.04,84529.84,04/07/2010,,
54914,WI,19.78,140000.0,04/07/2010,,
54981,WI,6.4,73000.0,04/12/2010,,
54984,WI,2.96,25600.15,04/13/2010,,
53901,WI,8.88,83500.0,04/14/2010,,
54981,WI,7.68,78607.0,04/14/2010,,
53219,WI,10.08,83030.0,05/10/2010,,
53705,WI,10.56,65512.0,05/10/2010,,
54403,WI,1.95,28063.18,05/12/2010,,
54981,WI,19.8,137900.0,05/12/2010,,
53713,WI,9.936,70482.0,05/12/2010,,
54423,WI,6.4,70000.0,05/13/2010,,
54722,WI,8.96,68968.02,05/21/2010,,
53588,WI,2.88,32750.0,05/27/2010,,
53589,WI,1.575,15116.11,06/09/2010,,
54484,WI,1.632,9083.0,06/11/2010,,
54452,WI,19.74,124542.0,06/11/2010,,
54742,WI,2.82,33897.0,06/11/2010,,
53548,WI,18.9,130410.0,06/11/2010,,
53574,WI,8.28,58010.0,06/25/2010,,
54901,WI,6.11,42700.0,06/25/2010,,
53094,WI,19.8,155000.0,06/25/2010,,
53226,WI,14.1,141000.0,06/28/2010,,
53115,WI,19.74,192920.0,06/28/2010,,
53115,WI,19.74,160000.0,06/28/2010,,
53037,WI,20.72,253000.0,06/28/2010,,
53218,WI,11.04,79900.0,06/28/2010,,
53562,WI,9.856,94073.0,07/12/2010,,
53214,WI,5.25,60470.0,07/12/2010,,
53590,WI,10.34,70780.0,07/12/2010,,
53705,WI,6.3,53220.0,07/12/2010,,
53186,WI,14.336,101213.0,07/13/2010,,
53233,WI,31.5,270000.0,07/13/2010,,
53202,WI,10.35,93387.0,07/13/2010,,
53951,WI,10.08,96350.0,07/14/2010,,
53543,WI,5.92,62550.0,07/14/2010,,
54981,WI,2.96,27465.17,07/14/2010,,
54981,WI,19.8,144000.0,07/27/2010,,
54452,WI,13.33,79000.0,07/27/2010,,
53403,WI,18.84,45000.0,07/28/2010,,
53704,WI,3.456,10461.0,07/28/2010,,
54983,WI,3.29,35000.0,08/12/2010,,
54911,WI,2.8,28000.0,08/13/2010,,
54637,WI,2.94,26710.0,08/25/2010,,
54942,WI,12.8,71000.0,08/27/2010,,
53718,WI,2.1,17556.57,09/07/2010,,
53066,WI,49.504,394052.0,09/10/2010,,
53115,WI,19.74,160000.0,09/10/2010,,
53548,WI,10.368,66615.0,09/10/2010,,
53147,WI,19.712,124145.0,09/10/2010,,
53045,WI,17.94,131600.0,09/10/2010,,
53014,WI,3.36,37000.0,09/10/2010,,
53538,WI,19.74,164239.0,09/10/2010,,
54981,WI,7.4,35090.0,09/10/2010,,
53821,WI,1.68,11412.98,09/13/2010,,
54110,WI,9.2,61870.0,09/15/2010,,
54981,WI,10.12,75000.0,09/27/2010,,
53115,WI,19.74,160000.0,09/27/2010,,
53074,WI,19.32,163254.0,09/27/2010,,
53965,WI,5.376,39162.65,09/27/2010,,
53820,WI,19.74,120077.0,09/29/2010,,
53213,WI,11.61,27411.0,10/13/2010,,
53115,WI,19.32,160000.0,10/13/2010,,
54313,WI,15.41,76492.61,10/13/2010,,
53115,WI,19.74,160000.0,10/13/2010,,
54220,WI,37.95,204930.0,10/13/2010,,
53014,WI,12.96,87875.0,10/13/2010,,
53074,WI,10.12,18273.0,10/13/2010,,
53205,WI,14.84,101367.0,10/27/2010,,
54981,WI,7.42,45000.0,10/27/2010,,
53036,WI,19.32,115920.0,10/27/2010,,
53704,WI,18.8,102000.0,10/27/2010,,
53704,WI,39.95,265000.0,10/27/2010,,
53115,WI,20.16,160000.0,10/27/2010,,
53114,WI,7.168,58088.0,10/27/2010,,
53057,WI,20.68,101742.1,10/27/2010,,
54631,WI,3.584,28526.63,10/27/2010,,
53913,WI,8.88,82080.0,11/10/2010,,
53594,WI,3.76,29137.0,11/10/2010,,
53713,WI,9.504,69000.0,11/10/2010,,
53534,WI,12.88,91797.0,11/10/2010,,
54235,WI,3.28,25983.0,11/10/2010,,
53556,WI,19.27,106025.39,11/10/2010,,
53705,WI,3.96,29068.86,11/10/2010,,
54482,WI,5.06,31000.0,11/10/2010,,
53913,WI,3.15,15579.64,11/10/2010,,
54961,WI,7.56,54500.0,11/10/2010,,
54901,WI,2.116,22866.0,11/22/2010,,
53821,WI,13.88,112000.0,11/22/2010,,
54406,WI,3.24,22713.0,11/22/2010,,
53574,WI,5.04,28825.0,11/22/2010,,
53005,WI,11.04,66708.0,11/22/2010,,
54909,WI,11.9,101511.95,11/24/2010,,
54003,WI,4.05,34373.0,12/01/2010,,
54481,WI,3.9,24910.0,12/10/2010,,
53716,WI,8.06,74977.0,12/10/2010,,
54149,WI,16.2,119374.0,12/10/2010,,
53812,WI,20.64,155000.0,12/10/2010,,
53563,WI,13.2,79350.0,12/10/2010,,
54130,WI,5.72,34700.0,12/10/2010,,
53154,WI,21.56,99484.0,12/10/2010,,
53083,WI,8.6,66237.0,12/10/2010,,
53821,WI,3.36,30010.78,12/10/2010,,
53548,WI,1.1,9000.0,12/10/2010,,
54914,WI,5.16,38788.0,12/10/2010,,
53010,WI,11.84,118396.0,12/14/2010,,
53711,WI,4.82,29699.0,12/14/2010,,
53142,WI,5.92,66462.0,12/14/2010,,
53963,WI,20.68,122600.0,12/16/2010,,
54751,WI,11.04,79987.0,12/21/2010,,
53956,WI,20.16,119449.54,12/21/2010,,
54952,WI,5.06,24200.0,12/27/2010,,
54220,WI,273.0,1396405.0,12/28/2010,,
54471,WI,1.8,13000.0,06/21/2004,,
53572,WI,9.02,,10/01/2010,,
53574,WI,5.04,28825.0,10/07/2010,,
54024,WI,1.6,5400.0,05/10/2010,,
54661,WI,8.46,54329.0,12/22/2010,,
54228,WI,2.276,19293.01,11/27/2007,,
54481,WI,6.4,57200,03/26/2009,,
53212,WI,2.1,17900,08/31/2009,,
53227,WI,2.2,29800,09/27/2006,,
54466,WI,3.24,26649.05,12/27/2007,,
54540,WI,4.488,37216,12/27/2007,,
54940,WI,2.8,31029.91,10/28/2008,,
54401,WI,0.22,2293.4,06/28/2005,,
54909,WI,0.6,0.0,09/29/2003,,
53403,WI,36.9,341934,12/31/2008,,
53704,WI,3.328,29392.3,05/23/2007,,
53575,WI,2.05,20692,02/26/2009,,
54913,WI,6.272,58536.68,09/24/2008,,
54154,WI,0.52,2348.82,12/27/2006,,
53704,WI,1.278,9695,03/26/2008,,
54751,WI,1.5,7951.74,12/20/2004,,
54814,WI,0.6,5370.21,07/15/2004,,
53562,WI,4.55,33970,12/27/2006,,
53820,WI,2.08,18095.35,11/05/2007,,
53518,WI,2.16,18754.48,02/28/2008,,
53593,WI,5.8,40560,03/26/2008,,
54202,WI,2.87,26949.98,04/28/2009,,
53219,WI,3.6,22878.43,12/27/2006,,
53558,WI,2.52,21350,08/20/2008,,
54961,WI,4.2,36634.5,12/27/2006,,
54170,WI,1.98,0.0,12/11/2003,,
53105,WI,3.15,26235,07/26/2007,,
54406,WI,0.96,4178,12/05/2002,,
53589,WI,6.8,63175,12/07/2007,,
54165,WI,3.28,21434.92,01/18/2006,,
53597,WI,1.422,11688,06/12/2003,,
53703,WI,2.97,23816,12/19/2008,,
53562,WI,8.64,101010,01/27/2009,,
53066,WI,2.672,30618,10/29/2004,,
54307,WI,2.52,18493.35,04/26/2006,,
53154,WI,2.772,22710,12/26/2008,,
53217,WI,7.36,69500,06/30/2008,,
53516,WI,0.632,10919.48,02/23/2005,,
53562,WI,0.15,1547,09/27/2002,,
54247,WI,2.52,22749.87,04/27/2009,,
53202,WI,5.292,56400,05/23/2008,,
54303,WI,4.8,22025.83,10/26/2007,,
54923,WI,4.42,29800,10/27/2006,,
54481,WI,2.016,19827.04,02/26/2009,,
53704,WI,1.67,12945,02/21/2006,,
54406,WI,2.8,28838.72,04/27/2009,,
53233,WI,2.04,39168.94,06/26/2007,,
54963,WI,2.8,26898.12,12/19/2008,,
53004,WI,11.6,98104.71,10/31/2008,,
53211,WI,18.2,124750,03/27/2007,,
53202,WI,29.52,229133,12/31/2008,,
54451,WI,1.48,14843,08/31/2004,,
54929,WI,2.72,34556,10/28/2008,,
53039,WI,2.66,19712.35,11/29/2005,,
54921,WI,2.16,20497,11/11/2002,,
53704,WI,6.3,57079.25,03/26/2009,,
54862,WI,1.05,16686,02/27/2007,,
53711,WI,3.872,33621,12/31/2008,,
54909,WI,2.004,20081.11,12/27/2005,,
54915,WI,3.04,21148.7,01/18/2006,,
53951,WI,2.672,25844.75,04/24/2006,,
53703,WI,9.675,77787,10/28/2008,,
53517,WI,2.672,26826,03/20/2004,,
53717,WI,6.56,50550,11/25/2008,,
54956,WI,3.06,24102,06/26/2007,,
53545,WI,1.1,15478.21,12/05/2003,,
54138,WI,5.2,38031.5,09/27/2007,,
53086,WI,2.72,23463,09/27/2006,,
54455,WI,1.56,19953.4,09/27/2006,,
53209,WI,1.62,16707,05/23/2008,,
54302,WI,4.752,37091.88,01/30/2009,,
53597,WI,0.632,4500,10/27/2006,,
53037,WI,4.2,34328,08/29/2006,,
54858,WI,5.76,58650,08/20/2008,,
53546,WI,3.6,30699,01/28/2009,,
53901,WI,2.84,22935,10/15/2002,,
53211,WI,8.016,59730,11/29/2004,,
54171,WI,1.44,10808.91,01/30/2006,,
54307,WI,2.4,22212.26,02/28/2008,,
54929,WI,2.8,28018.24,12/21/2007,,
53115,WI,19.74,157300,02/08/2010,,
53545,WI,2,18850,03/26/2009,,
53582,WI,2.72,25152,05/25/2006,,
54104,WI,2,13589.5,05/01/2004,,
53004,WI,2,17979.31,10/17/2003,,
53593,WI,3.36,37253.56,11/26/2007,,
53156,WI,10.5,75000,06/26/2008,,
53711,WI,3.24,31470,11/24/2008,,
53572,WI,11.52,118080,03/27/2009,,
54177,WI,0.96,13731.47,02/15/2003,,
53202,WI,11.648,95455,04/26/2007,,
53208,WI,2.8,24700,01/24/2008,,
54562,WI,3.28,24248.55,02/26/2009,,
53503,WI,2.8,29746.59,11/29/2006,,
53186,WI,13.68,107184,02/26/2009,,
54915,WI,1.52,17888,12/21/2007,,
54406,WI,7.38,50647.81,04/28/2009,,
53075,WI,7.38,56975,12/19/2008,,
54406,WI,2.8,25623.03,05/23/2008,,
53151,WI,3.85,27225.55,10/24/2006,,
54426,WI,5.12,0.0,09/03/2003,,
54501,WI,1.75,10488.45,01/29/2007,,
54481,WI,2.88,29274.07,01/27/2009,,
53717,WI,6.98,60904.62,03/26/2009,,
53704,WI,2.47,17683.31,05/23/2007,,
53713,WI,1.792,18830,08/20/2008,,
53151,WI,4.92,38000,11/25/2008,,
53132,WI,1.62,15000,03/23/2007,,
54103,WI,0.36,4678.73,01/28/2005,,
54155,WI,1.62,16769.75,01/10/2008,,
54235,WI,5.46,43179.04,10/25/2006,,
53558,WI,5.74,46910,02/26/2009,,
53533,WI,2.88,32622.06,11/25/2008,,
54171,WI,1.44,24578.28,12/28/2002,,
54307,WI,2.4,24285.56,02/28/2008,,
53094,WI,7.128,39999,12/26/2008,,
53559,WI,1.6,10771.55,09/27/2007,,
54170,WI,3.4,27483,07/21/2008,,
53555,WI,4.509,31482,03/06/2006,,
54527,WI,1.4,14141.39,10/25/2003,,
54217,WI,2.88,28977.9,07/21/2008,,
53713,WI,1.155,8026.44,08/04/2005,,
54004,WI,0.285,0.0,09/26/2003,,
54940,WI,2.8,26632.73,01/29/2007,,
54471,WI,2.088,18270,06/29/2004,,
53132,WI,2.8,23629,07/26/2007,,
53506,WI,0.504,2985,10/29/2004,,
53507,WI,15.12,0.0,07/29/2008,,
53575,WI,2.64,24888.92,08/16/2004,,
53705,WI,3.24,26230,09/29/2008,,
53560,WI,5.824,39227.88,01/27/2009,,
54601,WI,3,23545,11/29/2006,,
54521,WI,1,9189.98,01/07/2003,,
54911,WI,1.2,0.0,09/17/2003,,
54162,WI,4.32,39486,12/19/2008,,
53115,WI,12.5,94000,07/31/2009,,
54665,WI,1.52,14967,10/26/2007,,
54511,WI,1.248,19398.4,05/22/2006,,
54115,WI,2.7,22034.28,06/30/2008,,
54913,WI,3.96,31180,01/28/2009,,
54854,WI,1.75,10767.04,07/27/2006,,
54628,WI,3.24,26313.16,02/26/2009,,
54891,WI,2.672,19731.41,08/01/2004,,
53147,WI,1.04,14766.78,10/24/2006,,
54621,WI,10.4,101459.35,02/26/2009,,
53040,WI,4.488,35890,07/23/2008,,
54216,WI,2,26690.54,01/18/2006,,
53704,WI,10,96305,02/26/2009,,
54307,WI,2.4,24761.8,02/28/2008,,
54956,WI,19.55,169707,03/26/2008,,
53188,WI,5.25,39000,06/26/2007,,
54406,WI,2.528,0.0,09/23/2003,,
53546,WI,3.6,30699,01/26/2009,,
54981,WI,2.88,24599.34,06/30/2008,,
54847,WI,3.6,43149.22,07/23/2008,,
53211,WI,2.8,26125,11/28/2007,,
53559,WI,7.776,96604,11/26/2008,,
54210,WI,1.845,19823.45,04/27/2009,,
54981,WI,5.6,56295.58,09/27/2007,,
54956,WI,2.16,22481.62,04/15/2003,,
54201,WI,1,10550,07/15/2003,,
54481,WI,3.3,28500.32,06/15/2005,,
54426,WI,3.4,29936.68,07/28/2006,,
53714,WI,1.53,0.0,06/28/2006,,
53951,WI,4.68,37050,12/19/2008,,
53704,WI,1.706,18635,09/25/2008,,
54981,WI,2.8,27894.06,11/25/2008,,
53716,WI,1.75,15050,06/26/2007,,
54521,WI,1,15000,04/16/2007,,
53217,WI,2.47,19770,10/16/2006,,
53943,WI,5.6,49500,06/28/2006,,
54667,WI,6.97,53385,01/26/2009,,
53711,WI,1.05,8800,08/20/2008,,
53218,WI,1.7,13075,08/24/2006,,
53704,WI,0.85,4163.53,10/28/2008,,
53704,WI,1.278,13595,02/28/2008,,
54557,WI,0.25,2112.4,10/27/2005,,
54126,WI,3.12,32460,04/28/2008,,
53704,WI,1.7,18562,05/23/2007,,
54601,WI,0.48,0.0,12/07/2003,,
53210,WI,4.1,37241.5,03/27/2009,,
54601,WI,29,236782,07/23/2008,,
54229,WI,2.72,18982.36,10/05/2006,,
53588,WI,3.198,35880,07/26/2007,,
53073,WI,6.3,49500,02/28/2008,,
53959,WI,4.2,26918.52,09/27/2006,,
53073,WI,2.1,16776.62,03/27/2007,,
53189,WI,3.42,24354.37,06/28/2006,,
53204,WI,12.96,100904,12/23/2008,,
54481,WI,7.56,63204.44,03/26/2009,,
53144,WI,10.5,88500,10/30/2007,,
54481,WI,2.4,17700.01,10/24/2006,,
54981,WI,5.04,39847.2,10/26/2007,,
53202,WI,1.8,28494.48,05/23/2008,,
53533,WI,2.72,21500,01/29/2007,,
54965,WI,3.06,25592,04/25/2006,,
53713,WI,9.84,87585,11/25/2008,,
53575,WI,2.73,19704.33,02/26/2007,,
53523,WI,0.96,8216.66,03/26/2008,,
54742,WI,0.7,4821.88,08/20/2008,,
54542,WI,1.25,21253,08/29/2005,,
53222,WI,10.71,102957,11/26/2007,,
54411,WI,1.925,15687,08/27/2007,,
53719,WI,2,17735,07/26/2007,,
54876,WI,0.72,5117.71,10/22/2003,,
53533,WI,3.24,31055,04/28/2009,,
54891,WI,2.88,28112,12/27/2007,,
54909,WI,2.16,17435,11/15/2002,,
53147,WI,10,97100,12/26/2008,,
53719,WI,2.7,24175,11/21/2008,,
53705,WI,2.6,19690,11/17/2006,,
53529,WI,4.51,36550,04/27/2009,,
54115,WI,1.5,14500,11/21/2008,,
53597,WI,3.006,27622,09/28/2005,,
54742,WI,4.32,35900,10/28/2008,,
53713,WI,2.1,21895,08/27/2007,,
54893,WI,2.88,42316,08/27/2007,,
53118,WI,6.3,49230,01/29/2008,,
54909,WI,0.375,3582.53,09/24/2004,,
54141,WI,26.13,264605,04/28/2009,,
54891,WI,2.16,19923.68,10/26/2007,,
54542,WI,0.668,11585,07/15/2005,,
53715,WI,1.68,17475,01/24/2008,,
53516,WI,1.5,20000,10/19/2006,,
53566,WI,0.51,7336,11/29/2004,,
53570,WI,2.22,0.0,01/08/2004,,
54406,WI,0.96,0.0,10/26/2005,,
53590,WI,7.56,64277,01/26/2009,,
54515,WI,1.575,18228,12/26/2008,,
53711,WI,3.5,30360,11/27/2007,,
53913,WI,3.006,26250,07/21/2008,,
54481,WI,5.056,68745.29,08/03/2004,,
54521,WI,0.66,4498.46,05/11/2003,,
53572,WI,2.45,20596,06/28/2006,,
53105,WI,15.99,121102.57,07/21/2008,,
54742,WI,1.11,13150,09/01/2004,,
54665,WI,3.5,24646,05/23/2007,,
54119,WI,1.336,22056.39,06/22/2005,,
54891,WI,2.8,26251.62,06/30/2008,,
53713,WI,6.12,43798,03/22/2006,,
54827,WI,1.476,19064.57,03/24/2006,,
53948,WI,0.36,1467.51,09/28/2005,,
53233,WI,9.975,77995,02/28/2008,,
53951,WI,5.76,64345,11/25/2008,,
54481,WI,4.16,32279.25,12/27/2006,,
54452,WI,2.672,23673.7,10/05/2005,,
53005,WI,8.4,74910,06/26/2008,,
54406,WI,2.528,21705.99,05/19/2004,,
53105,WI,11.96,88855.27,06/29/2006,,
53171,WI,10.01,74610,09/28/2006,,
53581,WI,8.64,87350,11/26/2008,,
54914,WI,2.46,26150.32,07/21/2008,,
54896,WI,6.24,50886,08/27/2007,,
54540,WI,2.16,29437.57,12/27/2007,,
54875,WI,1.44,0.0,09/05/2003,,
53718,WI,9.984,81320,03/26/2008,,
53562,WI,1.32,20000,10/19/2006,,
54875,WI,2.16,29646,09/03/2002,,
53704,WI,3.15,26860,11/26/2007,,
53717,WI,8.4,59215,06/26/2007,,
53086,WI,0.48,4349.43,03/07/2003,,
54858,WI,5.6,58000,01/10/2008,,
53012,WI,4.16,34720,04/28/2008,,
53014,WI,10.8,82873,11/05/2007,,
54156,WI,1.85,18785.49,12/30/2003,,
53703,WI,2.64,21456.44,07/26/2007,,
53105,WI,0.7,4875,06/26/2008,,
53095,WI,2.6,29963.06,10/27/2006,,
54235,WI,1.25,12797.15,02/21/2006,,
53154,WI,2.528,19689.86,10/14/2005,,
54981,WI,2.88,27082.53,09/24/2008,,
54022,WI,3.12,48712,08/15/2008,,
53204,WI,6.48,64759,12/26/2008,,
54830,WI,4.32,36000,07/23/2008,,
53223,WI,5.4,53781.61,05/23/2008,,
53215,WI,3.328,29300,09/27/2007,,
54914,WI,3.2,34629,11/26/2007,,
54548,WI,2.16,18188.99,06/26/2008,,
54501,WI,1.872,22390.77,01/29/2007,,
53014,WI,7.2,65180,11/05/2007,,
54107,WI,5.1,44069,01/26/2009,,
53913,WI,3.6,28750,11/21/2008,,
53703,WI,9.936,88430,06/26/2008,,
54968,WI,6.012,43511.84,01/18/2006,,
54406,WI,2.672,22107.93,12/22/2004,,
53711,WI,3.675,24690,10/24/2006,,
54814,WI,1,14017.9,02/16/2004,,
54909,WI,5.344,43609.6,01/18/2006,,
53913,WI,1.8,20512.86,01/24/2008,,
54909,WI,8.4,77412.75,12/21/2007,,
54452,WI,0.256,0.0,10/03/2003,,
53593,WI,5.04,45695,08/22/2008,,
53551,WI,4.32,42190,07/21/2008,,
54406,WI,1.04,9921.53,12/11/2007,,
54481,WI,2.72,23478.84,04/25/2006,,
53951,WI,11.52,116920,11/25/2008,,
53704,WI,1.1,6171,10/29/2003,,
54960,WI,3.06,28555,11/26/2007,,
53151,WI,4.2,33200,07/26/2007,,
54981,WI,2.672,36738.8,01/23/2006,,
53713,WI,3.15,26220,06/26/2008,,
53901,WI,8.4,89917.78,06/27/2003,,
53705,WI,2.52,22830,01/10/2008,,
53190,WI,6.24,55710,08/24/2007,,
53562,WI,1.92,15260,09/25/2008,,
54209,WI,1.65,15539,06/03/2004,,
54234,WI,2.8,0.0,01/17/2004,,
54986,WI,1.8,13958.02,12/27/2006,,
53943,WI,7.2,67300,12/26/2008,,
53925,WI,5.056,34214,05/24/2004,,
54909,WI,0.249,2229.79,02/18/2004,,
53588,WI,6.24,49986,07/27/2007,,
54944,WI,5.344,48480.39,03/20/2006,,
54865,WI,1.872,18913.5,12/11/2007,,
53518,WI,4.76,47243.86,11/25/2008,,
54307,WI,2.4,32707.44,01/27/2009,,
53597,WI,0.632,3455,01/27/2009,,
53716,WI,4.51,36950,04/28/2009,,
53963,WI,5.6,62500,11/05/2007,,
54130,WI,4.92,45660,03/26/2009,,
54940,WI,2.524,21888.38,11/04/2003,,
53015,WI,2.88,29650,07/21/2008,,
53151,WI,3.24,21700,08/20/2008,,
53402,WI,11,92461,10/24/2006,,
53572,WI,11.52,118080,01/27/2009,,
53076,WI,2.48,20331.4,01/28/2009,,
54909,WI,2.8,24495.49,10/19/2006,,
53555,WI,4.51,35180,08/20/2008,,
53714,WI,1.58,12650,02/21/2005,,
53551,WI,10,90155,12/06/2007,,
53711,WI,1.336,11630,12/14/2004,,
53086,WI,1.32,13706.3,02/26/2007,,
53704,WI,0.9,10000,11/25/2008,,
54235,WI,3.456,60563.5,10/28/2008,,
53715,WI,1.75,15275,06/26/2007,,
54481,WI,4.2,29155.93,09/27/2006,,
53205,WI,10.8,76900,10/28/2008,,
53593,WI,2.88,35987.5,10/31/2008,,
54452,WI,2.6,26214.91,08/24/2006,,
53716,WI,2.414,22500,08/24/2007,,
53149,WI,3.85,25500,01/29/2007,,
54406,WI,2.528,19670.95,07/22/2004,,
54406,WI,2.5,18585,11/15/2002,,
53959,WI,3.584,35650.58,04/27/2009,,
53073,WI,1.17,18873.86,12/27/2006,,
53211,WI,3.5,25845.63,01/29/2007,,
53551,WI,2.6,29931.41,03/23/2007,,
53714,WI,2.16,18541.63,03/23/2007,,
54830,WI,0.51,5318.1,09/28/2005,,
53704,WI,1.11,3936.74,06/02/2004,,
53546,WI,5.6,37719.83,02/26/2009,,
53520,WI,5.76,59190,12/22/2009,,
53503,WI,0.48,5527.09,04/18/2003,,
53573,WI,5.76,57060,10/28/2008,,
54406,WI,1.14,3095.86,02/15/2004,,
53704,WI,2.1,18750,07/21/2008,,
53726,WI,3.328,26846.64,01/27/2009,,
53704,WI,2.528,15680.11,05/23/2005,,
54742,WI,2.88,20983,09/27/2007,,
54615,WI,5.76,58625,04/27/2009,,
53711,WI,3.136,29160,05/23/2007,,
54843,WI,1.44,15530,08/21/2008,,
54548,WI,0.48,1006,07/07/2003,,
53213,WI,2.04,17755,05/23/2007,,
54529,WI,1.8,22250,07/25/2006,,
53703,WI,1.376,11630.5,01/18/2006,,
53704,WI,4.008,31000,01/30/2006,,
53144,WI,2.82,28035,03/15/2010,,
53715,WI,1.845,16795,09/25/2008,,
54956,WI,3.6,31500,12/21/2007,,
53072,WI,4.424,41009.36,07/14/2003,,
53704,WI,2.5,16720.3,03/04/2004,,
54481,WI,3.24,24974.31,09/26/2008,,
53583,WI,2.6,22029.77,04/28/2009,,
53913,WI,3.15,23980,06/26/2008,,
53528,WI,5.535,39995,09/24/2008,,
53518,WI,5.04,53409.57,07/31/2008,,
53821,WI,17.28,229507.81,01/27/2009,,
53593,WI,1.896,22056.43,10/29/2004,,
53596,WI,1.04,17617.31,12/27/2006,,
53711,WI,5.76,57875,07/21/2008,,
54407,WI,5.6,55149.07,07/26/2007,,
53711,WI,6.3,58638.37,03/26/2009,,
54307,WI,2.4,28627.32,01/27/2009,,
54983,WI,5.6,56875.95,01/29/2007,,
53916,WI,3.06,25245.1,05/23/2008,,
54403,WI,2.672,0.0,12/26/2003,,
54981,WI,10,64500,07/26/2007,,
53581,WI,15.4,151900,02/28/2008,,
53562,WI,3.69,33929,02/26/2009,,
53150,WI,2.88,25840,08/20/2008,,
54981,WI,2.8,27414,09/27/2007,,
53172,WI,2.16,23700,06/26/2007,,
53522,WI,0.48,8349.14,05/07/2002,,
53226,WI,3.72,30760,12/26/2008,,
54406,WI,2.528,25129.85,07/20/2005,,
53532,WI,2.88,22417.5,03/27/2009,,
53716,WI,3.06,35243,05/23/2008,,
53146,WI,2.1,20693.93,07/26/2007,,
53704,WI,1.837,13495.6,10/27/2005,,
53115,WI,12.096,99600,07/29/2008,,
53066,WI,3.15,25170,09/27/2007,,
53821,WI,2.72,35416.76,11/26/2008,,
53042,WI,1.62,18900,12/26/2008,,
53402,WI,6.88,53900,06/30/2008,,
53951,WI,11.2,105906,10/26/2007,,
54926,WI,2.88,29837.73,07/21/2008,,
53588,WI,5.4,49238,04/28/2009,,
53120,WI,2.88,31225,01/27/2009,,
54154,WI,0.48,0.0,09/09/2003,,
53120,WI,3.36,27340,06/26/2007,,
53207,WI,7.7,63079,09/27/2007,,
54740,WI,4.16,31500,11/29/2007,,
54637,WI,2.94,26710,04/22/2010,,
54307,WI,4.2,65425.62,10/29/2007,,
53703,WI,25.2,265101,09/29/2008,,
53562,WI,6.012,41320,10/30/2007,,
54701,WI,1.17,13151.25,05/23/2007,,
53066,WI,3.465,39260,12/26/2008,,
54703,WI,1.085,9400,05/27/2008,,
53704,WI,1.575,13250,01/29/2007,,
54452,WI,7.2,48658,08/29/2006,,
53095,WI,3.08,17883.97,06/28/2004,,
54022,WI,0.74,5632,05/06/2004,,
53202,WI,4.26,37989,07/26/2007,,
53051,WI,3.674,28743,12/25/2004,,
53704,WI,1.87,12970,04/25/2006,,
53072,WI,1.896,12768.23,11/29/2006,,
53711,WI,2.8,23449,04/25/2006,,
53528,WI,10,84500,10/26/2007,,
53719,WI,19.04,125000,04/26/2007,,
53538,WI,10.082,76338,03/27/2007,,
53126,WI,2,18446.79,04/15/2005,,
54401,WI,0.207,0.0,09/15/2003,,
54426,WI,2.6,31404.19,02/28/2008,,
53188,WI,7.35,50139,04/24/2006,,
53589,WI,4.32,37125,02/26/2009,,
54210,WI,3.12,28743.48,06/28/2006,,
54149,WI,6.08,50360,09/24/2008,,
54406,WI,2.672,22879.44,12/09/2005,,
54217,WI,3.64,37250,12/27/2006,,
54406,WI,2.8,27215.32,07/26/2007,,
54956,WI,11.5,80907.56,03/28/2008,,
54981,WI,11.76,77170.72,04/27/2009,,
54307,WI,2.4,24993.04,02/28/2008,,
53703,WI,2.2,13249,01/10/2003,,
54847,WI,2.72,23147.84,07/28/2006,,
53188,WI,3.74,26180,12/23/2008,,
54481,WI,5.6,53896.16,06/27/2007,,
53105,WI,2.688,28000,12/10/2009,,
53593,WI,1.896,11640.14,08/30/2006,,
54303,WI,1.5,16159.44,10/25/2006,,
53029,WI,0.66,6616.2,11/18/2002,,
53150,WI,2.7,17800,06/30/2008,,
54307,WI,2.4,28791.66,01/26/2009,,
54909,WI,5.6,52335.52,06/26/2007,,
54401,WI,0.22,1008,10/29/2004,,
53717,WI,2.844,0.0,02/27/2003,,
53126,WI,2.64,0.0,07/23/2003,,
53080,WI,4.2,38390.5,06/28/2005,,
54603,WI,0.48,5667,12/15/2002,,
54981,WI,30,232067,04/28/2008,,
53523,WI,1.503,18893,10/18/2005,,
54403,WI,1.002,15454,06/22/2005,,
54156,WI,0.72,6979,09/28/2003,,
54742,WI,6.48,47423.45,05/23/2008,,
54130,WI,5.74,51775,10/28/2008,,
54421,WI,9.8,76959,04/28/2008,,
53716,WI,2.52,23618.65,12/26/2008,,
53151,WI,1.728,17700,02/02/2009,,
53402,WI,16.15,131585,08/08/2007,,
54909,WI,5.6,50608.69,11/07/2006,,
54307,WI,2.52,16859.44,04/26/2006,,
54406,WI,1.146,6343.15,12/20/2004,,
54913,WI,2.16,20535,08/14/2002,,
54865,WI,2.8,40033.15,02/26/2009,,
54307,WI,9.6,75062.07,06/07/2005,,
53913,WI,11.52,114920,11/25/2008,,
54130,WI,2.88,30660,01/28/2009,,
53704,WI,1.278,12345,12/21/2007,,
54501,WI,1.485,11492.56,12/27/2006,,
53913,WI,3.74,33573.1,07/21/2008,,
54201,WI,2.7,25700,12/23/2008,,
54658,WI,0.52,5341.83,03/27/2007,,
54426,WI,5.2,58684.38,08/24/2006,,
53713,WI,2.1,17269,04/28/2008,,
54121,WI,0.36,5435.08,01/28/2005,,
54827,WI,0.15,2776,07/22/2004,,
53039,WI,5.33,48250,03/26/2009,,
54915,WI,2.38,22062,07/24/2008,,
53221,WI,10,89759,08/24/2007,,
54552,WI,1.503,25713.45,01/18/2006,,
53208,WI,2.24,24530,10/28/2008,,
54209,WI,1.8,15559.05,07/18/2004,,
54940,WI,4.08,33703,06/30/2008,,
53711,WI,1.62,11564.65,12/26/2008,,
54501,WI,2.8,19844,06/13/2003,,
54481,WI,2.25,21762.45,04/04/2004,,
53597,WI,0.316,1875,09/03/2004,,
53222,WI,4.305,35130,08/20/2008,,
53522,WI,0.68,5600,11/29/2006,,
53014,WI,18,163372,01/30/2008,,
53502,WI,3.74,23978.51,04/13/2006,,
53916,WI,2.55,18787,05/22/2006,,
53711,WI,2.88,25162.33,11/25/2008,,
53717,WI,3.96,31250,01/29/2009,,
54423,WI,3.792,26681.78,11/17/2003,,
53115,WI,12.1,97000,06/26/2008,,
53705,WI,1.76,10400,06/14/2004,,
53558,WI,3.674,25598,01/18/2006,,
53105,WI,3.744,43204.51,01/29/2007,,
53027,WI,1.62,15347,10/26/2007,,
53711,WI,6.012,39495,10/24/2005,,
53703,WI,2.564,21768,09/29/2008,,
53716,WI,4.55,29934,04/26/2007,,
54481,WI,2.34,19137.12,05/23/2008,,
53147,WI,10,97000,12/20/2008,,
53704,WI,5.4,45067,05/29/2009,,
53703,WI,3.6,25733,04/28/2005,,
54452,WI,2.672,23189.72,12/12/2005,,
54810,WI,1.4,13939.87,11/25/2008,,
54154,WI,0.5,2040.08,04/22/2005,,
53066,WI,7.7,53851.64,01/29/2007,,
53207,WI,20,189860,06/30/2008,,
53555,WI,5.04,35905.0,01/26/2010,,
53726,WI,4.62,36595.0,01/26/2010,,
54751,WI,3.87,39621,01/26/2010,,
53711,WI,4.48,32102.06,01/27/2010,,
54872,WI,4.05,37488.0,01/27/2010,,
54426,WI,2.856,25451.0,01/29/2010,,
54449,WI,2.176,15716.0,01/29/2010,,
54449,WI,2.176,17838.0,01/29/2010,,
53703,WI,1.68,13133.0,01/29/2010,,
53527,WI,2.05,18510.0,02/11/2010,,
53074,WI,1.64,17690.0,02/11/2010,,
53074,WI,1.64,17690.0,02/11/2010,,
53805,WI,11.2,83965.0,02/12/2010,,
53105,WI,10.08,75150.0,02/12/2010,,
53703,WI,6.838,63684.0,02/12/2010,,
54481,WI,2.1,16500.0,02/12/2010,,
54235,WI,1.56,8592.98,02/12/2010,,
53925,WI,1.26,12620.0,02/17/2010,,
53142,WI,3.024,23280.0,02/24/2010,,
53575,WI,2.992,19990.0,02/24/2010,,
53575,WI,0.92,6710.0,02/24/2010,,
53206,WI,1.575,12443.0,02/24/2010,,
53206,WI,1.575,12443.0,02/24/2010,,
53206,WI,1.575,12443.0,02/24/2010,,
53206,WI,1.575,12443.0,02/24/2010,,
53403,WI,4.2,44540.0,03/10/2010,,
53212,WI,2.1,17955.0,03/15/2010,,
54313,WI,10.12,75482.0,03/15/2010,,
53039,WI,3.85,39500.0,03/15/2010,,
53566,WI,3.15,30450.0,03/15/2010,,
54401,WI,2.856,21904.0,03/15/2010,,
54403,WI,1.632,15254.0,03/15/2010,,
53149,WI,13.63,85000.0,03/25/2010,,
54247,WI,5.184,45070.0,03/25/2010,,
53718,WI,5.04,34630.0,03/25/2010,,
54601,WI,4.928,41943.0,03/25/2010,,
53715,WI,2.05,9273.25,03/25/2010,,
53703,WI,5.875,44217.5,03/26/2010,,
53588,WI,8.064,64512.0,04/12/2010,,
54494,WI,4.2,27000.0,04/13/2010,,
53533,WI,5.06,35420.0,04/13/2010,,
53528,WI,5.376,36387.3,04/13/2010,,
53521,WI,5.04,44370.0,04/13/2010,,
54204,WI,4.23,32076.0,04/13/2010,,
53037,WI,3.024,23280.0,04/13/2010,,
53533,WI,3.12,26628.47,04/13/2010,,
53581,WI,15.51,106085.0,04/14/2010,,
53711,WI,9.66,64385.0,04/28/2010,,
54750,WI,1.0,9440.0,04/28/2010,,
53925,WI,1.38,9660.0,04/28/2010,,
53593,WI,11.34,76470.0,04/28/2010,,
54022,WI,6.75,50340.38,04/28/2010,,
53705,WI,6.84,60734.0,04/28/2010,,
53073,WI,5.64,35562.5,04/28/2010,,
53092,WI,5.04,36850.0,04/28/2010,,
53185,WI,3.78,26900.0,04/28/2010,,
53705,WI,1.29,7042.0,04/28/2010,,
54646,WI,0.54,3046.17,04/28/2010,,
53536,WI,6.21,40225.04,05/13/2010,,
54913,WI,6.11,39408.0,05/13/2010,,
54456,WI,4.08,30940.0,05/13/2010,,
53142,WI,3.024,24000.0,05/13/2010,,
53597,WI,3.29,22442.0,05/13/2010,,
53705,WI,1.84,18890.0,05/13/2010,,
53715,WI,12.69,85349.01,05/13/2010,,
54022,WI,4.14,36362.0,05/13/2010,,
54947,WI,2.52,18871.0,05/27/2010,,
53147,WI,9.4,71533.0,05/27/2010,,
54652,WI,8.0,61857.32,05/27/2010,,
54521,WI,5.04,46017.26,05/27/2010,,
53704,WI,0.525,3150.0,05/27/2010,,
53150,WI,12.925,95175.0,06/02/2010,,
53716,WI,2.1,13800.0,06/10/2010,,
54665,WI,4.48,28371.65,06/10/2010,,
53705,WI,4.05,33349.0,06/10/2010,,
54417,WI,3.36,27167.0,06/14/2010,,
54481,WI,1.8,12000.0,06/28/2010,,
53121,WI,1.41,11326.0,06/28/2010,,
53916,WI,5.94,37998.09,06/28/2010,,
54759,WI,2.96,31900.37,06/28/2010,,
54126,WI,3.6,28442.0,06/28/2010,,
53072,WI,7.755,49236.0,07/14/2010,,
53719,WI,6.11,38402.0,07/14/2010,,
54913,WI,6.11,39175.0,07/14/2010,,
54235,WI,1.84,14564.28,07/14/2010,,
54421,WI,2.96,19645.44,07/14/2010,,
54101,WI,14.1,74025.0,07/28/2010,,
53562,WI,4.83,30300.0,07/28/2010,,
53188,WI,3.08,23280.0,07/28/2010,,
53704,WI,3.15,14019.51,07/28/2010,,
54930,WI,2.22,13858.52,07/28/2010,,
53538,WI,1.704,15450.19,07/28/2010,,
53536,WI,1.15,7894.88,07/28/2010,,
54529,WI,3.76,24600.0,07/29/2010,,
54751,WI,10.92,73649.0,08/12/2010,,
53582,WI,11.28,70916.0,08/13/2010,,
53118,WI,12.42,86054.0,08/26/2010,,
53536,WI,10.34,69745.0,08/26/2010,,
54738,WI,9.72,41720.0,08/26/2010,,
53014,WI,7.65,48000.0,08/26/2010,,
53521,WI,6.3,41805.0,08/26/2010,,
54937,WI,4.5,28074.0,08/26/2010,,
53546,WI,2.2,14000.0,08/26/2010,,
53719,WI,19.74,156756.0,08/26/2010,,
53719,WI,19.74,145313.48,08/26/2010,,
53406,WI,3.01,29566.0,08/26/2010,,
54661,WI,3.36,25900.0,08/27/2010,,
54449,WI,2.176,16000.0,08/27/2010,,
53703,WI,9.945,93367.0,08/27/2010,,
53703,WI,9.66,91830.0,08/27/2010,,
54962,WI,5.92,36000.0,09/13/2010,,
54130,WI,5.98,40900.0,09/13/2010,,
53137,WI,5.64,40910.0,09/13/2010,,
53716,WI,5.805,29000.0,09/13/2010,,
54966,WI,4.2,26400.0,09/13/2010,,
53705,WI,4.6,32700.0,09/13/2010,,
53925,WI,2.82,20244.0,09/13/2010,,
53704,WI,2.3,13209.0,09/13/2010,,
53923,WI,1.72,12556.0,09/13/2010,,
54956,WI,5.4,27507.0,09/13/2010,,
54913,WI,3.24,24293.0,09/13/2010,,
53968,WI,4.48,34390.72,09/14/2010,,
54552,WI,5.64,41003.82,09/15/2010,,
53704,WI,9.4,63750.0,09/15/2010,,
54110,WI,9.2,61870.0,09/15/2010,,
53556,WI,17.82,150452.0,09/27/2010,,
53078,WI,8.28,55973.0,09/27/2010,,
54130,WI,3.04,19565.0,09/27/2010,,
53717,WI,2.1,16810.0,09/27/2010,,
53703,WI,9.936,94239.0,09/27/2010,,
54634,WI,12.6,72450.0,10/15/2010,,
53506,WI,6.72,46367.0,10/15/2010,,
53221,WI,4.9,32327.0,10/15/2010,,
53548,WI,4.3,20199.01,10/15/2010,,
53562,WI,3.87,24963.0,10/15/2010,,
54935,WI,3.87,28063.0,10/15/2010,,
54481,WI,2.1,12100.0,10/15/2010,,
54772,WI,1.84,15279.37,10/15/2010,,
53589,WI,5.17,28979.0,10/15/2010,,
53954,WI,5.04,39160.0,10/15/2010,,
53095,WI,1.47,13965.0,10/15/2010,,
53005,WI,14.1,87000.0,10/27/2010,,
54956,WI,11.04,61254.36,10/27/2010,,
54960,WI,6.84,41000.0,10/27/2010,,
54949,WI,5.92,35900.0,10/27/2010,,
54956,WI,5.64,45150.0,10/27/2010,,
54494,WI,4.86,26680.0,10/27/2010,,
54986,WI,4.3,28780.0,10/27/2010,,
53208,WI,3.055,22500.0,10/27/2010,,
53711,WI,2.76,23232.0,10/27/2010,,
53726,WI,2.3,14975.0,10/27/2010,,
53566,WI,3.29,25559.0,11/02/2010,,
53516,WI,8.82,65747.6,11/10/2010,,
53076,WI,7.392,61400.0,11/10/2010,,
53037,WI,2.94,23280.0,11/10/2010,,
53037,WI,2.94,23280.0,11/10/2010,,
53037,WI,2.94,23280.0,11/10/2010,,
53074,WI,2.94,29100.0,11/10/2010,,
54452,WI,3.264,21604.0,11/10/2010,,
54208,WI,2.376,12013.67,11/10/2010,,
54161,WI,1.32,11880.0,11/10/2010,,
54655,WI,1.12,5485.16,11/10/2010,,
53533,WI,11.04,80730.0,11/30/2010,,
54026,WI,10.32,85725.0,11/30/2010,,
53566,WI,6.93,52140.0,11/30/2010,,
53925,WI,6.075,42140.0,11/30/2010,,
53545,WI,2.15,22215.0,11/30/2010,,
53959,WI,6.075,40350.0,11/30/2010,,
53118,WI,15.98,98180.0,12/14/2010,,
54632,WI,11.04,73350.0,12/14/2010,,
54665,WI,5.4,55133.0,12/14/2010,,
54412,WI,2.112,15247.26,12/14/2010,,
54727,WI,1.68,14830.0,12/14/2010,,
54013,WI,2.52,18450.0,12/14/2010,,
53704,WI,1.38,10182.54,12/14/2010,,
54751,WI,3.68,42618.0,12/15/2010,,
54952,WI,1.64,8650.0,12/15/2010,,
53713,WI,9.84,78754,10/29/2009,,
53074,WI,1.64,17690,12/29/2009,,
54914,WI,4.725,31182,11/12/2009,,
53211,WI,14.76,140862,08/27/2009,,
54644,WI,2.464,19588,12/29/2009,,
54406,WI,2.88,27826.59,11/30/2009,,
54738,WI,7.35,51274.63,07/30/2009,,
54660,WI,5.25,44741.34,09/30/2009,,
54165,WI,5.64,49500,09/30/2009,,
53059,WI,4.6,51425,12/30/2009,,
54208,WI,4.92,42970.15,09/29/2009,,
54466,WI,2.88,25326.45,09/29/2009,,
54945,WI,3.85,39500,12/29/2009,,
54977,WI,3,28490,07/30/2009,,
54407,WI,2.88,25978.33,08/25/2009,,
53566,WI,10.8,79331,12/29/2009,,
53551,WI,7.2,54942.29,10/29/2009,,
54481,WI,3.675,29300,08/25/2009,,
54981,WI,8.64,69193.09,08/31/2009,,
53533,WI,9.8,87028,07/30/2009,,
54411,WI,2.8,24112.03,06/29/2009,,
53224,WI,2.94,24000,11/30/2009,,
53532,WI,3.45,25250,12/14/2009,,
54401,WI,9.945,79360,08/25/2009,,
54658,WI,6.3,50568.4,07/30/2009,,
54002,WI,3.68,44275,12/29/2009,,
53821,WI,1.26,8920.1,09/29/2009,,
53705,WI,2.07,19500,07/27/2009,,
54738,WI,3.6,45496.2,05/29/2009,,
53704,WI,8.64,108845,10/29/2009,,
53589,WI,5.76,57850,11/24/2009,,
53531,WI,7.36,69300,05/29/2009,,
53575,WI,9.84,76382,07/31/2009,,
53544,WI,4.14,36020,09/29/2009,,
53574,WI,6.3,51229.91,10/30/2009,,
53214,WI,28.08,219488,09/25/2009,,
54729,WI,1.47,15624,09/29/2009,,
54501,WI,6.3,51900,11/24/2009,,
54660,WI,7.995,74134.6,08/31/2009,,
53563,WI,10.2,75500,06/30/2009,,
53217,WI,5.04,41725,10/29/2009,,
54407,WI,5.76,50003.66,11/24/2009,,
54235,WI,1.82,10793,12/29/2009,,
54926,WI,2.8,21011.52,07/30/2009,,
53549,WI,21.384,168000,07/30/2009,,
53516,WI,7.38,56227.05,08/31/2009,,
53963,WI,2.88,32290,11/24/2009,,
54601,WI,28,194804.77,10/30/2009,,
53913,WI,2.88,31000,12/30/2009,,
53961,WI,5.76,62981.58,11/24/2009,,
53951,WI,5.76,55529,11/24/2009,,
53951,WI,8.64,91900,12/17/2009,,
54401,WI,3.78,35080,12/29/2009,,
53711,WI,3.78,33702,07/31/2009,,
53559,WI,8.05,54700,08/26/2009,,
53158,WI,5.4,43370,11/24/2009,,
54655,WI,2.464,17711.05,12/29/2009,,
54914,WI,1.64,11350,11/30/2009,,
53215,WI,2.16,21045,09/30/2009,,
53051,WI,2.28,21410,07/30/2009,,
54020,WI,18.13,216575,05/28/2008,,
54466,WI,1.125,9889.98,12/29/2009,,
54235,WI,5.85,44294.18,07/30/2009,,
54962,WI,5.76,47811.3,08/25/2009,,
54481,WI,3,35016,06/29/2009,,
54110,WI,4.14,36500,12/29/2009,,
54750,WI,4,45700,09/25/2009,,
53705,WI,3.22,30160,10/28/2009,,
53562,WI,2.778,22370,12/29/2009,,
53154,WI,3.456,63560,12/29/2009,,
53188,WI,2.94,24000,12/21/2009,,
53703,WI,3.78,34000,07/30/2009,,
53704,WI,1.8,4484,12/04/2002,,
54909,WI,2.8,39987.74,09/27/2007,,
53126,WI,11,88154.57,10/29/2004,,
54665,WI,12.6,92112,10/28/2009,,
53402,WI,16.125,134583,05/29/2009,,
54170,WI,14.7,99286,08/19/2009,,
53913,WI,5.76,57700,10/29/2009,,
53072,WI,10.88,141260,12/14/2009,,
54956,WI,0.525,3845,12/29/2009,,
53142,WI,3.024,24000,12/30/2009,,
54406,WI,5.76,47406.35,10/29/2009,,
53151,WI,1.08,10800,12/29/2009,,
53718,WI,9.84,84185,05/29/2009,,
53216,WI,4.62,43100,06/29/2009,,
54984,WI,2.88,27737.15,09/30/2009,,
53072,WI,7.2,68940,10/29/2009,,
53142,WI,4.32,39725.22,09/29/2009,,
53094,WI,9.03,79300,06/30/2009,,
53036,WI,14.24,121446,08/18/2009,,
53085,WI,5.76,57948,10/29/2009,,
53924,WI,3.01,21796.81,08/25/2009,,
54241,WI,3.76,32500,09/29/2009,,
54768,WI,2.1,26000,12/29/2009,,
53118,WI,10.08,78984.5,10/28/2009,,
54467,WI,20,144942.72,11/24/2009,,
54814,WI,1.32,12403.01,07/30/2009,,
53037,WI,2.94,24000,11/12/2009,,
53821,WI,3.36,30010.78,10/29/2009,,
54407,WI,2.88,19762.75,12/29/2009,,
53508,WI,5.67,40750,12/29/2009,,
53704,WI,2.3,22734,12/29/2009,,
53213,WI,5.6,51264.27,11/12/2009,,
53566,WI,3.6,33660,07/27/2009,,
53716,WI,4.68,30935.4,09/28/2009,,
53036,WI,12.6,88200,11/12/2009,,
54930,WI,3.6,24547.43,08/18/2009,,
54426,WI,4.92,43466,09/29/2009,,
53212,WI,13.86,138600,10/29/2009,,
54406,WI,5.04,31696.88,12/29/2009,,
53092,WI,17.496,175950,12/29/2009,,
53593,WI,2.88,19910,12/29/2009,,
53703,WI,2.376,23432,09/29/2009,,
54495,WI,5.88,44979.43,12/29/2009,,
54140,WI,5.33,44970,05/29/2009,,
53105,WI,2.688,24250,12/29/2009,,
53561,WI,3.584,23786,11/30/2009,,
53154,WI,17.496,175950,12/29/2009,,
53115,WI,12.544,90956,08/25/2009,,
53703,WI,1.84,13462,12/29/2009,,
54209,WI,6.56,64291.7,12/29/2009,,
54208,WI,5.16,22800,12/21/2009,,
54631,WI,14.4,112450,09/28/2009,,
53575,WI,5.76,55000,12/29/2009,,
53588,WI,4.928,35840,12/29/2009,,
54639,WI,3.584,23041.03,11/23/2009,,
53559,WI,13.68,108228,05/29/2009,,
53156,WI,3.45,25355,09/29/2009,,
54491,WI,3.29,29812,10/30/2009,,
53097,WI,9.8,102630,11/23/2009,,
53211,WI,5.4,47508,07/30/2009,,
53963,WI,5.98,41400,12/29/2009,,
53212,WI,5.46,52416,12/29/2009,,
53020,WI,2.88,31293,09/25/2009,,
54558,WI,7,76321.8,09/28/2009,,
54927,WI,4.56,37590,07/30/2009,,
54001,WI,3.68,27699.48,12/29/2009,,
53716,WI,3.168,28400,12/29/2009,,
54138,WI,2.87,22175,08/25/2009,,
54981,WI,12.075,88329,06/30/2009,,
54729,WI,10.12,138733,11/24/2009,,
53588,WI,4.9,48957.31,06/29/2009,,
54423,WI,8.64,70230.3,12/29/2009,,
54911,WI,5.33,28840,11/24/2009,,
54558,WI,2.8,29039.2,08/31/2009,,
53589,WI,1.225,12630,07/31/2009,,
54915,WI,4,29973.21,07/31/2009,,
53548,WI,2.45,20432.19,10/29/2009,,
54806,WI,2.1,20260,05/29/2009,,
53149,WI,5.74,50260,07/30/2009,,
54407,WI,5.76,52377.82,11/24/2009,,
53562,WI,3.99,35667,11/24/2009,,
54220,WI,7.128,57800,07/30/2009,,
54977,WI,2.88,26469.12,11/24/2009,,
53598,WI,8.064,39400,07/30/2009,,
53188,WI,6.534,54325,06/30/2009,,
54101,WI,6.11,44300,11/24/2009,,
53547,WI,10.2,77220,08/25/2009,,
54913,WI,3.96,29800,05/29/2009,,
54639,WI,8.4,88504.99,10/29/2009,,
54639,WI,1.792,13525.7,11/23/2009,,
54126,WI,15.75,111565,12/29/2009,,
53097,WI,25.85,250000,12/29/2009,,
53147,WI,7.2,48301,10/29/2009,,
53546,WI,2.88,35350,10/29/2009,,
53211,WI,17.01,131354.59,12/29/2009,,
54981,WI,8.4,58210,12/14/2009,,
53021,WI,6.336,47731,08/26/2009,,
54426,WI,5.535,41424.58,08/31/2009,,
53901,WI,11.52,116000,12/29/2009,,
53185,WI,9.36,70000,08/31/2009,,
53582,WI,3.36,31132.74,10/29/2009,,
53575,WI,6.21,52934,07/30/2009,,
53590,WI,8.6,59500,05/29/2009,,
54915,WI,1.64,11350,11/30/2009,,
53027,WI,18.9,150353.92,09/29/2009,,
53590,WI,47.355,345414,10/29/2009,,
54202,WI,2.46,24141.57,08/26/2009,,
54701,WI,5.76,46940.34,09/28/2009,,
53807,WI,5.76,55930,08/31/2009,,
54016,WI,3.44,31704,11/30/2009,,
53029,WI,7.38,57413,08/26/2009,,
54423,WI,1.4,7800,08/25/2009,,
53705,WI,2.94,26982,12/29/2009,,
54956,WI,28,235337,08/19/2009,,
54170,WI,15.75,110044,05/29/2009,,
53120,WI,2.96,28924,12/29/2009,,
53086,WI,4.92,37986,06/29/2009,,
53717,WI,4.41,37110,08/26/2009,,
54011,WI,4,35648.13,10/29/2009,,
54208,WI,4.752,29189.28,12/29/2009,,
54729,WI,3.36,48848.95,09/29/2009,,
53583,WI,7.36,61880.15,06/29/2009,,
53545,WI,3.2,33980,07/27/2009,,
54449,WI,2.856,21556,12/29/2009,,
53705,WI,2.46,25100,07/30/2009,,
54406,WI,5.76,47490.49,08/25/2009,,
53037,WI,11.52,119832,05/29/2009,,
53222,WI,2.88,28074,07/30/2009,,
53222,WI,2.99,23980,10/29/2009,,
53578,WI,4.48,26215,12/29/2009,,
54022,WI,3.87,40000,11/24/2009,,
53075,WI,7.2,69373.34,06/26/2007,,
54135,WI,2.6,13732.47919,05/02/2014,,
53015,WI,2.76,16131.10063,12/19/2014,,
53207,WI,1.87,7853.042066,09/05/2014,,
53913,WI,5.79,23102.76068,12/18/2014,,
53532,WI,3.5,20498.85068,06/30/2014,,
54454,WI,8.89,40713.13208,10/17/2014,,
54981,WI,7.6,17175.6226,04/26/2014,,
53023,WI,1.89,7145.910239,09/05/2014,,
54234,WI,2.47,10718.44268,10/21/2014,,
53597,WI,7.41,24885.07631,06/26/2014,,
54515,WI,9.22,26971.66881,09/11/2014,,
53057,WI,4,11941.28625,05/28/2014,,
54942,WI,6.5,33430.07159,06/12/2014,,
54454,WI,10.87,43553.97169,12/19/2014,,
53029,WI,1.94,12909.38273,09/10/2014,,
54406,WI,3.58,14530.50159,08/14/2014,,
53572,WI,2.3,22138.71901,06/18/2014,,
54220,WI,2.96,15687.1875,09/03/2014,,
53949,WI,1.24,9147.958577,09/15/2014,,
53556,WI,4.47,21173.1685,12/10/2014,,
53207,WI,2.85,12293.80448,10/04/2014,,
53189,WI,3.54,14487.74871,09/05/2014,,
54241,WI,4.3,15881.14882,02/28/2014,,
54311,WI,15.072,54079.17456,09/18/2014,,
53805,WI,6,19882.24161,05/19/2014,,
53575,WI,3.95,14939.57318,08/25/2014,,
53816,WI,5.62,24866.78701,10/29/2014,,
54139,WI,4.6,16144.46612,04/15/2014,,
53207,WI,5.7,23007.14566,09/25/2014,,
53711,WI,6.03,27310.34191,07/22/2014,,
54406,WI,4.61,11982.99251,04/18/2014,,
54106,WI,10.3,32779.00042,11/12/2014,,
54660,WI,4.68,10469.17657,10/22/2014,,
54241,WI,5.4,16944.84707,01/21/2014,,
53207,WI,2.85,12567.00014,10/04/2014,,
53711,WI,4.98,26128.89761,07/22/2014,,
54652,WI,5.928,11167.90899,09/08/2014,,
53566,WI,8.15,23770.01613,10/06/2014,,
53560,WI,7.41,32446.70071,12/19/2014,,
54113,WI,5.3,27036.06719,05/30/2014,,
54935,WI,2.96,16955.08072,10/07/2014,,
53042,WI,12.35,37189.50636,10/07/2014,,
54447,WI,4.47,22891.77675,09/12/2014,,
53119,WI,3.58,19802.69674,10/14/2014,,
53207,WI,3.72,15116.31033,09/10/2014,,
53204,WI,3.75,17092.4244,08/29/2014,,
54893,WI,4.52,17558.38866,11/06/2014,,
53024,WI,6.09,23546.6737,10/16/2014,,
53704,WI,3.01,15906.23622,08/14/2014,,
54520,WI,2.72,14138.37369,10/15/2014,,
54423,WI,9.88,41976.41271,10/20/2014,,
53550,WI,2.4,7209.551576,05/16/2014,,
53207,WI,1.71,7950.5089,09/02/2014,,
54669,WI,7.73,34253.05189,10/10/2014,,
53130,WI,5.13,20813.15258,12/10/2014,,
54480,WI,4.47,11252.45045,10/14/2014,,
54891,WI,2.79,14869.41093,09/26/2014,,
54481,WI,5.93,22009.20034,10/13/2014,,
53582,WI,2.68,5584.133349,12/12/2014,,
54665,WI,4.45,15484.41068,10/18/2014,,
54481,WI,4.85,20541.27222,10/02/2014,,
53533,WI,8.22,52174.02858,12/15/2014,,
54763,WI,4,19965.47134,06/30/2014,,
53593,WI,5.1,24353.68349,06/04/2014,,
54208,WI,8.9,33286.33544,05/02/2014,,
54601,WI,5.01,17273.7432,06/28/2014,,
53593,WI,8.04,36265.22763,10/15/2014,,
54759,WI,3.96,17822.50682,09/02/2014,,
53572,WI,9.09,27648.75499,09/18/2014,,
54481,WI,2.8,15762.49786,05/16/2014,,
53704,WI,3.71,8486.390564,12/15/2014,,
53211,WI,3.7,16603.29431,06/22/2014,,
53154,WI,2.76,15178.4471,08/18/2014,,
53118,WI,7.29,27781.41552,06/27/2014,,
53139,WI,3.79,15061.87952,11/25/2014,,
53132,WI,3.75,12340.29198,12/05/2014,,
53558,WI,7.54,32039.1837,08/26/2014,,
54830,WI,5,16607.26734,06/04/2014,,
53207,WI,3.71,16328.6784,09/18/2014,,
53593,WI,5.7,22062.62097,05/08/2014,,
53711,WI,5.2,20850.48091,05/20/2014,,
53934,WI,3.46,15779.08785,07/21/2014,,
53063,WI,7.4,35369.90371,06/20/2014,,
53528,WI,12.54,51139.25658,09/30/2014,,
54495,WI,4.56,12288.80742,09/19/2014,,
54484,WI,9.04,23670.51687,09/10/2014,,
53554,WI,12.18,35555.50327,09/10/2014,,
53813,WI,7.209,22668.54174,05/06/2014,,
53559,WI,5.4,21767.24066,06/10/2014,,
53137,WI,1.98,10820.79765,07/03/2014,,
53556,WI,4.15,5620.912326,09/04/2014,,
54401,WI,4.52,24335.28076,08/14/2014,,
53593,WI,5.53,19661.31436,08/21/2014,,
53202,WI,3.46,19995.13018,10/15/2014,,
53593,WI,9.6,32788.78184,05/23/2014,,
53147,WI,9.62,37077.87551,07/10/2014,,
53593,WI,4.547,15505.18311,09/10/2014,,
54479,WI,10.08,37659.15803,07/28/2014,,
54455,WI,20.28,77500.82147,10/08/2014,,
53704,WI,2.2,9955.540917,09/17/2014,,
53222,WI,3.28,11409.62829,12/18/2014,,
53504,WI,5.37,21451.80904,07/07/2014,,
53593,WI,7,33806.91353,06/26/2014,,
54769,WI,5.9,31198.64289,02/04/2014,,
53144,WI,4.22,13729.57727,10/27/2014,,
54141,WI,5.93,31058.55715,10/22/2014,,
53073,WI,8.9,29367.64794,06/11/2014,,
54467,WI,4.35,22186.06047,12/05/2014,,
54311,WI,2.96,9746.683415,09/04/2014,,
53024,WI,2.4,8963.156728,06/12/2014,,
53210,WI,4.9,24027.85816,05/18/2014,,
54235,WI,8.15,35831.08824,08/29/2014,,
53703,WI,3.52,15883.42061,07/15/2014,,
53207,WI,2.28,9309.59063,10/15/2014,,
53528,WI,13.3,54676.16444,05/01/2014,,
53950,WI,5.071,23821.70183,08/04/2014,,
53073,WI,6.56,23600.51518,10/16/2014,,
53042,WI,7.07,25878.00817,08/21/2014,,
54660,WI,4.67,9523.533671,11/17/2014,,
53528,WI,5.8,24311.46371,05/01/2014,,
54482,WI,7.41,32109.34563,11/07/2014,,
53589,WI,3.75,12357.40219,09/25/2014,,
53129,WI,7.41,32152.33684,10/24/2014,,
53209,WI,5.8,24886.44744,01/21/2014,,
53811,WI,2.88,13412.00198,12/10/2014,,
54665,WI,2.96,11715.50711,10/17/2014,,
53211,WI,3.81,16915.25957,08/08/2014,,
54601,WI,3.77,31303.76127,09/05/2014,,
53207,WI,3.2,13516.24964,06/20/2014,,
53523,WI,3.58,16557.91638,11/19/2014,,
53951,WI,4.52,25844.624,09/11/2014,,
53014,WI,8.03,52239.90961,07/25/2014,,
53913,WI,4.03,19164.43749,07/31/2014,,
54022,WI,3.59,15677.47065,09/15/2014,,
53965,WI,2.6,10197.85846,05/05/2014,,
53581,WI,11.5,45050.19244,06/27/2014,,
53717,WI,6.635,24943.55307,09/23/2014,,
53718,WI,5.4,29119.4728,02/06/2014,,
53211,WI,3.99,16262.12094,10/08/2014,,
54961,WI,4.6,20619.03485,06/04/2014,,
54986,WI,3.71,15554.20519,10/28/2014,,
54304,WI,3,12582.14213,04/04/2014,,
53597,WI,5.81,21135.57848,06/26/2014,,
54449,WI,7.904,29762.37339,10/11/2014,,
54935,WI,4.446,23099.98883,10/06/2014,,
53582,WI,5.37,5458.562813,12/16/2014,,
53811,WI,8.7,31222.05991,06/03/2014,,
53508,WI,6,25286.11136,04/30/2014,,
54021,WI,8.97,36196.96434,09/06/2014,,
53058,WI,2.73,24324.43769,07/22/2014,,
54115,WI,4.8,18126.95149,06/05/2014,,
53027,WI,2.2,8839.992784,06/05/2014,,
53825,WI,14.06,28907.17117,09/01/2014,,
53704,WI,3.77,17315.02098,10/06/2014,,
53589,WI,4,22441.51359,06/11/2014,,
54665,WI,3.23,10000.55628,10/01/2014,,
54665,WI,3.82,16598.89939,10/30/2014,,
53227,WI,5.7,22948.43504,10/02/2014,,
54447,WI,5.9,32846.03611,06/13/2014,,
53521,WI,3.58,22648.96802,11/17/2014,,
53207,WI,2.7,10429.20497,06/20/2014,,
54166,WI,5.7,27908.5525,06/06/2014,,
54872,WI,5.2,23285.5082,05/27/2014,,
53207,WI,5.99,31676.67262,08/08/2014,,
53207,WI,3.42,13905.13573,09/03/2014,,
53705,WI,4,21367.53009,01/06/2014,,
53597,WI,6.09,21632.02422,08/13/2014,,
53562,WI,6.9,23402.14269,06/30/2014,,
53913,WI,2.29,10306.54539,10/01/2014,,
54614,WI,2.88,26401.57075,12/11/2014,,
53217,WI,3.75,13060.14234,12/11/2014,,
53051,WI,6,21140.58197,02/13/2014,,
53901,WI,5.5,20333.76964,09/19/2014,,
54665,WI,1.8,8088.519943,04/26/2014,,
54110,WI,5.19,24196.65094,12/03/2014,,
53207,WI,3.7,16120.57111,06/27/2014,,
54968,WI,2.7,18110.95082,05/07/2014,,
53503,WI,5.37,31130.34579,10/13/2014,,
54984,WI,5.48,22636.9383,11/28/2014,,
54130,WI,3.71,14407.58109,10/06/2014,,
54966,WI,6.18,25144.3531,12/12/2014,,
54843,WI,2.91,19891.19064,09/26/2014,,
53959,WI,3.8,17481.33404,06/16/2014,,
53078,WI,4.22,17448.62761,10/09/2014,,
53207,WI,3.77,20071.38126,08/08/2014,,
54423,WI,3.6,24136.16007,06/16/2014,,
54107,WI,3.69,15105.52619,10/21/2014,,
53703,WI,3.52,16865.49417,08/26/2014,,
53215,WI,2.28,9800.38963,09/05/2014,,
53818,WI,5.29,19821.64097,10/28/2014,,
53703,WI,5.4,20823.64592,06/20/2014,,
53711,WI,4.9,25369.99231,04/25/2014,,
53704,WI,3.8,11759.10841,02/25/2014,,
53226,WI,5.13,20531.68698,09/17/2014,,
53219,WI,2.45,11914.8232,09/05/2014,,
53021,WI,9.9,90328.86477,05/22/2014,,
53045,WI,3.64,12567.62614,07/14/2014,,
53089,WI,9.7,45036.28949,11/12/2014,,
53139,WI,3.79,15061.87952,11/25/2014,,
53061,WI,4.61,21216.88682,04/16/2014,,
54482,WI,4.92,16792.60609,07/29/2014,,
53566,WI,7.4,25866.66315,06/25/2014,,
53103,WI,4.2,17204.94537,01/15/2014,,
54423,WI,4.85,24073.73879,11/10/2014,,
54913,WI,6.03,24066.14427,10/07/2014,,
53151,WI,2.8,7464.539569,06/03/2014,,
53901,WI,3.7,28933.93399,04/11/2014,,
53029,WI,3.62,10930.09864,07/22/2014,,
54141,WI,7.28,22733.06912,10/15/2014,,
54401,WI,3.8,19305.07945,05/05/2014,,
53562,WI,1.7,8484.406557,06/03/2014,,
54161,WI,2.47,10864.76188,10/12/2014,,
54423,WI,6.31,23379.91467,10/20/2014,,
54401,WI,6,18719.75299,08/11/2014,,
53213,WI,1.81,5040.968945,12/22/2014,,
53590,WI,3.64,12678.91442,07/29/2014,,
53207,WI,4.56,18486.24132,12/18/2014,,
53711,WI,5.7,29010.57405,01/30/2014,,
53533,WI,7.5,26128.89761,07/28/2014,,
53207,WI,1.9,8751.592856,06/25/2014,,
54739,WI,4.2,20361.78113,06/23/2014,,
53063,WI,7.21,55617.01037,12/16/2014,,
53121,WI,4.92,27802.14471,10/16/2014,,
53534,WI,3.1318,15629.50305,09/05/2014,,
53959,WI,5.9,27065.27678,06/11/2014,,
53147,WI,5.89,17724.81446,10/20/2014,,
53073,WI,18.81,63812.12384,10/20/2014,,
53560,WI,4.94,17791.13062,08/26/2014,,
54157,WI,3.88,16950.0954,10/30/2014,,
54130,WI,5.3,19417.81705,07/08/2014,,
54521,WI,2.6,23219.15445,05/06/2014,,
54648,WI,11.02,28581.48018,10/16/2014,,
54893,WI,4.5,16638.19218,05/20/2014,,
53703,WI,5.93,25176.96498,11/06/2014,,
53190,WI,5.4,32363.51429,01/15/2014,,
53594,WI,5.43,18310.09128,10/31/2014,,
54115,WI,1.92,9297.976295,11/04/2014,,
53149,WI,7.56,29359.23858,07/31/2014,,
53207,WI,3.99,15248.1064,10/17/2014,,
53139,WI,3.79,15061.87952,11/25/2014,,
54644,WI,9.4,48329.70729,10/23/2014,,
54646,WI,4.9,18382.43861,07/11/2014,,
54171,WI,4,14253.24679,06/11/2014,,
53581,WI,13.42,58652.31539,10/27/2014,,
53119,WI,8.05,31330.61438,09/29/2014,,
54230,WI,3.71,7861.005565,10/20/2014,,
53559,WI,4.21,6699.156818,07/16/2014,,
54767,WI,2.58,8401.27127,07/17/2014,,
54893,WI,4.9,11110.19685,07/25/2014,,
53402,WI,3.5,18355.40075,06/30/2014,,
53211,WI,2.8,18225.38815,05/12/2014,,
53504,WI,7,19666.5008,06/09/2014,,
53216,WI,1.71,7879.895173,09/29/2014,,
53711,WI,2.78,16527.84207,11/17/2014,,
54873,WI,4.8,12192.23724,06/18/2014,,
54022,WI,5.5,15533.65745,07/03/2014,,
54960,WI,4.52,25067.6844,07/29/2014,,
54830,WI,4.52,10940.81378,08/21/2014,,
